dataset,experiment,method,median_fresh_call_s,n_unique,n_dropped_calls,run_time_s_clean,run_time_s_raw
BACE,A,Random,2.0779967499984195,100,0,250.17812359993695,250.17961629998172
BACE,A,Random,1.9274967500095954,100,0,258.50866199997836,258.51040070000454
BACE,A,Random,2.095234899999923,100,0,249.0792800000636,249.08080250001512
BACE,A,Random,2.1533278999850154,100,0,273.42564460021094,273.4271857999847
BACE,A,Random,2.3571339000045555,100,0,274.6151395998895,274.6166929999599
BACE,A,Random,1.7440943499823334,100,0,251.2920219998632,251.29354300000705
BACE,A,Random,2.090208800000255,100,0,252.48137719978695,252.48300109998672
BACE,A,Random,1.788728399988031,100,0,229.66012639988912,229.66184929999872
BACE,A,Random,1.594670149992453,100,0,216.02914169995347,216.03074609997566
BACE,A,Random,1.5803556999890134,100,0,260.4732077998924,260.4747825000086
BACE,A,Random,1.7659539000014775,100,0,226.74554609993356,226.7472248999693
BACE,A,Random,2.046924449998187,100,0,234.94405239989283,234.94569170000614
BACE,A,Random,2.186483550016419,100,0,254.17729410002357,254.1789545000065
BACE,A,Random,1.9260347499948693,100,0,228.0211572999251,228.0227034999698
BACE,A,Random,1.7261490500095533,100,0,223.348345999897,223.35017220003647
BACE,A,Random,2.1534021999832476,100,0,292.6378117997956,292.6395343999902
BACE,A,Random,1.7923987999965902,100,0,258.01152590021957,258.01324070000555
BACE,A,Random,1.899425350013189,100,0,262.07132010028,262.07292139998754
BACE,A,Random,1.6635287999961292,100,0,253.74408229996334,253.74572470001294
BACE,A,Random,2.1577086000033887,100,0,269.3164267000102,269.31794089998584
BACE,A,Random,1.8006888499949127,100,0,250.30482690027566,250.30654340001638
BACE,A,Random,1.965906699988409,100,0,275.9491222000215,275.95082580001326
BACE,A,Random,2.2721253000054276,100,0,302.76983830012614,302.77150129998336
BACE,A,Random,1.9397271000198089,100,0,256.99839029993745,257.00007619996904
BACE,A,Random,2.406320699999924,100,0,284.0640978998563,284.0657097999938
BACE,A,Random,1.7326613499899395,100,0,241.81224430014845,241.81476199999452
BACE,A,Random,2.13429705001181,100,0,262.7217371001025,262.723424100026
BACE,A,Random,1.8190000999893527,100,0,258.2304259001685,258.2320860000036
BACE,A,Random,1.892638999997871,100,0,250.0617938998912,250.06336789997295
BACE,A,Random,2.032780149995233,100,0,233.27227140031755,233.2740336000279
BACE,B,Random,1.0385340499924496,100,0,136.44574720025412,136.45029939999222
BACE,B,Random,1.0339095999952406,100,0,146.71192310002516,146.7165207999933
BACE,B,Random,0.8913252499914961,100,0,113.4130241999519,113.417282600014
BACE,B,Random,0.850259200000437,100,0,114.98597069995594,114.99035469998489
BACE,B,Random,1.0769871499942383,100,0,136.86171869997634,136.86614570001257
BACE,B,Random,1.0200525500113145,100,0,120.19340540011763,120.19817820002208
BACE,B,Random,0.9772414500039304,100,0,121.6311371998745,121.63537989999168
BACE,B,Random,1.0946131000091555,100,0,145.79328979979618,145.79774570002337
BACE,B,Random,0.9780235000071116,100,0,138.77094009995926,138.77530820001266
BACE,B,Random,1.0430933499883395,100,0,137.9821096000378,137.98660000000382
BACE,B,Random,0.8833842000021832,100,0,111.83747340014088,111.84213800000725
BACE,B,Random,1.1341879000101471,100,0,152.54990869999165,152.55423619999783
BACE,B,Random,1.056543500017142,100,0,135.45651540003018,135.4613755000173
BACE,B,Random,0.808646299992688,100,0,110.96883289999096,110.97326259998954
BACE,B,Random,1.1766796500014607,100,0,142.54230409985757,142.5463991999859
BACE,B,Random,1.033201399986865,100,0,140.47024420002708,140.47451349999756
BACE,B,Random,0.9131644500157563,100,0,131.55514449990005,131.55940040000132
BACE,B,Random,0.9150903499976266,100,0,120.21257020012126,120.21683430002304
BACE,B,Random,0.9060118000052171,100,0,119.00484920016606,119.00900089999777
BACE,B,Random,1.0357293499837397,100,0,123.34257480024826,123.34683329999098
BACE,B,Random,0.884815700002946,100,0,107.26980509993155,107.27398880000692
BACE,B,Random,0.8941384500067215,100,0,118.06908009998733,118.07313889998477
BACE,B,Random,0.9326982999918982,100,0,125.98349320003763,125.98782800001209
BACE,B,Random,1.0315457499964396,100,0,134.8243911001773,134.82932929997332
BACE,B,Random,1.0039880000113044,100,0,135.05900439986726,135.06412940000882
BACE,B,Random,0.945011349991546,100,0,145.16758600005414,145.17211189999944
BACE,B,Random,0.9544957499892917,100,0,121.7880973998981,121.79377280001063
BACE,B,Random,1.0497006999939913,100,0,119.59615519983345,119.60056190003525
BACE,B,Random,1.0343755000067176,100,0,135.10757420002483,135.11199120001402
BACE,B,Random,0.9944372000027215,100,0,121.71014929990633,121.71437689999584
BBBP,A,Random,1.371927450003568,100,0,165.18842479996965,165.1900200000091
BBBP,A,Random,1.6654805499856593,100,0,199.0282613997406,199.02972369999043
BBBP,A,Random,1.155822900007479,100,0,150.04625329992268,150.04787129999022
BBBP,A,Random,1.4450189500057604,100,0,183.1464540998859,183.14792509999825
BBBP,A,Random,1.5873259500076529,100,0,207.6785810001893,207.6800292999833
BBBP,A,Random,1.0938284000003478,100,0,158.71078460020362,158.7123014999961
BBBP,A,Random,1.1631214500084752,100,0,142.28418470002362,142.28569300004165
BBBP,A,Random,1.123041299986653,100,0,146.9960881001898,146.99768600001698
BBBP,A,Random,1.1117191000084858,100,0,144.49587839990272,144.49740579997888
BBBP,A,Random,1.118318549997639,100,0,176.7496070000343,176.7511247000075
BBBP,A,Random,1.262922449997859,100,0,167.477773599996,167.47926940000616
BBBP,A,Random,1.5075825000094483,100,0,171.51185260005877,171.51337129998137
BBBP,A,Random,1.2673503499972867,100,0,159.95739860006142,159.95898790002684
BBBP,A,Random,1.4339649000030477,100,0,167.38819470012095,167.38960729999235
BBBP,A,Random,1.1618710500188172,100,0,146.9142129001557,146.91569359999266
BBBP,A,Random,1.3647309500083793,100,0,179.29592419986147,179.2975579999911
BBBP,A,Random,1.2903278000012506,100,0,175.38689559997874,175.38850649999222
BBBP,A,Random,1.15833630002453,100,0,144.93328430014662,144.93472590000601
BBBP,A,Random,1.1941253000113647,100,0,154.62489949999144,154.62631809999584
BBBP,A,Random,1.2890297500125598,100,0,157.1262023000163,157.1277495000104
BBBP,A,Random,1.1818477000051644,100,0,166.09924019980826,166.10091449998436
BBBP,A,Random,1.3739054500038037,100,0,177.89131940013613,177.89287430001423
BBBP,A,Random,1.7033510000183014,100,0,201.98049910002737,201.98205919997417
BBBP,A,Random,1.3748103999969317,100,0,166.18820219993358,166.18988219997846
BBBP,A,Random,1.5589345000043977,100,0,182.8439995001536,182.845538100024
BBBP,A,Random,1.4299795999831986,100,0,176.07265940011712,176.0743008000136
BBBP,A,Random,1.1497792000009213,100,0,145.1504546001961,145.15189919999102
BBBP,A,Random,1.5498517000087304,100,0,189.05119059991557,189.05275319999782
BBBP,A,Random,1.4980188999907114,100,0,174.08359420008492,174.08522979999543
BBBP,A,Random,1.3578379499958828,100,0,159.86814119998598,159.86972719998448
BBBP,B,Random,0.7105898000008892,100,0,90.47179769986542,90.4761884000036
BBBP,B,Random,0.6121518499858212,100,0,82.74170819981373,82.74639290000778
BBBP,B,Random,0.6584587499964982,100,0,80.38726940008928,80.39172829999006
BBBP,B,Random,0.6394389999913983,100,0,77.82618599984562,77.83054309998988
BBBP,B,Random,0.6562411000049906,100,0,78.87111199999345,78.87543409998761
BBBP,B,Random,0.6231814000057057,100,0,74.48611319993506,74.49053310000454
BBBP,B,Random,0.5598087999969721,100,0,76.58394159993622,76.58832650000113
BBBP,B,Random,0.580173950016615,100,0,73.28373319990351,73.28825330000836
BBBP,B,Random,0.7108404500031611,100,0,92.6130718999193,92.61725219999789
BBBP,B,Random,0.7049809000018286,100,0,86.13663130020723,86.14088529997389
BBBP,B,Random,0.6679946499934886,100,0,77.85537879989715,77.85947299998952
BBBP,B,Random,0.6462024500069674,100,0,81.15947440007585,81.16370989999268
BBBP,B,Random,0.7191553500015289,100,0,93.82403620023979,93.8283131000062
BBBP,B,Random,0.7097740000026533,100,0,87.00267239988898,87.0072370999842
BBBP,B,Random,0.5846821000013733,100,0,78.28816189986537,78.29273359998479
BBBP,B,Random,0.6813348499854328,100,0,95.90289569992456,95.90742259999388
BBBP,B,Random,0.6759391499945195,100,0,83.87388739991002,83.8782165000157
BBBP,B,Random,0.6668553999916185,100,0,75.565459100093,75.56988979998278
BBBP,B,Random,0.6002553499856731,100,0,67.71113389995298,67.71551010000985
BBBP,B,Random,0.6950410499994177,100,0,91.84906690006028,91.8535031999927
BBBP,B,Random,0.7288532499951543,100,0,95.47437679977156,95.47908109999844
BBBP,B,Random,0.6519009000039659,100,0,76.03641679996508,76.04080960000283
BBBP,B,Random,0.7245083499874454,100,0,85.3573999000655,85.36168580001686
BBBP,B,Random,0.7081220999971265,100,0,99.43828400009079,99.44284230002086
BBBP,B,Random,0.6325900499941781,100,0,88.03549369992106,88.03991299998597
BBBP,B,Random,0.6532337999960873,100,0,79.13903710013255,79.14342450001277
BBBP,B,Random,0.5993091499840375,100,0,81.27943609995418,81.28385249999701
BBBP,B,Random,0.7146805499942275,100,0,94.26837410003645,94.27260370002477
BBBP,B,Random,0.7440783499914687,100,0,93.13195560016902,93.13638110001921
BBBP,B,Random,0.6021495499880984,100,0,79.05424189998303,79.05874059998314
ESOL,A,Random,2.7422249999799533,100,0,390.90970229986124,390.91137270000763
ESOL,A,Random,3.1810871500056237,100,0,503.2809598000604,503.2826299999724
ESOL,A,Random,2.4516644999966957,100,0,402.0849173000315,402.0865691000072
ESOL,A,Random,3.2539612999971723,100,0,486.55022100004135,486.55215619999217
ESOL,A,Random,3.459509149994119,100,0,671.701264900039,671.7029744999891
ESOL,A,Random,2.522317449998809,100,0,438.56291199996485,438.56465870002285
ESOL,A,Random,2.8735874499980127,100,0,454.93115280001075,454.93290409998735
ESOL,A,Random,2.486259400000563,100,0,386.93418599976576,386.9358469999861
ESOL,A,Random,2.4640169000049355,100,0,410.2150781999517,410.2166635999747
ESOL,A,Random,2.459076350001851,100,0,646.6139333000756,646.6155967000232
ESOL,A,Random,2.8066989999933867,100,0,429.4336278999981,429.43515320000006
ESOL,A,Random,3.2704417500062846,100,0,436.24247239984106,436.24414179997984
ESOL,A,Random,2.606860650004819,100,0,464.9873274000129,464.98908650001977
ESOL,A,Random,2.756782700016629,100,0,466.3333184000221,466.3350608999899
ESOL,A,Random,2.2527610000106506,100,0,471.1525229999679,471.15438009999343
ESOL,A,Random,2.719107949989848,100,0,507.84708130019135,507.8487077000027
ESOL,A,Random,2.1346071000007214,100,0,503.16752509988146,503.16936319999513
ESOL,A,Random,2.558340950010461,100,0,462.1526369000494,462.1542976999772
ESOL,A,Random,2.483524399998714,100,0,505.2901400999981,505.2917488999956
ESOL,A,Random,2.6984130999917397,100,0,489.87270519987214,489.8744609999994
ESOL,A,Random,2.1589766000106465,100,0,480.6887575998844,480.69052069997997
ESOL,A,Random,3.3401842000021134,100,0,543.187432100036,543.1893175999867
ESOL,A,Random,2.8281588000099873,100,0,528.895755799982,528.8977267999726
ESOL,A,Random,2.3413336500088917,100,0,409.44090829993365,409.44261180001195
ESOL,A,Random,2.9659106500039343,100,0,534.076360099978,534.0779629999888
ESOL,A,Random,2.4840875000081724,100,0,373.9803661000915,373.9823230000038
ESOL,A,Random,3.088225350002176,100,0,434.09878340011346,434.10042530001374
ESOL,A,Random,2.7954994999890914,100,0,411.4915765999176,411.49338530001114
ESOL,A,Random,2.7439480500033824,100,0,386.5813828999817,386.58301559998654
ESOL,A,Random,2.600051449990133,100,0,357.8826093998505,357.88436450003064
ESOL,B,Random,1.279178149998188,100,0,212.9527197999996,212.95747039999696
ESOL,B,Random,1.6988239999918733,100,0,251.3511214000755,251.35565640000277
ESOL,B,Random,1.3916000999888638,100,0,220.79268200017395,220.7974938999978
ESOL,B,Random,1.4817000500042923,100,0,238.93061839981237,238.93540579997352
ESOL,B,Random,1.3619070000131615,100,0,224.34748949992354,224.35199940000894
ESOL,B,Random,1.6590222000086214,100,0,241.16096439995454,241.16584610001883
ESOL,B,Random,1.3181292499939445,100,0,272.6073973001039,272.6121380000259
ESOL,B,Random,1.6683309999934863,100,0,276.3831378998584,276.38810640000156
ESOL,B,Random,1.2437416500033578,100,0,216.29277589998674,216.29765750002116
ESOL,B,Random,1.5018643999937922,100,0,240.81497919996036,240.8196736999671
ESOL,B,Random,1.5548617000022205,100,0,240.33555370004615,240.34027069999138
ESOL,B,Random,1.6099508499901276,100,0,251.4879124998988,251.49263420002535
ESOL,B,Random,1.5117900000041118,100,0,223.4540427000029,223.45907039998565
ESOL,B,Random,1.8773308500094572,100,0,300.34249350015307,300.34728969997377
ESOL,B,Random,1.3850122500152793,100,0,220.19697940000333,220.20186199998716
ESOL,B,Random,1.4666282999969553,100,0,246.57850530007272,246.58337519998895
ESOL,B,Random,1.4517072500020731,100,0,218.67480360035552,218.67970099998638
ESOL,B,Random,1.4082333500118693,100,0,202.4277473000402,202.432828399993
ESOL,B,Random,1.563738149998244,100,0,239.18615250001312,239.1912897999864
ESOL,B,Random,1.474923450005008,100,0,239.7202972000814,239.7249474999844
ESOL,B,Random,1.520062349998625,100,0,283.4432203997858,283.448110599973
ESOL,B,Random,1.4658081499801483,100,0,258.04917339995154,258.0540096000186
ESOL,B,Random,1.4153450000012526,100,0,210.143360300106,210.14807460000156
ESOL,B,Random,1.1793725499883294,100,0,196.26446970005054,196.26924679998774
ESOL,B,Random,1.3704801499843597,100,0,266.0918973001244,266.0963426999806
ESOL,B,Random,1.8057451500062598,100,0,239.71430290010176,239.71901759997127
ESOL,B,Random,1.1358479500049725,100,0,185.07148450016393,185.07621530001052
ESOL,B,Random,1.3843627000023844,100,0,255.47301159991184,255.47766859998228
ESOL,B,Random,1.136915749986656,100,0,238.48531449993607,238.49011780001456
ESOL,B,Random,1.8302838500094367,100,0,254.6142852001649,254.61905819998356
FreeSolv,A,Random,1.6881185000092955,100,0,228.45754339991254,228.45925519999582
FreeSolv,A,Random,1.7673512499895878,100,0,267.76290440012235,267.7645716999832
FreeSolv,A,Random,1.637146599998232,100,0,229.04714280026383,229.04864580000867
FreeSolv,A,Random,1.653616850002436,100,0,247.5235387000139,247.52507400000468
FreeSolv,A,Random,1.892209850004292,100,0,335.7281293999986,335.7296603000141
FreeSolv,A,Random,1.4464898000005633,100,0,257.6960252998688,257.6976971999975
FreeSolv,A,Random,1.8119400499999756,100,0,252.18175580029492,252.1835129999963
FreeSolv,A,Random,1.43547134999244,100,0,218.67837110022083,218.67979139997624
FreeSolv,A,Random,1.4294489000021713,100,0,233.46793559982325,233.46949699998368
FreeSolv,A,Random,1.5334797999967122,100,0,286.28128089991515,286.28277269998216
FreeSolv,A,Random,1.7218705499981297,100,0,251.02780479996,251.02939630000037
FreeSolv,A,Random,1.7933555000054184,100,0,229.38273710000794,229.3844202000182
FreeSolv,A,Random,1.7388020000071265,100,0,251.17913080001017,251.18086139997467
FreeSolv,A,Random,1.674792649995652,100,0,220.1955307001772,220.19711859998642
FreeSolv,A,Random,1.3315454500116175,100,0,227.25104260005173,227.25256560000707
FreeSolv,A,Random,1.5503122499940218,100,0,256.603437599726,256.6049504999828
FreeSolv,A,Random,1.698723900015466,100,0,266.3325902002107,266.3340779999853
FreeSolv,A,Random,1.4923004000011133,100,0,239.29406780019053,239.29579010000452
FreeSolv,A,Random,1.4305131999863079,100,0,247.34588689991506,247.3474270000006
FreeSolv,A,Random,1.5347972500167089,100,0,241.03047460012021,241.03203949998715
FreeSolv,A,Random,1.3265971000073478,100,0,235.89258780010277,235.89425279997522
FreeSolv,A,Random,1.7666493499855278,100,0,280.9327354998968,280.9341959999874
FreeSolv,A,Random,1.7266336000029696,100,0,276.25731230009114,276.2589305000147
FreeSolv,A,Random,1.477813250006875,100,0,234.56582569994498,234.5674018000136
FreeSolv,A,Random,1.5471152500103926,100,0,276.8492634999857,276.85094350000145
FreeSolv,A,Random,1.4718857999978354,100,0,222.17013310000766,222.1716860999877
FreeSolv,A,Random,1.694984799993108,100,0,241.9433163998183,241.94484519999241
FreeSolv,A,Random,1.6738860999903409,100,0,243.4041837999539,243.40582580000046
FreeSolv,A,Random,1.4157320499944035,100,0,217.06846690017846,217.0700072000036
FreeSolv,A,Random,1.5869792499870528,100,0,204.53040770016378,204.53213530001813
FreeSolv,B,Random,0.9752734000066994,100,0,133.6940233000787,133.6980700000131
FreeSolv,B,Random,0.9263461499940604,100,0,143.33637329997146,143.34041780000553
FreeSolv,B,Random,0.7671741999947699,100,0,119.64287259994308,119.64690490000066
FreeSolv,B,Random,0.7763043500017375,100,0,103.97921050037257,103.9830233999819
FreeSolv,B,Random,1.1299773999926401,100,0,141.54064710004604,141.5446062000119
FreeSolv,B,Random,0.9258635999867693,100,0,127.55853429995477,127.56261679998715
FreeSolv,B,Random,0.7655403999960981,100,0,118.35362069981056,118.35778580000624
FreeSolv,B,Random,0.9216182499949355,100,0,140.856939299847,140.8609690000012
FreeSolv,B,Random,0.9338859999988927,100,0,128.32052829972235,128.3245889999962
FreeSolv,B,Random,0.8361053999979049,100,0,118.09109810020891,118.09526130001177
FreeSolv,B,Random,0.8840177500096615,100,0,126.74185010016663,126.74604650001856
FreeSolv,B,Random,0.952943949989276,100,0,130.31910379996407,130.32304970000405
FreeSolv,B,Random,0.8936841499962611,100,0,136.17128599999705,136.17536049999762
FreeSolv,B,Random,0.7190589000238106,100,0,116.20957140024984,116.21390960001736
FreeSolv,B,Random,0.8481283000000985,100,0,135.85198730029515,135.85610150001594
FreeSolv,B,Random,0.9222140000056243,100,0,123.19821910010069,123.20228959998349
FreeSolv,B,Random,0.8799943999911193,100,0,120.47076799991191,120.47465370001737
FreeSolv,B,Random,0.8763366000057431,100,0,116.17447469991748,116.17842529999325
FreeSolv,B,Random,0.8559275500010699,100,0,125.21400599982007,125.21800600001006
FreeSolv,B,Random,0.8904635999933816,100,0,134.33363569973153,134.33779730001697
FreeSolv,B,Random,0.6771344000007957,100,0,111.272881800076,111.27676570002222
FreeSolv,B,Random,0.7184207499958575,100,0,117.54040570004145,117.54431500000646
FreeSolv,B,Random,0.9632877499971073,100,0,127.56125409988454,127.56508530001156
FreeSolv,B,Random,1.0866898499953095,100,0,143.80281480011763,143.80712659997516
FreeSolv,B,Random,0.7818824999994831,100,0,117.20181850009249,117.20585749996826
FreeSolv,B,Random,0.9333538499922724,100,0,130.22858030011412,130.23271219996968
FreeSolv,B,Random,0.9138466499862261,100,0,134.54193970019696,134.546232600027
FreeSolv,B,Random,1.0885319500084734,100,0,139.3364956000005,139.34087720001116
FreeSolv,B,Random,0.8939638000010746,100,0,120.15028199987137,120.15430989998276
FreeSolv,B,Random,0.7786120500095421,100,0,103.16456180013483,103.16852289999952
Lipophilicity,A,Random,11.439337749994593,100,0,1721.0257120000315,1721.0272838000092
Lipophilicity,A,Random,14.703249400001368,100,0,2113.761860099883,2113.76365540002
Lipophilicity,A,Random,11.047404099983396,100,0,1697.8172811000259,1697.8190523000085
Lipophilicity,A,Random,13.271185199992033,100,0,1964.6495901000453,1964.6514003000339
Lipophilicity,A,Random,12.854402750002919,100,0,2522.796326700016,2522.7981067000073
Lipophilicity,A,Random,10.656296750006732,100,0,1787.0430252999067,1787.044829999999
Lipophilicity,A,Random,13.390243449990521,100,0,2013.4393902999873,2013.4411474999797
Lipophilicity,A,Random,10.70780509999895,100,0,1820.0993866000208,1820.1013191000093
Lipophilicity,A,Random,11.573294599977089,100,0,2014.6616418001067,2014.6635877000226
Lipophilicity,A,Random,12.242371600004844,100,0,2165.7712884000503,2165.7731422000215
Lipophilicity,A,Random,13.521178199996939,100,0,2018.3997861000535,2018.4014757999976
Lipophilicity,A,Random,12.820151849999093,100,0,1919.1202568999142,1919.1220164999831
Lipophilicity,A,Random,12.367754899998545,100,0,1976.572603799781,1976.5742891999835
Lipophilicity,A,Random,9.80480694999278,100,0,1716.8968172999448,1716.898500500014
Lipophilicity,A,Random,9.561388649992296,100,0,1800.5303222998045,1800.532081000012
Lipophilicity,A,Random,11.768529649998527,100,0,2018.4749089996913,2018.4766097999818
Lipophilicity,A,Random,10.758842799987178,100,0,1930.432011399942,1930.4338322000112
Lipophilicity,A,Random,9.7810929499974,100,0,1698.0026802000066,1698.004543499992
Lipophilicity,A,Random,12.118795249989489,100,0,2127.344214199955,2127.3460367999796
Lipophilicity,A,Random,11.319548500003293,100,0,1730.2484237998142,1730.2503574000148
Lipophilicity,A,Random,10.478413849996286,100,0,1873.0955169998924,1873.0974289999867
Lipophilicity,A,Random,14.463877849993878,100,0,2261.617978400085,2261.619692499982
Lipophilicity,A,Random,13.157519750020583,100,0,2236.81236359998,2236.8141365000047
Lipophilicity,A,Random,10.58046444998763,100,0,1701.5934306997515,1701.595253699983
Lipophilicity,A,Random,13.191305700005614,100,0,2189.985834800056,2189.987871599995
Lipophilicity,A,Random,10.245623650000198,100,0,1549.0454504000081,1549.0472372999939
Lipophilicity,A,Random,13.173926699993899,100,0,1944.1072599999898,1944.1090892000066
Lipophilicity,A,Random,11.908460050006397,100,0,2005.5103269999963,2005.512203100021
Lipophilicity,A,Random,11.715905549994204,100,0,1760.2172386998718,1760.2191561000363
Lipophilicity,A,Random,11.985958899997058,100,0,1654.535180300125,1654.536915100005
Lipophilicity,B,Random,7.7913165999925695,100,0,1043.5742448998208,1043.5789087999729
Lipophilicity,B,Random,5.3782213999948,100,0,931.7626993999584,931.7676570999902
Lipophilicity,B,Random,4.971273499992094,100,0,858.7675431998214,858.7726342999958
Lipophilicity,B,Random,5.457894750012201,100,0,817.9418386001198,817.9468226999743
Lipophilicity,B,Random,6.748001150001073,100,0,1261.7984588000108,1261.803449100029
Lipophilicity,B,Random,6.538241049987846,100,0,1075.1334260999865,1075.1383578999958
Lipophilicity,B,Random,6.014670800010208,100,0,1006.8419651000877,1006.847214199981
Lipophilicity,B,Random,5.412887700003921,100,0,1015.2726402002154,1015.2780512000027
Lipophilicity,B,Random,5.832882600006997,100,0,905.7212195000029,905.7260334000166
Lipophilicity,B,Random,4.861729900003411,100,0,971.2530383001722,971.2583294999786
Lipophilicity,B,Random,5.312372050000704,100,0,850.909855700098,850.9147041999968
Lipophilicity,B,Random,4.8787372999941,100,0,996.6939791000623,996.6989878000168
Lipophilicity,B,Random,5.5664495499950135,100,0,810.3282617001096,810.3332815999747
Lipophilicity,B,Random,6.366525749996072,100,0,992.1164617999457,992.1211466999957
Lipophilicity,B,Random,5.5791113000013866,100,0,980.5019413999689,980.5067203000362
Lipophilicity,B,Random,5.5809696999931475,100,0,1059.1272050999396,1059.1317523999896
Lipophilicity,B,Random,5.713015500004985,100,0,845.5393762999738,845.543983999989
Lipophilicity,B,Random,4.965327499987325,100,0,834.9552713001904,834.960087000014
Lipophilicity,B,Random,5.068951150009525,100,0,956.737269300007,956.7420640999917
Lipophilicity,B,Random,4.728838950002682,100,0,840.4371633998235,840.4422073999885
Lipophilicity,B,Random,5.457169950008392,100,0,868.7514813999878,868.7560994999949
Lipophilicity,B,Random,6.0032135999936145,100,0,803.9526348000509,803.9572067000263
Lipophilicity,B,Random,6.064907599997241,100,0,942.1359290001856,942.1404407999944
Lipophilicity,B,Random,5.033476050011814,100,0,953.4353036998073,953.4402151000104
Lipophilicity,B,Random,4.749284250006895,100,0,811.0958003997221,811.1006254999957
Lipophilicity,B,Random,6.4300394500023685,100,0,1025.3429940998903,1025.3476765999803
Lipophilicity,B,Random,5.338886650002678,100,0,927.1807158000593,927.1857613000029
Lipophilicity,B,Random,5.396662800005288,100,0,785.246431999898,785.251306799968
Lipophilicity,B,Random,5.100884400002542,100,0,935.193966699735,935.198908099992
Lipophilicity,B,Random,6.48652745000436,100,0,945.2026330000372,945.2075488999835
BACE,A,TPE,3.099788349994924,100,0,316.75926119997166,316.76185939999414
BACE,A,TPE,2.509678400005214,100,0,283.03453119975165,283.03812759998254
BACE,A,TPE,1.0123780999856535,100,0,120.54419450002024,120.54663730002358
BACE,A,TPE,1.503980200010119,100,0,191.30708929998218,191.30961979998392
BACE,A,TPE,1.2394336500001373,100,0,150.5121005999099,150.5143262000056
BACE,A,TPE,2.901296349999029,100,0,308.669601499947,308.6719019000011
BACE,A,TPE,1.4491364500136115,100,0,155.08860729989829,155.09068419999676
BACE,A,TPE,2.151162199996179,100,0,220.92142310002237,220.92373309997492
BACE,A,TPE,1.036728850012878,100,0,138.01724839993403,138.01981389999855
BACE,A,TPE,0.7639994000055594,100,0,94.13553570001386,94.138531900011
BACE,A,TPE,1.1727408000006108,100,0,133.41380179981934,133.4162262000027
BACE,A,TPE,2.7555752500047674,100,0,279.3293341999233,279.33196849998785
BACE,A,TPE,1.203014449987677,100,0,144.03984170008334,144.04224660000182
BACE,A,TPE,1.0507187500043074,100,0,120.26429560003453,120.26687689998653
BACE,A,TPE,1.479516399980639,100,0,162.0337618998892,162.0361816000368
BACE,A,TPE,0.7164532500173664,100,0,89.17926200004877,89.18183850002242
BACE,A,TPE,5.077780149993487,100,0,487.53506939989165,487.53763290002826
BACE,A,TPE,2.7023243500007084,100,0,284.7984911999956,284.80103389997385
BACE,A,TPE,0.9100944499950856,100,0,104.97382389995619,104.97665450000204
BACE,A,TPE,3.0827422500005923,100,0,325.5412154000951,325.54350450000493
BACE,A,TPE,0.8564980500086676,100,0,117.5671946000075,117.56940989999566
BACE,A,TPE,1.0682288000098197,100,0,131.97683650002,131.9790835000167
BACE,A,TPE,2.57561374999932,100,0,269.8338436000631,269.8362225999881
BACE,A,TPE,2.040927499983809,100,0,240.04332500006421,240.04614559997572
BACE,A,TPE,0.9583185499941465,100,0,135.81662990013137,135.8194046000135
BACE,A,TPE,1.5211254999885568,100,0,187.3454995000211,187.34784120001132
BACE,A,TPE,1.1032872999930987,100,0,153.38340219980455,153.38573410001118
BACE,A,TPE,2.365188550000312,100,0,281.92038659992977,281.9248406000261
BACE,A,TPE,6.280606500004069,100,0,652.0074369000504,652.010380599997
BACE,A,TPE,2.826044349989388,100,0,300.6057918999577,300.60788739999407
BACE,B,TPE,0.7517376500181854,100,0,94.61816520005232,94.62892300001113
BACE,B,TPE,0.9439681499789003,100,0,112.33795310006826,112.34553099999903
BACE,B,TPE,0.9534993999986909,100,0,117.70640400005504,117.71400760003598
BACE,B,TPE,1.0720952499978011,100,0,130.81496579997474,130.8238246999972
BACE,B,TPE,0.7523600499989698,100,0,103.19535490020644,103.20627510000486
BACE,B,TPE,0.8301531500037527,100,0,108.00477679990581,108.01397170001292
BACE,B,TPE,0.5704659499897389,100,0,79.89310970011866,79.90052029996878
BACE,B,TPE,0.521822049995535,100,0,77.01757760008331,77.02489590001642
BACE,B,TPE,0.8532031000067946,100,0,105.1571567998617,105.16701900001499
BACE,B,TPE,0.642591200012248,100,0,81.27154839984723,81.28262579999864
BACE,B,TPE,0.567623349983478,100,0,71.6951429999317,71.70256050000899
BACE,B,TPE,0.7304700999957277,100,0,95.65778929984663,95.66672700000345
BACE,B,TPE,0.5386254499899223,100,0,73.81266810014495,73.82196899998235
BACE,B,TPE,1.272234350006329,100,0,169.5238888001768,169.534101199999
BACE,B,TPE,0.47866390000854153,100,0,72.37251649997779,72.38078960002167
BACE,B,TPE,1.0082967000053031,100,0,132.08253459981643,132.09127490001265
BACE,B,TPE,0.7087124500103528,100,0,91.50794640011736,91.51723759999732
BACE,B,TPE,1.4621587500005262,100,0,169.64271589982673,169.65359120001085
BACE,B,TPE,1.2830998499994166,100,0,164.33383319992572,164.34475350001594
BACE,B,TPE,1.4963233500166098,100,0,169.36768310004845,169.37727229998563
BACE,B,TPE,1.4683130999910645,100,0,164.0367273996235,164.04861369996797
BACE,B,TPE,1.274075499997707,100,0,153.1971942000091,153.20846470000106
BACE,B,TPE,1.0829380499926629,100,0,159.9993294996675,160.00864130002446
BACE,B,TPE,0.8551533999852836,100,0,111.79983700011508,111.8088948999939
BACE,B,TPE,1.0038391499983845,100,0,122.14210569986608,122.15243760001613
BACE,B,TPE,2.7361234499985585,100,0,305.5574021997163,305.5683330000029
BACE,B,TPE,1.0060606499901041,100,0,120.68592999994871,120.69675199995982
BACE,B,TPE,0.5046290499885799,100,0,70.25123480023467,70.26100359999691
BACE,B,TPE,1.9369211000012,100,0,226.40067120007006,226.40972090000287
BACE,B,TPE,0.8368562499817926,100,0,104.19845730002271,104.20835749999969
BBBP,A,TPE,4.6370318999979645,100,0,442.7204114997876,442.72243340002024
BBBP,A,TPE,1.2397673000086797,100,0,131.6095133999188,131.61142140001175
BBBP,A,TPE,1.7899385999917286,100,0,200.82037079992006,200.822508799989
BBBP,A,TPE,2.3470002499961993,100,0,253.14677969989134,253.14910619999864
BBBP,A,TPE,3.732360800000606,100,0,406.1320400001423,406.1344065000012
BBBP,A,TPE,3.057053899989114,100,0,333.29693720003706,333.2997844000056
BBBP,A,TPE,2.1857535499875667,100,0,225.16786409998895,225.1704541000072
BBBP,A,TPE,1.3473460000095656,100,0,164.5052062999457,164.50775160003104
BBBP,A,TPE,3.1531928000040352,100,0,347.94122530001914,347.9443523999653
BBBP,A,TPE,1.6559614500001771,100,0,182.29517590004252,182.29725139998482
BBBP,A,TPE,1.314567649998935,100,0,143.3255715999985,143.32837529998505
BBBP,A,TPE,3.3061637000064366,100,0,334.9106039000617,334.91375140001765
BBBP,A,TPE,1.9378109999961453,100,0,203.5424271999218,203.54411139996955
BBBP,A,TPE,1.9907241500040982,100,0,213.38648339975043,213.38898869999684
BBBP,A,TPE,1.4900704000028782,100,0,174.6979187000834,174.70045480001136
BBBP,A,TPE,2.28143600000476,100,0,227.8090261000325,227.8117334000126
BBBP,A,TPE,2.5172806500049774,100,0,280.84803559974534,280.85142290001386
BBBP,A,TPE,1.3401655500056222,100,0,150.67752729990752,150.68040350000956
BBBP,A,TPE,2.438350000011269,100,0,248.47186019987566,248.47392240000772
BBBP,A,TPE,2.638439649992506,100,0,257.95170859998325,257.95452850000584
BBBP,A,TPE,2.1966966000036336,100,0,262.98725630005356,262.989971700008
BBBP,A,TPE,2.183559299999615,100,0,231.27078800002346,231.27309469998
BBBP,A,TPE,1.5209236000082456,100,0,168.80928440004936,168.81190590001643
BBBP,A,TPE,2.741646349997609,100,0,285.2257229000679,285.227875600016
BBBP,A,TPE,1.7600529000046663,100,0,187.4213357999979,187.42311100001098
BBBP,A,TPE,2.0969425500079524,100,0,243.22926640001242,243.23133380000945
BBBP,A,TPE,2.046532449996448,100,0,209.10243530001026,209.10425939998822
BBBP,A,TPE,2.95751745000598,100,0,300.08143189991824,300.08329089998733
BBBP,A,TPE,3.357997400002205,100,0,336.7131896999199,336.7152012999868
BBBP,A,TPE,2.827305550003075,100,0,287.73405100009404,287.7359304000274
BBBP,B,TPE,1.0162266499974066,100,0,122.2370485001884,122.24584290001076
BBBP,B,TPE,1.0678916500037303,100,0,129.30070999992313,129.31187949999003
BBBP,B,TPE,1.2433082499919692,100,0,156.99683959968388,157.00807609999902
BBBP,B,TPE,0.9080464000144275,100,0,108.21532919994206,108.22667570001795
BBBP,B,TPE,1.785573100001784,100,0,194.13406940017012,194.14524830001756
BBBP,B,TPE,0.634387850004714,100,0,81.93086620006943,81.94020130002173
BBBP,B,TPE,1.1349737499986077,100,0,144.16728029993828,144.17984389999765
BBBP,B,TPE,1.444003699987661,100,0,179.5733976000338,179.58228210001835
BBBP,B,TPE,1.4171675500110723,100,0,154.33167869981844,154.34508490000735
BBBP,B,TPE,0.812047449988313,100,0,101.64900860009948,101.65938389999792
BBBP,B,TPE,1.5498773500148673,100,0,185.88101360021392,185.89459379998152
BBBP,B,TPE,0.703794699991704,100,0,85.1590565998631,85.16600080000353
BBBP,B,TPE,0.9624857500166399,100,0,124.84494260005886,124.85543890003464
BBBP,B,TPE,1.2330760499899043,100,0,150.6804257000622,150.69157039999845
BBBP,B,TPE,0.8119623999955365,100,0,97.37183090002509,97.3833992999862
BBBP,B,TPE,1.1045835000113584,100,0,136.96719870017841,136.9753972000035
BBBP,B,TPE,1.1865718499902869,100,0,145.9629755000351,145.97708869999042
BBBP,B,TPE,0.5993631500023184,100,0,73.71702069998719,73.72775949997595
BBBP,B,TPE,0.9909943000093335,100,0,127.41346449992852,127.42377019996638
BBBP,B,TPE,0.9364833500003442,100,0,116.45948189985938,116.47093770001084
BBBP,B,TPE,1.171347199997399,100,0,135.26976239986834,135.2812833999924
BBBP,B,TPE,1.4413385500083677,100,0,171.78386299981503,171.79557039999054
BBBP,B,TPE,1.8024242499959655,100,0,236.0249265000748,236.0380226999987
BBBP,B,TPE,0.7097770999971544,100,0,89.07228769999347,89.08217220002552
BBBP,B,TPE,1.2104297500045504,100,0,134.12672060009209,134.1397716999636
BBBP,B,TPE,1.2410721000051126,100,0,142.17994629999157,142.18842580000637
BBBP,B,TPE,1.4414270499983104,100,0,180.61334670023643,180.62348819998442
BBBP,B,TPE,1.7665054499957478,100,0,223.60531700006686,223.61410909998813
BBBP,B,TPE,1.0729930499946931,100,0,141.23323860016535,141.24296329997014
BBBP,B,TPE,1.1615540999919176,100,0,137.18740549994982,137.2000054999953
ESOL,A,TPE,12.324040099992999,100,0,1237.3539885001082,1237.356498500012
ESOL,A,TPE,24.074080500009586,100,0,2425.265962200094,2425.2683942999865
ESOL,A,TPE,3.283118999999715,100,0,382.42989150006906,382.4325041999691
ESOL,A,TPE,10.390426150013809,100,0,1110.6225956999988,1110.6257881999773
ESOL,A,TPE,11.750162099997397,100,0,1272.2869738000445,1272.289350099978
ESOL,A,TPE,9.262430550006684,100,0,1039.850890600006,1039.853697499988
ESOL,A,TPE,13.154179599994677,100,0,1271.542570199992,1271.5451328000054
ESOL,A,TPE,6.548206549996394,100,0,666.5201042001427,666.5228121000109
ESOL,A,TPE,5.473369749990525,100,0,611.1123075997748,611.1151750999852
ESOL,A,TPE,1.536003899993375,100,0,190.4982721999113,190.5005801000225
ESOL,A,TPE,6.983766599994851,100,0,762.9376470999559,762.9399716999906
ESOL,A,TPE,10.49162059999071,100,0,1089.6430033999786,1089.645214499993
ESOL,A,TPE,5.803200549999019,100,0,596.4341003998707,596.437014199968
ESOL,A,TPE,8.663872649995028,100,0,856.8185324997758,856.8214918000158
ESOL,A,TPE,17.370894550011144,100,0,1693.0883028999087,1693.0911961000238
ESOL,A,TPE,2.9248474499909207,100,0,332.46644150005886,332.46950509998715
ESOL,A,TPE,3.8282305999891832,100,0,431.9918717000983,431.99427239998477
ESOL,A,TPE,5.275011649995577,100,0,724.2747250999091,724.2778655999864
ESOL,A,TPE,6.775183499994455,100,0,717.0039417000662,717.0067478000128
ESOL,A,TPE,6.464015449993894,100,0,700.5677459000144,700.5705806999758
ESOL,A,TPE,11.032618850003928,100,0,1142.324738100171,1142.3281812999921
ESOL,A,TPE,29.93585440001334,100,0,2861.559971000068,2861.562178900029
ESOL,A,TPE,0.9753404999937629,100,0,144.99872990016593,145.00128830000176
ESOL,A,TPE,11.342503749998286,100,0,1046.3489852998755,1046.3515579999657
ESOL,A,TPE,9.511866649991134,100,0,866.6166482997942,866.6198548999964
ESOL,A,TPE,2.9036099999939324,100,0,324.09184380003717,324.09427299999516
ESOL,A,TPE,12.699543150010868,100,0,1296.5621453000058,1296.5644053000142
ESOL,A,TPE,4.432875699989381,100,0,505.9505133999628,505.9530693999841
ESOL,A,TPE,2.145667949997005,100,0,254.24513530006516,254.24768660002155
ESOL,A,TPE,2.2292840000009164,100,0,240.18143709978904,240.18422719999216
ESOL,B,TPE,1.2286780499998713,100,0,176.0944432001852,176.1051637000055
ESOL,B,TPE,1.9513923500053352,100,0,265.0112921000691,265.0239223999961
ESOL,B,TPE,0.3305104000028223,100,0,75.93131130002439,75.94469010000466
ESOL,B,TPE,1.92523879998771,100,0,290.56837369993445,290.5777297000168
ESOL,B,TPE,2.1028404499957105,100,0,296.7185899002361,296.7320891999989
ESOL,B,TPE,0.9603720999875804,100,0,168.38844050004263,168.39765319999424
ESOL,B,TPE,1.7394358500023372,100,0,324.8460924003448,324.8561201999837
ESOL,B,TPE,3.517105199993239,100,0,429.13469049998093,429.1470927000046
ESOL,B,TPE,2.1682385500025703,100,0,237.11190600009286,237.12397810001858
ESOL,B,TPE,4.371534299993073,100,0,532.4162559000542,532.4291189999785
ESOL,B,TPE,3.2709203499834985,100,0,387.44818879986997,387.45995939997374
ESOL,B,TPE,3.6264228000072762,100,0,395.906248500105,395.91648719998193
ESOL,B,TPE,1.0454031499975827,100,0,142.85876740017557,142.87113479999243
ESOL,B,TPE,2.834493000016664,100,0,344.3578227002581,344.3693043999956
ESOL,B,TPE,2.3597702999977628,100,0,345.91144930009614,345.92290740000317
ESOL,B,TPE,5.408503800004837,100,0,615.9408902999712,615.9518100000278
ESOL,B,TPE,4.997689449999598,100,0,511.7494495001447,511.76229300000705
ESOL,B,TPE,1.1738114000036148,100,0,163.77758759987773,163.79003380000358
ESOL,B,TPE,2.1407078999909572,100,0,262.52434430015273,262.5369826000242
ESOL,B,TPE,4.647244699997827,100,0,512.844407500088,512.8547255000158
ESOL,B,TPE,3.313464449995081,100,0,389.26757620013086,389.2783243000158
ESOL,B,TPE,2.7856945500097936,100,0,372.93363140008296,372.95048589998623
ESOL,B,TPE,2.0748562500084518,100,0,247.7209252998873,247.73029249999672
ESOL,B,TPE,2.6434361499996157,100,0,306.0299394998874,306.04219240002567
ESOL,B,TPE,5.749237550000544,100,0,570.4078454996925,570.4205751999689
ESOL,B,TPE,2.760566099997959,100,0,321.1544227000559,321.1644138999982
ESOL,B,TPE,2.144447250000667,100,0,256.47940889996244,256.48809150001034
ESOL,B,TPE,1.5088203500054078,100,0,208.63667690005968,208.64824069998576
ESOL,B,TPE,2.439756049992866,100,0,306.44349449992296,306.45486639998853
ESOL,B,TPE,4.518001350006671,100,0,497.6212450998719,497.6337686999759
FreeSolv,A,TPE,2.4643152999924496,100,0,259.69626879991847,259.6983448000101
FreeSolv,A,TPE,0.774376850007684,100,0,99.73135199994431,99.73352019998129
FreeSolv,A,TPE,0.8395839000004344,100,0,99.80353090004064,99.80566009998438
FreeSolv,A,TPE,0.7415725999890128,100,0,107.45345599998836,107.45579750000616
FreeSolv,A,TPE,2.8534043000108795,100,0,331.00590090005426,331.00766719999956
FreeSolv,A,TPE,0.8222554000094533,100,0,122.45919160009362,122.4610423000122
FreeSolv,A,TPE,0.3232253500027582,100,0,45.36977310004295,45.371669200016186
FreeSolv,A,TPE,0.5183567000058247,100,0,68.4037303001096,68.405403199984
FreeSolv,A,TPE,1.0460386499908054,100,0,155.91476560017327,155.9168185000308
FreeSolv,A,TPE,1.5070643499930156,100,0,163.68756250006845,163.68972330001998
FreeSolv,A,TPE,0.49241404999338556,100,0,68.73759979981696,68.73989419999998
FreeSolv,A,TPE,0.7778808000002755,100,0,93.51701330009382,93.51882920000935
FreeSolv,A,TPE,1.3059407500113593,100,0,156.34301849990152,156.34500669999397
FreeSolv,A,TPE,0.4740631499880692,100,0,67.72796410007868,67.72982570002205
FreeSolv,A,TPE,0.5830026999901747,100,0,78.8460465001117,78.8480138000159
FreeSolv,A,TPE,0.44605134999437723,100,0,62.1764176999277,62.178355100011686
FreeSolv,A,TPE,0.47129865000897553,100,0,61.300709700240986,61.303387099993415
FreeSolv,A,TPE,0.7812302000093041,100,0,115.30789629992796,115.31020529998932
FreeSolv,A,TPE,1.8011811500036856,100,0,214.43993419996696,214.44220789996325
FreeSolv,A,TPE,2.7318677500006743,100,0,295.0781163002248,295.08056490001036
FreeSolv,A,TPE,0.5046736500080442,100,0,82.89788780012168,82.90012149998802
FreeSolv,A,TPE,1.040672100003576,100,0,131.36851930010016,131.37051039998187
FreeSolv,A,TPE,0.5262389000126859,100,0,75.70653750002384,75.7082131000061
FreeSolv,A,TPE,1.082948099996429,100,0,131.51770169989322,131.52010760002304
FreeSolv,A,TPE,0.9405870000045979,100,0,122.79791639998439,122.79962830001023
FreeSolv,A,TPE,1.2485283999849344,100,0,163.48206140007824,163.48410689999582
FreeSolv,A,TPE,0.874047100005555,100,0,121.85433909995481,121.85690250000334
FreeSolv,A,TPE,0.4627800500020385,100,0,60.197466399898985,60.19940209999913
FreeSolv,A,TPE,0.3841071499919053,100,0,56.56889539991971,56.57084709999617
FreeSolv,A,TPE,0.8954685000062454,100,0,111.10967449995223,111.1117752000282
FreeSolv,B,TPE,0.4598610499961069,100,0,62.475916599913035,62.48512070000288
FreeSolv,B,TPE,0.6097853499959456,100,0,105.32487470004708,105.33266629997524
FreeSolv,B,TPE,0.4228482000035001,100,0,66.14324860015768,66.15037920000032
FreeSolv,B,TPE,0.712636600001133,100,0,87.08058919987525,87.08900630002609
FreeSolv,B,TPE,1.358731849992182,100,0,175.16808449980454,175.17678969999542
FreeSolv,B,TPE,0.3335862999956589,100,0,51.266743800078984,51.27342309997766
FreeSolv,B,TPE,0.9941648499952862,100,0,117.1947605999012,117.20164089996251
FreeSolv,B,TPE,0.5905006500106538,100,0,98.59201619989472,98.60048779999488
FreeSolv,B,TPE,0.3046679499966558,100,0,56.20511389983585,56.212573700002395
FreeSolv,B,TPE,0.5645909000013489,100,0,88.42870789993322,88.43680510003469
FreeSolv,B,TPE,1.356807399992249,100,0,162.00243689998752,162.00850890000584
FreeSolv,B,TPE,0.38429529999848455,100,0,53.05818129971158,53.0661928000045
FreeSolv,B,TPE,1.0151568500004942,100,0,118.53810440009693,118.54609930003062
FreeSolv,B,TPE,0.5509421500028111,100,0,79.36922320004669,79.37664959998801
FreeSolv,B,TPE,0.5332099499937613,100,0,69.70790559990564,69.71685359996627
FreeSolv,B,TPE,0.44013750001613516,100,0,60.452794599958,60.459209200023906
FreeSolv,B,TPE,1.1328446999978041,100,0,130.3384671001113,130.3456037999713
FreeSolv,B,TPE,0.7097165500017582,100,0,98.01944310002727,98.02639779998572
FreeSolv,B,TPE,0.8858867999952054,100,0,112.17340209998656,112.17974980000872
FreeSolv,B,TPE,2.0306163000059314,100,0,205.61967089996324,205.6289157999854
FreeSolv,B,TPE,0.8041082000127062,100,0,94.16805300000124,94.17640120000578
FreeSolv,B,TPE,0.619782550013042,100,0,84.46593050015508,84.47387800001889
FreeSolv,B,TPE,0.4218391000031261,100,0,63.74546170028043,63.75342530000489
FreeSolv,B,TPE,0.8269670000008773,100,0,106.10620290000224,106.11302000001888
FreeSolv,B,TPE,1.494207749987254,100,0,167.29722850001417,167.30392800000845
FreeSolv,B,TPE,0.42435469999327324,100,0,65.82747949971235,65.83381499996176
FreeSolv,B,TPE,0.4763489000033587,100,0,74.08245840008021,74.09074210000108
FreeSolv,B,TPE,1.7359517500153743,100,0,207.9675460002327,207.9739208999963
FreeSolv,B,TPE,0.713095949991839,100,0,97.46359369982383,97.47259359998861
FreeSolv,B,TPE,0.9798225999984425,100,0,125.97088700009044,125.97924220000277
Lipophilicity,A,TPE,11.47343379999802,100,0,1306.0002188998915,1306.0025591999874
Lipophilicity,A,TPE,7.865341050011921,100,0,963.3258390999399,963.3278770000034
Lipophilicity,A,TPE,18.04805495000619,100,0,2039.3952764000278,2039.3975378999894
Lipophilicity,A,TPE,21.618576699998812,100,0,2607.6974123999535,2607.699467999977
Lipophilicity,A,TPE,18.413935249991482,100,0,2196.0715528000146,2196.0737486999715
Lipophilicity,A,TPE,19.484905399993295,100,0,2203.952264300111,2203.9550567000115
Lipophilicity,A,TPE,6.850903200000175,100,0,836.9334084998118,836.9358342999767
Lipophilicity,A,TPE,28.830740400007926,100,0,2962.328817399859,2962.3309522999916
Lipophilicity,A,TPE,35.67407939999248,100,0,3521.15243610015,3521.1565129999944
Lipophilicity,A,TPE,10.061530150007457,100,0,1101.0439335999836,1101.0466989999695
Lipophilicity,A,TPE,6.518208699999377,100,0,863.7146214001405,863.7170748999924
Lipophilicity,A,TPE,7.292014349994133,100,0,977.0196466000052,977.0219579999975
Lipophilicity,A,TPE,47.33181769998919,100,0,4671.769950300048,4671.774039899989
Lipophilicity,A,TPE,17.88551115000155,100,0,1891.354496899934,1891.3566822999856
Lipophilicity,A,TPE,4.937959450006019,100,0,650.9812720999762,650.983831199992
Lipophilicity,A,TPE,13.678263099995092,100,0,1394.672272699885,1394.6746220000205
Lipophilicity,A,TPE,48.32462554999802,100,0,4648.597396099998,4648.599451100017
Lipophilicity,A,TPE,10.92241614998784,100,0,1206.8423664998845,1206.8449179999589
Lipophilicity,A,TPE,67.01219320000382,100,0,6274.610112299997,6274.614198700001
Lipophilicity,A,TPE,13.187560800011852,100,0,1694.0462428000756,1694.048398999992
Lipophilicity,A,TPE,22.17403564999404,100,0,2868.0961817000934,2868.0984094000014
Lipophilicity,A,TPE,20.40381139998499,100,0,2335.345631800068,2335.3484530000133
Lipophilicity,A,TPE,4.957261200004723,100,0,644.2726077998814,644.2749901000061
Lipophilicity,A,TPE,14.693361500001629,100,0,1620.9289526999346,1620.9309394999873
Lipophilicity,A,TPE,15.187159400011296,100,0,1939.8408755000273,1939.8437367999868
Lipophilicity,A,TPE,5.0241076499951305,100,0,722.6866600000649,722.6890919000143
Lipophilicity,A,TPE,36.173300099995686,100,0,3641.3296210000117,3641.333105700003
Lipophilicity,A,TPE,43.201934900003835,100,0,4290.552270299901,4290.556314800022
Lipophilicity,A,TPE,18.09151070000371,100,0,1908.7079383002128,1908.7103808000102
Lipophilicity,A,TPE,38.59950354999455,100,0,3891.49291359997,3891.4968108000176
Lipophilicity,B,TPE,23.645233749994077,100,0,2634.245692000084,2634.255664700002
Lipophilicity,B,TPE,8.914747450005962,100,0,1008.4648442999751,1008.4745194000134
Lipophilicity,B,TPE,4.381847999989986,100,0,531.2454108999227,531.256195199996
Lipophilicity,B,TPE,7.826244849988143,100,0,931.3245913001301,931.3336742999963
Lipophilicity,B,TPE,6.156146900015301,100,0,758.1341288999829,758.1495941999892
Lipophilicity,B,TPE,12.801998499999172,100,0,1437.1090495998797,1437.1195186999976
Lipophilicity,B,TPE,7.093963600011193,100,0,864.7807693999785,864.7925281999924
Lipophilicity,B,TPE,5.638416450005025,100,0,723.9150999000412,723.9267900999985
Lipophilicity,B,TPE,8.702045199999702,100,0,1071.2362276001077,1071.2459959000116
Lipophilicity,B,TPE,12.478332199985744,100,0,1334.605448399845,1334.6171670000185
Lipophilicity,B,TPE,14.047219300002325,100,0,1533.4828333999321,1533.4947338000056
Lipophilicity,B,TPE,8.484163499990245,100,0,1068.4048576000496,1068.4151988000085
Lipophilicity,B,TPE,5.301208549994044,100,0,631.8092000001634,631.8204953999957
Lipophilicity,B,TPE,11.024158600019291,100,0,1294.1714414001326,1294.182658100006
Lipophilicity,B,TPE,3.020019300005515,100,0,464.3311586001946,464.34627430004184
Lipophilicity,B,TPE,4.390479899986531,100,0,591.3276481000357,591.3375575999962
Lipophilicity,B,TPE,6.216640200000256,100,0,921.7289587999112,921.7400070000149
Lipophilicity,B,TPE,15.951796299996204,100,0,1802.5754171001026,1802.5909242999915
Lipophilicity,B,TPE,5.401855500007514,100,0,709.5993386001501,709.6103985000227
Lipophilicity,B,TPE,4.849406400011503,100,0,552.5369989000028,552.5461902999959
Lipophilicity,B,TPE,7.171911400000681,100,0,912.9011903998908,912.9116202999721
Lipophilicity,B,TPE,8.928838499996345,100,0,1037.3843798998569,1037.3952012000373
Lipophilicity,B,TPE,9.947857900013332,100,0,1125.3681801999628,1125.3803297999839
Lipophilicity,B,TPE,23.95044169999892,100,0,2499.1274824001885,2499.1388518000313
Lipophilicity,B,TPE,17.39244835000136,100,0,1795.6060087999795,1795.61423799998
Lipophilicity,B,TPE,8.21485859999666,100,0,1296.7065561999916,1296.717442800029
Lipophilicity,B,TPE,13.182941699997173,100,0,1507.3573372997926,1507.3678811000136
Lipophilicity,B,TPE,5.355000700001256,100,0,909.7625778000802,909.7740902000223
Lipophilicity,B,TPE,10.991709649999393,100,0,1164.7825493000564,1164.7942229000037
Lipophilicity,B,TPE,5.349284900003113,100,0,633.4461369000201,633.4588897000067
BACE,A,PSO,3.4412009000079706,100,0,356.74010309996083,356.74175919999834
BACE,A,PSO,4.453066449990729,100,0,435.4996109000058,435.50117109998246
BACE,A,PSO,1.4344416500098305,100,0,158.13112929993076,158.13295849997667
BACE,A,PSO,2.204045849997783,100,0,247.54530650004745,247.5469811000221
BACE,A,PSO,3.5393990999873495,100,0,353.66253399991547,353.6643313000095
BACE,A,PSO,2.437895650000428,100,0,284.2128938999085,284.21458389997133
BACE,A,PSO,1.4570926000014879,100,0,151.85592649996397,151.85768899999675
BACE,A,PSO,2.1542884500086075,100,0,236.58086800010642,236.582593500003
BACE,A,PSO,1.771244449992082,100,0,200.43838019986288,200.44021279999288
BACE,A,PSO,1.3014464999869233,100,0,147.1221980000264,147.1237818999798
BACE,A,PSO,1.8704227499983972,100,0,200.77284639983554,200.77458190001198
BACE,A,PSO,1.7861164499918232,100,0,203.157548499963,203.15916889999062
BACE,A,PSO,2.1698030000115978,100,0,226.34898060001433,226.3508101000043
BACE,A,PSO,2.117723199989996,100,0,246.96660250006244,246.96831859997474
BACE,A,PSO,0.9193623500177637,100,0,114.95719749989803,114.9587942000071
BACE,A,PSO,0.8247571999963839,100,0,107.8119265998539,107.81363300001249
BACE,A,PSO,2.554864749996341,100,0,270.10397109983023,270.10569710002164
BACE,A,PSO,2.030952299988712,100,0,220.21084420007537,220.2125239999732
BACE,A,PSO,1.2429940999863902,100,0,147.22309320018394,147.22475279998616
BACE,A,PSO,2.858062350016553,100,0,330.4403279001417,330.442096600018
BACE,A,PSO,1.6136370999884093,100,0,205.78620480006794,205.78799390001222
BACE,A,PSO,1.412204499996733,100,0,167.2402146999084,167.24200270001893
BACE,A,PSO,3.3102175499952864,100,0,351.69357060006587,351.6952257999801
BACE,A,PSO,4.401566450003884,100,0,434.63663440023083,434.63839730003383
BACE,A,PSO,2.8027488500083564,100,0,311.166302000056,311.16806230004295
BACE,A,PSO,1.6357936499989592,100,0,196.01894100007485,196.0206135000044
BACE,A,PSO,1.342894500005059,100,0,168.28790619998472,168.28960909997113
BACE,A,PSO,2.2869841499923496,100,0,237.66950710024685,237.67117990003317
BACE,A,PSO,5.2251593499822775,100,0,510.1455533000408,510.14733829998295
BACE,A,PSO,3.2235647000052268,100,0,325.5852268997696,325.58706770002027
BACE,B,PSO,1.0714422000019113,100,0,112.57094759994652,112.57577130000573
BACE,B,PSO,1.1108759000053396,100,0,125.33951770010754,125.34418709998135
BACE,B,PSO,1.1372632999991765,100,0,123.37697730015498,123.38200060001691
BACE,B,PSO,1.1345210500003304,100,0,119.90860750013962,119.91347349999705
BACE,B,PSO,1.1186126499960665,100,0,128.0390575999627,128.04360369997448
BACE,B,PSO,0.9942806999897584,100,0,110.8711948999844,110.87579669998377
BACE,B,PSO,1.3563460000150371,100,0,158.28048929999932,158.28528520002146
BACE,B,PSO,1.1902326999843353,100,0,130.61905329997535,130.6239751999965
BACE,B,PSO,0.8697820500092348,100,0,97.93524020010955,97.94004489999497
BACE,B,PSO,0.9798674500052584,100,0,109.06078840015107,109.06616579997353
BACE,B,PSO,0.42544305000046734,100,0,50.6770075999375,50.68170869999449
BACE,B,PSO,0.8709934999787947,100,0,96.11824809981044,96.12277399995946
BACE,B,PSO,1.2122382999950787,100,0,128.74591410002904,128.75056239997502
BACE,B,PSO,0.7737304499896709,100,0,92.46455290002632,92.4703465999919
BACE,B,PSO,0.7476453499984927,100,0,85.73721290010144,85.74168120001559
BACE,B,PSO,1.318974600013462,100,0,156.16230080023524,156.16716510002152
BACE,B,PSO,0.9276733500009868,100,0,105.05088359990623,105.05547649998334
BACE,B,PSO,1.3166689999925438,100,0,139.43120989992167,139.435959000024
BACE,B,PSO,1.144414449998294,100,0,123.95750259998022,123.9621260999993
BACE,B,PSO,1.2946801500074798,100,0,138.58749880018877,138.59220270000515
BACE,B,PSO,1.9520720999862533,100,0,196.97865649987943,196.98348889997578
BACE,B,PSO,0.7994316499971319,100,0,91.68487329990603,91.68955670000287
BACE,B,PSO,1.5387060000066413,100,0,178.48858650011243,178.49359399999958
BACE,B,PSO,0.7455647000024328,100,0,89.1982012000808,89.20277819997864
BACE,B,PSO,1.140766349999467,100,0,124.82871450000675,124.83333210001001
BACE,B,PSO,2.3550977500126464,100,0,256.91656240000157,256.921333300008
BACE,B,PSO,0.6658536500035552,100,0,87.79600619978737,87.8006774999958
BACE,B,PSO,0.6425902000191854,100,0,74.7243906998192,74.72891880004317
BACE,B,PSO,1.8002548499935074,100,0,190.06961020009476,190.0743008000136
BACE,B,PSO,0.7116202999895904,100,0,81.20694709994132,81.21198019999429
BBBP,A,PSO,1.9683976500091376,100,0,211.2628063999291,211.2645139999804
BBBP,A,PSO,2.80364014999941,100,0,323.72108880014275,323.7228145999834
BBBP,A,PSO,2.293571599991992,100,0,239.8219578998105,239.82366109997383
BBBP,A,PSO,2.217299650001223,100,0,240.4693930001522,240.4710022000072
BBBP,A,PSO,2.9510567499819444,100,0,363.30198339992785,363.30371999999625
BBBP,A,PSO,1.857361900008982,100,0,213.5856509997684,213.58733760000905
BBBP,A,PSO,1.6301096499955747,100,0,170.98306259996025,170.98475540001527
BBBP,A,PSO,2.365134100007708,100,0,252.4592083998141,252.46077309999964
BBBP,A,PSO,3.1116649500036146,100,0,305.9125587999879,305.91425609998987
BBBP,A,PSO,1.0002292499993928,100,0,123.87717309998698,123.87893429998076
BBBP,A,PSO,2.022480949992314,100,0,213.41542299991124,213.41710730001796
BBBP,A,PSO,1.6022043000120902,100,0,186.54486609992455,186.54671090000193
BBBP,A,PSO,1.833937949995743,100,0,194.81634310015943,194.8181712999649
BBBP,A,PSO,1.8301350499968976,100,0,189.74975569994422,189.75136459997157
BBBP,A,PSO,1.0279951499978779,100,0,113.15665259998059,113.15840980000212
BBBP,A,PSO,2.375293300006888,100,0,242.84070329985116,242.8422481000016
BBBP,A,PSO,1.4325184500048636,100,0,157.56747050010017,157.5692160000035
BBBP,A,PSO,1.51206860000093,100,0,174.1970085001958,174.1986070999992
BBBP,A,PSO,1.829960699993535,100,0,189.9156229000655,189.91715160000604
BBBP,A,PSO,2.034672599998885,100,0,213.7367365999089,213.73844819996157
BBBP,A,PSO,2.731245149989263,100,0,303.61530039986246,303.61682850000216
BBBP,A,PSO,1.1091475999855902,100,0,133.68128680009977,133.68296420000843
BBBP,A,PSO,2.2324907000001986,100,0,247.38111279992154,247.38270530002774
BBBP,A,PSO,2.131353949996992,100,0,229.71222749975277,229.71411200001603
BBBP,A,PSO,1.3522246500069741,100,0,148.4439065999759,148.44546640000772
BBBP,A,PSO,2.7241190500062658,100,0,309.69861629995285,309.7003905000165
BBBP,A,PSO,2.1076767500053393,100,0,218.68118799995864,218.6830640999833
BBBP,A,PSO,3.477831550015253,100,0,392.1617450999329,392.16364969999995
BBBP,A,PSO,2.3403652999841142,100,0,241.58672549994662,241.58832859998802
BBBP,A,PSO,2.0552661499968963,100,0,216.66582770005334,216.6674862000218
BBBP,B,PSO,1.1210414499946637,100,0,117.1720228002232,117.17642630002229
BBBP,B,PSO,0.9234147999959532,100,0,111.9717702998023,111.97621920000529
BBBP,B,PSO,1.0031261000112863,100,0,107.29502630021307,107.29965639999136
BBBP,B,PSO,0.8067706000001635,100,0,87.76932919991668,87.77562130001024
BBBP,B,PSO,0.8289045999990776,100,0,89.27707300009206,89.28174350000336
BBBP,B,PSO,0.7077229500137037,100,0,76.18901489989366,76.19350650001434
BBBP,B,PSO,0.5640818999963813,100,0,75.43260570018901,75.43711130000884
BBBP,B,PSO,0.7125451499887276,100,0,77.46269180002855,77.46713740003179
BBBP,B,PSO,0.9171546500147087,100,0,99.93760880007176,99.94223850002163
BBBP,B,PSO,0.8788136999937706,100,0,106.8311116998957,106.83559510001214
BBBP,B,PSO,1.197774299987941,100,0,123.21466820017667,123.21931899999618
BBBP,B,PSO,0.9442197000025772,100,0,97.98457060015062,97.9889806000283
BBBP,B,PSO,0.673475799994776,100,0,78.92861880001146,78.93332799998461
BBBP,B,PSO,1.9390584500069963,100,0,214.00182849983685,214.00647059999756
BBBP,B,PSO,0.5947501000046032,100,0,64.69958089999272,64.70428930001799
BBBP,B,PSO,0.580517950002104,100,0,70.75531950016739,70.7597840000235
BBBP,B,PSO,0.9723897999938345,100,0,101.14355199990678,101.14800149999792
BBBP,B,PSO,0.6659567499882542,100,0,73.10048749990528,73.1050372000027
BBBP,B,PSO,0.9527626000053715,100,0,97.48497979989043,97.48955830000341
BBBP,B,PSO,0.6473557999997865,100,0,76.01500650015078,76.02199439998367
BBBP,B,PSO,1.4762088500137907,100,0,154.3366085998714,154.34112930000992
BBBP,B,PSO,1.2123647999978857,100,0,126.70121329996618,126.70575360002113
BBBP,B,PSO,2.7631075999961467,100,0,309.0629370997776,309.0678246000025
BBBP,B,PSO,0.7468262999900617,100,0,81.98068380003679,81.98501219999162
BBBP,B,PSO,0.5844522999977926,100,0,62.12633490000735,62.132903100020485
BBBP,B,PSO,1.0178181500086794,100,0,103.31118810005137,103.3157015000179
BBBP,B,PSO,1.605500400008168,100,0,166.30688370013377,166.31306949999998
BBBP,B,PSO,1.4340952500060666,100,0,147.1853151000687,147.1894573000318
BBBP,B,PSO,1.1410347499913769,100,0,117.55327479998232,117.55757429997902
BBBP,B,PSO,0.623646899999585,100,0,69.75545319990488,69.75991409999551
ESOL,A,PSO,8.657236200000625,100,0,915.3720545002143,915.3737285000097
ESOL,A,PSO,10.851855049986625,100,0,1301.9963667998381,1301.9982180000225
ESOL,A,PSO,5.924176849992364,100,0,645.718191900145,645.7198921999952
ESOL,A,PSO,7.879217649999191,100,0,860.5159975001006,860.5178106999956
ESOL,A,PSO,7.3932327999937115,100,0,793.477711099782,793.4795714000065
ESOL,A,PSO,5.078382349995081,100,0,567.2142267997551,567.2159203999909
ESOL,A,PSO,6.120900800000527,100,0,610.9865703000396,610.9884246000147
ESOL,A,PSO,5.618437650002306,100,0,579.4467869001091,579.4484638999857
ESOL,A,PSO,10.171638749990962,100,0,1043.5863535999088,1043.5879864000017
ESOL,A,PSO,2.2268137499922886,100,0,260.56107789999805,260.5628966000222
ESOL,A,PSO,2.1891706499882275,100,0,257.05531120000524,257.0571888000122
ESOL,A,PSO,3.8957930499891518,100,0,446.70667399992817,446.7082512000343
ESOL,A,PSO,7.081170100005693,100,0,714.9690598996531,714.9708102000295
ESOL,A,PSO,3.914003899990348,100,0,453.59064880007645,453.59224689999246
ESOL,A,PSO,5.66403800000262,100,0,703.5758399000333,703.5776733999955
ESOL,A,PSO,2.5186361500091152,100,0,267.7072805000935,267.70879689999856
ESOL,A,PSO,6.684936150006251,100,0,685.699387599976,685.7012091999932
ESOL,A,PSO,5.957620150002185,100,0,624.7895249000576,624.7913970999944
ESOL,A,PSO,3.0458455000043614,100,0,370.187701299903,370.1895664999902
ESOL,A,PSO,5.714389849992585,100,0,618.9827676999848,618.9846201000037
ESOL,A,PSO,3.341074000010849,100,0,348.78465790010523,348.78635140002007
ESOL,A,PSO,16.70825744998001,100,0,1619.410054699838,1619.4119191000063
ESOL,A,PSO,3.9723963500000536,100,0,392.1518545001163,392.15350710001076
ESOL,A,PSO,1.5086114000005182,100,0,244.38806220007245,244.38983989998815
ESOL,A,PSO,2.4244901499769185,100,0,294.20197299998836,294.2038101000362
ESOL,A,PSO,4.120918949993211,100,0,422.09835650006426,422.1000639999984
ESOL,A,PSO,3.82066689999192,100,0,453.6644067999441,453.6661944000225
ESOL,A,PSO,3.4347351500036893,100,0,365.7252165999089,365.72682809998514
ESOL,A,PSO,0.8189079000148922,100,0,115.59182279993547,115.5936037999927
ESOL,A,PSO,6.488207449991023,100,0,648.3941164998396,648.3961804999853
ESOL,B,PSO,0.6468686500011245,100,0,88.73179639989394,88.73615909999353
ESOL,B,PSO,0.9145361499977298,100,0,138.35239339992404,138.35685539999395
ESOL,B,PSO,1.095807199992123,100,0,131.31810260002385,131.32333010001457
ESOL,B,PSO,0.47627544999704696,100,0,98.29951359995175,98.3045734000043
ESOL,B,PSO,3.3480638499895576,100,0,353.99603180019767,354.0011516000086
ESOL,B,PSO,3.604627150009037,100,0,394.78096740014735,394.7860434000031
ESOL,B,PSO,1.9187189499934902,100,0,245.85538469997118,245.86052630003542
ESOL,B,PSO,1.30592235000222,100,0,160.72653810004704,160.73133360000793
ESOL,B,PSO,1.3721175999962725,100,0,173.15683249989524,173.16194350001751
ESOL,B,PSO,10.708955349997268,100,0,962.1251860999037,962.1304301999917
ESOL,B,PSO,5.017853350000223,100,0,518.5013971999288,518.5067693000019
ESOL,B,PSO,1.9891227500047535,100,0,224.3970083001186,224.40193400002318
ESOL,B,PSO,0.9455158500059042,100,0,118.62155979976524,118.62597609998193
ESOL,B,PSO,3.398040449988912,100,0,373.5811686000088,373.58592229997157
ESOL,B,PSO,0.8684373500145739,100,0,106.49204930028645,106.49689599999692
ESOL,B,PSO,3.937861600003089,100,0,436.23033020013827,436.23510599997826
ESOL,B,PSO,2.3594935000000987,100,0,251.09374910005135,251.0984719999833
ESOL,B,PSO,1.3116218500072137,100,0,153.1662762001215,153.17103329999372
ESOL,B,PSO,1.9081547999958275,100,0,237.8932946998102,237.8982335999899
ESOL,B,PSO,5.824217450004653,100,0,606.7554804000247,606.7606381999794
ESOL,B,PSO,2.780078900002991,100,0,360.7800070999656,360.7851989000046
ESOL,B,PSO,2.373387299987371,100,0,249.8521630000032,249.8570117999916
ESOL,B,PSO,1.4779528000071878,100,0,156.24466670010588,156.2494114000292
ESOL,B,PSO,1.2631826500000898,100,0,159.82647940010065,159.83082059997832
ESOL,B,PSO,0.9256028499949025,100,0,145.45268230006332,145.4573895999929
ESOL,B,PSO,3.2078590000019176,100,0,367.57265420013573,367.5774071000051
ESOL,B,PSO,1.6388916999858338,100,0,176.4907191999082,176.49570330002462
ESOL,B,PSO,2.4968103499995777,100,0,280.01070539999637,280.01580680001643
ESOL,B,PSO,1.3441071999986889,100,0,208.97004970005946,208.97503040000447
ESOL,B,PSO,2.5229169499943964,100,0,266.1580562001036,266.1630825000175
FreeSolv,A,PSO,3.4146892999997362,100,0,345.56298680001055,345.564725299977
FreeSolv,A,PSO,0.9172622500045691,100,0,112.00090409992845,112.00241419998929
FreeSolv,A,PSO,0.9157782000111183,100,0,112.23568710012478,112.23716690001311
FreeSolv,A,PSO,1.806773600008455,100,0,233.5021661000501,233.50384670001222
FreeSolv,A,PSO,5.270825800005696,100,0,517.7596976999484,517.7614785999758
FreeSolv,A,PSO,0.8132153999904403,100,0,136.4452262998384,136.4467139999615
FreeSolv,A,PSO,0.390622999984771,100,0,58.51689649999025,58.518378200009465
FreeSolv,A,PSO,2.0301588000002084,100,0,206.22513470004196,206.22684139997
FreeSolv,A,PSO,6.834752700000536,100,0,676.1797092999914,676.1813310999714
FreeSolv,A,PSO,1.418074550005258,100,0,158.09312439980567,158.094694600004
FreeSolv,A,PSO,0.7180132000066806,100,0,95.05687700017006,95.05830510001397
FreeSolv,A,PSO,1.4400958500045817,100,0,156.77935350014013,156.78083030000562
FreeSolv,A,PSO,0.7499337000044761,100,0,99.22522369999206,99.22679960000096
FreeSolv,A,PSO,0.3261505999980727,100,0,65.91722410012153,65.91874319998897
FreeSolv,A,PSO,0.8349285000003874,100,0,108.21914240007754,108.22069710001233
FreeSolv,A,PSO,1.060773599994718,100,0,113.68419540009927,113.68572069998481
FreeSolv,A,PSO,0.5777847999997903,100,0,73.90177029988263,73.90354019997176
FreeSolv,A,PSO,1.5884963999997126,100,0,184.59942060016328,184.60089150001295
FreeSolv,A,PSO,2.657675599984941,100,0,288.1127825999283,288.1145186999929
FreeSolv,A,PSO,1.9637719000020297,100,0,231.1372643999348,231.1388218999782
FreeSolv,A,PSO,1.1230414500023471,100,0,146.6334976000653,146.63505339997937
FreeSolv,A,PSO,0.8996548499999335,100,0,130.2136857000587,130.21518219998688
FreeSolv,A,PSO,0.7447168999933638,100,0,99.80356969998684,99.80501670000376
FreeSolv,A,PSO,1.0766842500015628,100,0,126.40698539998266,126.40851480001584
FreeSolv,A,PSO,0.8221178999956464,100,0,119.37319660009234,119.3746828000003
FreeSolv,A,PSO,1.4372099500033073,100,0,165.60153630012064,165.60304789998918
FreeSolv,A,PSO,1.6251834500144469,100,0,194.95938710015616,194.96091099997284
FreeSolv,A,PSO,1.1537933000072371,100,0,129.1030032997951,129.1043411999999
FreeSolv,A,PSO,0.41238745000737254,100,0,64.97433450003155,64.97568790000514
FreeSolv,A,PSO,2.3466700999852037,100,0,244.23440850022598,244.23598470000434
FreeSolv,B,PSO,1.4992116500070551,100,0,157.80618949994096,157.81031369997072
FreeSolv,B,PSO,0.7142903000058141,100,0,84.8895314000547,84.89360149999266
FreeSolv,B,PSO,0.8492536999983713,100,0,88.03681180006242,88.04111459999694
FreeSolv,B,PSO,0.6813831000035862,100,0,76.18197959984536,76.18671820001327
FreeSolv,B,PSO,1.9510724499996286,100,0,228.9046203000762,228.908734800003
FreeSolv,B,PSO,0.6649015000002692,100,0,77.8657442999538,77.8702829000249
FreeSolv,B,PSO,0.6486495499993907,100,0,87.99722789993393,88.00133729999652
FreeSolv,B,PSO,1.4379011499986518,100,0,196.9396764000412,196.94438819997595
FreeSolv,B,PSO,0.37597930000629276,100,0,55.780458599940175,55.784938299970236
FreeSolv,B,PSO,2.182063950007432,100,0,218.33582730035414,218.3402822999924
FreeSolv,B,PSO,0.8969936000066809,100,0,108.43779930018354,108.44234100001631
FreeSolv,B,PSO,0.441295850003371,100,0,52.14070689998334,52.14522659999784
FreeSolv,B,PSO,0.8163880000065546,100,0,90.34956149986829,90.35367169999518
FreeSolv,B,PSO,0.43351470000925474,100,0,58.71738000004552,58.722122100007255
FreeSolv,B,PSO,1.0378232999937609,100,0,116.30509829992661,116.30931840001722
FreeSolv,B,PSO,1.2039401000074577,100,0,126.23972589994082,126.24391990000731
FreeSolv,B,PSO,1.5363504999986617,100,0,159.50978289995692,159.51432890002616
FreeSolv,B,PSO,1.1231890000053681,100,0,123.45830380014377,123.46259679997456
FreeSolv,B,PSO,1.3098843500192743,100,0,144.1852994998626,144.18991559999995
FreeSolv,B,PSO,1.682087400011369,100,0,179.99912899997435,180.00373229998513
FreeSolv,B,PSO,0.7442911499965703,100,0,79.35497869981918,79.35916510000243
FreeSolv,B,PSO,0.5816613999922993,100,0,69.0207377000479,69.02571160002844
FreeSolv,B,PSO,0.6148815500055207,100,0,79.66128310002387,79.66603589997976
FreeSolv,B,PSO,0.24358624999877065,100,0,49.32743380003376,49.33137160001206
FreeSolv,B,PSO,0.8479195499967318,100,0,98.47088040001108,98.47490870003821
FreeSolv,B,PSO,0.5400585500028683,100,0,63.25722490006592,63.26145599997835
FreeSolv,B,PSO,0.8696359000023222,100,0,93.76495829984196,93.77046030000201
FreeSolv,B,PSO,0.7821917499968549,100,0,89.89027429997805,89.89493679997395
FreeSolv,B,PSO,0.7735175999987405,100,0,91.80600009998307,91.81020350000472
FreeSolv,B,PSO,0.8164108500059228,100,0,98.14841920026811,98.15256590000354
Lipophilicity,A,PSO,16.38118260000192,100,0,1844.1241611002479,1844.126083500014
Lipophilicity,A,PSO,15.768720400010352,100,0,1915.515365300089,1915.5172694999783
Lipophilicity,A,PSO,15.644503799994709,100,0,1936.0048984999594,1936.006809899991
Lipophilicity,A,PSO,13.19974060000095,100,0,1552.1247001001611,1552.126227700035
Lipophilicity,A,PSO,9.897863999998663,100,0,1720.848122500116,1720.8497486000124
Lipophilicity,A,PSO,16.455528450009297,100,0,2104.7098236002494,2104.7114765000006
Lipophilicity,A,PSO,10.680507600001874,100,0,1116.0153108000814,1116.0172268000024
Lipophilicity,A,PSO,30.069994249992305,100,0,3624.411631999945,3624.4134886999964
Lipophilicity,A,PSO,12.207058900006814,100,0,1629.790035900107,1629.7916941999865
Lipophilicity,A,PSO,8.323063250005362,100,0,965.6321866000071,965.6338938999979
Lipophilicity,A,PSO,15.550965150003321,100,0,1656.920067699888,1656.9217852999864
Lipophilicity,A,PSO,17.182606800008216,100,0,1864.520369800157,1864.5221060999902
Lipophilicity,A,PSO,12.643768150010146,100,0,1462.1654601001064,1462.1674477000197
Lipophilicity,A,PSO,14.952136350009823,100,0,1579.0885682997177,1579.0904119999905
Lipophilicity,A,PSO,7.296078200015472,100,0,1057.0547815999307,1057.0564421000308
Lipophilicity,A,PSO,3.3903418999980204,100,0,457.6066026999033,457.6082327000331
Lipophilicity,A,PSO,10.267429200001061,100,0,1209.816339099867,1209.8181617000082
Lipophilicity,A,PSO,20.680103000006056,100,0,2097.8806331999076,2097.882442500035
Lipophilicity,A,PSO,23.760598549997667,100,0,2342.8890449998144,2342.890819000022
Lipophilicity,A,PSO,12.401007599997683,100,0,1451.0702427000215,1451.0719863999984
Lipophilicity,A,PSO,13.949488400001428,100,0,1949.3873060000478,1949.3890102000441
Lipophilicity,A,PSO,11.206433150000521,100,0,1587.6322404999519,1587.633915000013
Lipophilicity,A,PSO,8.449652650000644,100,0,1005.1077206000919,1005.1096836000215
Lipophilicity,A,PSO,20.872947950003436,100,0,2226.0719899000833,2226.0738497999846
Lipophilicity,A,PSO,21.589225149989943,100,0,2645.6886136000394,2645.6906328999903
Lipophilicity,A,PSO,15.616689050002606,100,0,1957.9311964000226,1957.9328804000397
Lipophilicity,A,PSO,38.588189550006064,100,0,3711.03576410003,3711.0377182000084
Lipophilicity,A,PSO,22.91515499999514,100,0,2433.0351670000528,2433.037148500036
Lipophilicity,A,PSO,21.981386949992157,100,0,2195.772347399994,2195.7740704999887
Lipophilicity,A,PSO,17.689452500009793,100,0,2036.3388181000773,2036.3405796000152
Lipophilicity,B,PSO,7.1305498000001535,100,0,787.6584656997002,787.6628977000073
Lipophilicity,B,PSO,9.383553750012652,100,0,1008.1686384000059,1008.173352999991
Lipophilicity,B,PSO,5.177925800002413,100,0,568.4697924002248,568.4745073999802
Lipophilicity,B,PSO,7.4663089999812655,100,0,766.9103086001414,766.914930799976
Lipophilicity,B,PSO,11.542195450005238,100,0,1223.3978210001078,1223.4025236000016
Lipophilicity,B,PSO,15.714095049988828,100,0,1574.8450052999542,1574.8495736999612
Lipophilicity,B,PSO,5.146142600016901,100,0,593.1609298998374,593.1657170000253
Lipophilicity,B,PSO,6.475244349989225,100,0,731.7844094999018,731.7889221999794
Lipophilicity,B,PSO,11.020750800016685,100,0,1157.7323487999674,1157.7373879999795
Lipophilicity,B,PSO,8.345484800011036,100,0,934.4978230998968,934.5026141999988
Lipophilicity,B,PSO,13.602851250005187,100,0,1412.5600434999506,1412.5644584999827
Lipophilicity,B,PSO,7.7160367500036955,100,0,970.1889879999508,970.1935688999947
Lipophilicity,B,PSO,9.497210649991757,100,0,983.1464950999653,983.1511500999914
Lipophilicity,B,PSO,9.24502040000516,100,0,1078.9461568999395,1078.9510743999854
Lipophilicity,B,PSO,2.0813180499972077,100,0,364.3076065001078,364.312296899996
Lipophilicity,B,PSO,7.177037949993974,100,0,848.6731915000419,848.6782500000263
Lipophilicity,B,PSO,5.431221649996587,100,0,659.4089647998626,659.4134147999866
Lipophilicity,B,PSO,5.681376599997748,100,0,647.5653911999834,647.5694141999993
Lipophilicity,B,PSO,5.2052888499893015,100,0,568.8587162998738,568.8628122000082
Lipophilicity,B,PSO,2.7815702500229236,100,0,288.96533190016635,288.9698855000024
Lipophilicity,B,PSO,2.1853894000087166,100,0,299.77964209986385,299.7833243999921
Lipophilicity,B,PSO,6.375655349984299,100,0,665.7056684999843,665.7084800000302
Lipophilicity,B,PSO,6.414142699999502,100,0,714.9322535998363,714.9350225999951
Lipophilicity,B,PSO,11.34923959999287,100,0,1347.9856152998982,1347.9904187999782
Lipophilicity,B,PSO,12.84885639998538,100,0,1305.7284951998445,1305.7331537999853
Lipophilicity,B,PSO,4.9368434000061825,100,0,565.5880102001538,565.5928164999932
Lipophilicity,B,PSO,11.915421950005111,100,0,1304.330453300121,1304.3351208000095
Lipophilicity,B,PSO,15.506943900007172,100,0,1599.1182139002776,1599.1226522999932
Lipophilicity,B,PSO,6.176445049990434,100,0,692.2051751998661,692.2098124999902
Lipophilicity,B,PSO,9.84075099999609,100,0,956.1891666999727,956.1936284000403
BACE,A,GWO,2.7527008000179194,100,0,308.6216706002597,308.6232225000276
BACE,A,GWO,5.158152550022351,100,0,524.7242163000628,524.7261205000104
BACE,A,GWO,2.1167938499711454,100,0,237.11437799962005,237.11644400004297
BACE,A,GWO,1.1447206000157166,100,0,167.67932200036012,167.6810889999615
BACE,A,GWO,1.4730724499968346,100,0,183.27365450042998,183.27544940001098
BACE,A,GWO,3.0263341999961995,100,0,347.9297195998952,347.9315744000487
BACE,A,GWO,1.4022988000069745,100,0,167.99265899992315,167.99432440003147
BACE,A,GWO,2.3539985999814235,100,0,269.9640552001074,269.9657893999247
BACE,A,GWO,2.503702800022438,100,0,287.4947164998157,287.49635080003645
BACE,A,GWO,1.2548886500007939,100,0,148.47855749999871,148.480305199977
BACE,A,GWO,0.7972771500062663,100,0,112.95904850022634,112.96070579998195
BACE,A,GWO,2.9516064500203356,100,0,314.63357620011084,314.63538330001757
BACE,A,GWO,1.672574149997672,100,0,179.03933120012516,179.04092130000936
BACE,A,GWO,2.2298075500002597,100,0,266.72211609996157,266.72391380002955
BACE,A,GWO,1.6029430499766022,100,0,181.2783650000929,181.28026980004506
BACE,A,GWO,0.8569189500121865,100,0,120.93193580006482,120.93357599998126
BACE,A,GWO,1.8708796999999322,100,0,241.44661859981716,241.4483255999512
BACE,A,GWO,2.1459585999837145,100,0,263.8866439999547,263.88827039994067
BACE,A,GWO,2.872532150009647,100,0,314.95696090051206,314.9588265999919
BACE,A,GWO,5.533671999990474,100,0,539.2954221002292,539.2971766000264
BACE,A,GWO,1.2686733999871649,100,0,174.0274175000959,174.0293753000442
BACE,A,GWO,1.5889572000014596,100,0,170.952287199907,170.95420149993151
BACE,A,GWO,3.768790150003042,100,0,399.7877209999715,399.7894498000387
BACE,A,GWO,0.9621799500018824,100,0,136.3526375000365,136.35421499999939
BACE,A,GWO,1.0840072499995586,100,0,161.53939470014302,161.54115029994864
BACE,A,GWO,4.142245700000785,100,0,440.05179150012555,440.0536954999552
BACE,A,GWO,1.431706050003413,100,0,183.77897949970793,183.7805601999862
BACE,A,GWO,3.2330562499992084,100,0,342.33561540034134,342.3374070000136
BACE,A,GWO,3.8371888500114437,100,0,371.44391610031016,371.44567200000165
BACE,A,GWO,4.00810864995583,100,0,404.19662209949456,404.1984918999369
BACE,B,GWO,0.9955857500026468,100,0,105.04299250041367,105.04769199999282
BACE,B,GWO,0.5023544999712612,100,0,71.85605520009995,71.86050770006841
BACE,B,GWO,1.1906654500053264,100,0,126.57436450012028,126.57911520003108
BACE,B,GWO,0.5216211500228383,100,0,64.88601409975672,64.89291049999883
BACE,B,GWO,0.8960993499786127,100,0,113.60738639970077,113.61190909997094
BACE,B,GWO,0.5994776499865111,100,0,76.28801060002297,76.29251639998984
BACE,B,GWO,0.7664803999941796,100,0,81.92970939999213,81.93415470002219
BACE,B,GWO,1.4748069999623112,100,0,159.64610389998415,159.6525544000906
BACE,B,GWO,0.6889074000064284,100,0,82.71968270011712,82.72427740000421
BACE,B,GWO,1.300523849989986,100,0,144.7920954998699,144.79652620002162
BACE,B,GWO,0.5312271999719087,100,0,61.544582099770196,61.549157799978275
BACE,B,GWO,0.3733485500270035,100,0,56.18956009997055,56.19417600001907
BACE,B,GWO,0.5245230499713216,100,0,66.31270739983302,66.31728339998517
BACE,B,GWO,0.9407091999892145,100,0,128.03677199978847,128.04120849998435
BACE,B,GWO,0.774541449995013,100,0,92.24020620016381,92.24462040001526
BACE,B,GWO,0.5105450999981258,100,0,71.80221429979429,71.8065559999668
BACE,B,GWO,1.48021904999041,100,0,155.42117720021633,155.42564199998742
BACE,B,GWO,1.2268967000127304,100,0,126.75417009973899,126.75839840003755
BACE,B,GWO,2.4735885999689344,100,0,251.97145930019906,251.97566750005353
BACE,B,GWO,1.1437310999899637,100,0,132.15544320037588,132.1609710000339
BACE,B,GWO,0.9315537000074983,100,0,99.82670899963705,99.8310203999863
BACE,B,GWO,0.7287396500178147,100,0,86.33058219973464,86.33623160002753
BACE,B,GWO,1.5983121499884874,100,0,172.53296979976585,172.5393431999255
BACE,B,GWO,1.0472405499895103,100,0,116.12602120049996,116.13055769994389
BACE,B,GWO,1.19131875000312,100,0,123.239639399515,123.24415489990497
BACE,B,GWO,1.9898256000305992,100,0,236.17359789949842,236.18050809996203
BACE,B,GWO,1.3445193500083406,100,0,149.6712133999681,149.67575839994242
BACE,B,GWO,0.488552199996775,100,0,66.0402561998344,66.0459084000322
BACE,B,GWO,1.1148346999834757,100,0,126.31694190012058,126.32283540000208
BACE,B,GWO,0.890100100019481,100,0,93.71526219981024,93.71991590003017
BBBP,A,GWO,3.721963499992853,100,0,357.1049594000797,357.1071424999973
BBBP,A,GWO,2.082288650010014,100,0,223.49081319983816,223.492718399968
BBBP,A,GWO,2.700876349990722,100,0,280.1890726996353,280.19097739999415
BBBP,A,GWO,3.558132250007475,100,0,346.27641939983005,346.2782848000061
BBBP,A,GWO,3.0551896499819122,100,0,374.95418200001586,374.9563876000466
BBBP,A,GWO,3.5627274999860674,100,0,395.3267585997819,395.32859960000496
BBBP,A,GWO,2.119582649989752,100,0,232.25334649987053,232.2560933000059
BBBP,A,GWO,2.791643149976153,100,0,302.67699289979646,302.6788530999911
BBBP,A,GWO,2.270500649989117,100,0,261.02598510019016,261.0283150000032
BBBP,A,GWO,2.003192299976945,100,0,229.2518680000212,229.2543673000182
BBBP,A,GWO,2.053419350006152,100,0,215.42991870018886,215.43158570001833
BBBP,A,GWO,1.7395537499978673,100,0,207.10329070012085,207.10506569995778
BBBP,A,GWO,2.451643950014841,100,0,244.28416019980796,244.28606590005802
BBBP,A,GWO,3.036366399988765,100,0,320.643721000175,320.6478368000244
BBBP,A,GWO,2.864661950006848,100,0,300.0235180003219,300.02536050003255
BBBP,A,GWO,2.233505900017917,100,0,235.24484129954362,235.24671750003472
BBBP,A,GWO,3.9133930500247516,100,0,374.5897678004694,374.5923623999697
BBBP,A,GWO,2.1661753499647602,100,0,235.1996340000187,235.2027074000216
BBBP,A,GWO,3.668689899990568,100,0,381.18875860009575,381.19088559999363
BBBP,A,GWO,2.460956599970814,100,0,257.97083940031007,257.97286899999017
BBBP,A,GWO,3.006212299980689,100,0,335.570679899829,335.5730043000076
BBBP,A,GWO,2.741561000002548,100,0,295.95679799985373,295.9590302000288
BBBP,A,GWO,3.1550976000144146,100,0,341.9404245001497,341.9422690999927
BBBP,A,GWO,1.8931672500038985,100,0,212.04638940026052,212.04835280001862
BBBP,A,GWO,2.7060410499980208,100,0,284.435853500152,284.4377937000827
BBBP,A,GWO,2.658905500022229,100,0,296.8820033002412,296.88371350005036
BBBP,A,GWO,3.1050209999957588,100,0,307.40413140004966,307.4060866999789
BBBP,A,GWO,3.5945539500098675,100,0,377.33392400009325,377.3356301999884
BBBP,A,GWO,3.5036910000198986,100,0,372.23311010038015,372.2350418000133
BBBP,A,GWO,2.3545414000109304,100,0,249.55844749999233,249.56016559997806
BBBP,B,GWO,1.614780600008089,100,0,182.30047130020102,182.306203599961
BBBP,B,GWO,2.1979509000084363,100,0,240.9492830998497,240.9549580999883
BBBP,B,GWO,1.1791292500274722,100,0,125.30090709991055,125.30583309999201
BBBP,B,GWO,0.6275604499969631,100,0,75.03083459951449,75.03620929998579
BBBP,B,GWO,1.1671095499768853,100,0,129.62756000022637,129.6329737000051
BBBP,B,GWO,0.8093104000145104,100,0,85.48321420047432,85.48804630001541
BBBP,B,GWO,1.1852507999865338,100,0,128.2114303999697,128.2156665000366
BBBP,B,GWO,0.6051406500046141,100,0,73.14597720024176,73.15031709999312
BBBP,B,GWO,1.315518549992703,100,0,145.3383918000036,145.34273470001062
BBBP,B,GWO,1.0158386499679182,100,0,118.00570829969365,118.00982170004863
BBBP,B,GWO,1.05725420001545,100,0,115.16340000042692,115.16760189994238
BBBP,B,GWO,1.0840323999873362,100,0,115.2913857002859,115.29578959994251
BBBP,B,GWO,1.2290120999969076,100,0,140.367618499964,140.37308250000933
BBBP,B,GWO,0.8468024499888998,100,0,94.95292969973525,94.95746399997734
BBBP,B,GWO,0.5117158000066411,100,0,60.56785879988456,60.57211130001815
BBBP,B,GWO,0.9212083499878645,100,0,109.96024679992115,109.96455099998275
BBBP,B,GWO,1.213566999998875,100,0,129.3802502999897,129.38468169997213
BBBP,B,GWO,0.5372873500164133,100,0,61.00053460011259,61.00483709992841
BBBP,B,GWO,1.849448949971702,100,0,196.59094499988714,196.59571179997874
BBBP,B,GWO,1.31470239997725,100,0,142.82233019988053,142.82698129996425
BBBP,B,GWO,2.0831074999878183,100,0,218.5681774003897,218.57285490003414
BBBP,B,GWO,1.1995209999731742,100,0,128.6568892999203,128.66146219999064
BBBP,B,GWO,1.531114549987251,100,0,155.7466110002715,155.75121529999888
BBBP,B,GWO,0.7984436500119045,100,0,106.96697679976933,106.97357539995573
BBBP,B,GWO,0.8356128500308841,100,0,98.3526599999168,98.35817639995366
BBBP,B,GWO,0.9826596500060987,100,0,109.63610130024608,109.64219269994646
BBBP,B,GWO,1.9507748500036541,100,0,214.07388060033554,214.07875960000092
BBBP,B,GWO,1.6017294999910519,100,0,166.28456069994718,166.29212810000172
BBBP,B,GWO,1.059137650008779,100,0,123.2690496998257,123.27405219996581
BBBP,B,GWO,1.5006957500008866,100,0,159.2195493003819,159.2256434999872
ESOL,A,GWO,7.966759000002639,100,0,838.6423428000417,838.6443203000235
ESOL,A,GWO,7.311953750031535,100,0,795.7143106001895,795.7162228000234
ESOL,A,GWO,3.5858402499870863,100,0,416.24253369984217,416.24459709995426
ESOL,A,GWO,17.763071450026473,100,0,2001.189206299954,2001.191495999985
ESOL,A,GWO,8.559205200028373,100,0,1104.7516160999076,1104.7537396999542
ESOL,A,GWO,6.987585049995687,100,0,799.4190527004539,799.4208194999956
ESOL,A,GWO,2.920969300001161,100,0,339.31082170049194,339.31269600003725
ESOL,A,GWO,8.06455844998709,100,0,819.7270011000801,819.7290889999713
ESOL,A,GWO,8.738597349991323,100,0,939.9549893005169,939.956905100029
ESOL,A,GWO,4.691252899996471,100,0,491.95839429978514,491.9603652000078
ESOL,A,GWO,1.6834540499839932,100,0,207.73405450035352,207.73603829997592
ESOL,A,GWO,3.330343499983428,100,0,371.4671553000808,371.46902359992964
ESOL,A,GWO,6.96632044998114,100,0,793.46771980013,793.4698134000646
ESOL,A,GWO,1.6238229000009596,100,0,190.2397125995485,190.24172430002363
ESOL,A,GWO,5.133184900012566,100,0,675.2750205998891,675.2773244999698
ESOL,A,GWO,6.382355199981248,100,0,618.4467289003078,618.448853400012
ESOL,A,GWO,7.916669249971164,100,0,972.0045152998646,972.0062540000072
ESOL,A,GWO,10.157246100017801,100,0,1039.6995385999326,1039.7015514000086
ESOL,A,GWO,4.590212250011973,100,0,502.8183277999633,502.82025420007994
ESOL,A,GWO,8.243874100007815,100,0,885.3174865004839,885.3194539999822
ESOL,A,GWO,3.140532350022113,100,0,402.32683490018826,402.32864080008585
ESOL,A,GWO,9.507267700013472,100,0,1085.7926667006686,1085.7946381999645
ESOL,A,GWO,3.057280399982119,100,0,377.6410323997261,377.64275190001354
ESOL,A,GWO,14.218861450004624,100,0,1494.5051433003391,1494.5071544999955
ESOL,A,GWO,4.53869560000021,100,0,606.3755136996042,606.3774377999944
ESOL,A,GWO,5.461927349999314,100,0,644.1597145998385,644.1618287999881
ESOL,A,GWO,5.089948600012576,100,0,620.4228355999803,620.424665700004
ESOL,A,GWO,9.82739555000444,100,0,1090.7937921999837,1090.795970599982
ESOL,A,GWO,1.3605401999666356,100,0,178.31343239970738,178.31545910000568
ESOL,A,GWO,4.068350199959241,100,0,446.2680142997997,446.2699345999863
ESOL,B,GWO,1.5612835999927483,100,0,187.89147369976854,187.89578440005425
ESOL,B,GWO,2.357568599982187,100,0,238.35379110014765,238.35847430006834
ESOL,B,GWO,1.5492484499700367,100,0,171.6417208999046,171.6464038999984
ESOL,B,GWO,0.5038859999622218,100,0,94.28326770017156,94.28791720006848
ESOL,B,GWO,4.855604100011988,100,0,523.607895700261,523.6127211999847
ESOL,B,GWO,2.45589340000879,100,0,281.90205949987285,281.90646510000806
ESOL,B,GWO,3.867045449995203,100,0,412.67299260006985,412.67749620001996
ESOL,B,GWO,2.7570712500310037,100,0,330.69044420012506,330.6950819999329
ESOL,B,GWO,1.8345705999818165,100,0,230.93818300007842,230.94279130001087
ESOL,B,GWO,8.127409750013612,100,0,841.8520126001094,841.8570975000039
ESOL,B,GWO,2.2423360499960836,100,0,263.0057369999704,263.010357399995
ESOL,B,GWO,2.3768286000122316,100,0,285.183004500228,285.18789380003
ESOL,B,GWO,0.6808225999993738,100,0,89.41944210015936,89.42400449997513
ESOL,B,GWO,2.0988037000061013,100,0,225.89206529955845,225.89704359992174
ESOL,B,GWO,2.7004101000202354,100,0,310.4798002000316,310.4848345000064
ESOL,B,GWO,4.220323099987581,100,0,467.6884402001742,467.6931717999978
ESOL,B,GWO,3.9659192000108305,100,0,434.2118633001228,434.21642359998077
ESOL,B,GWO,2.168272850016365,100,0,245.56998760037823,245.57481880002888
ESOL,B,GWO,4.303843550005695,100,0,456.9230466003646,456.92782869999064
ESOL,B,GWO,3.8342203500214964,100,0,384.7562987002311,384.7606984000304
ESOL,B,GWO,2.9491412499919534,100,0,317.18439189967467,317.18933730002027
ESOL,B,GWO,1.7979352999827825,100,0,209.81081240007188,209.8157975000213
ESOL,B,GWO,0.8513971000211313,100,0,101.48084610002115,101.48522839997895
ESOL,B,GWO,6.390870800008997,100,0,663.279754000192,663.2847104000393
ESOL,B,GWO,1.5516099000233226,100,0,183.65003909973893,183.65459500002908
ESOL,B,GWO,2.717989149998175,100,0,299.9137744999025,299.91855200001737
ESOL,B,GWO,4.518131699995138,100,0,476.07463700004155,476.0795143999276
ESOL,B,GWO,4.246825500013074,100,0,480.75919020024594,480.7638559000334
ESOL,B,GWO,10.787953599967295,100,0,1035.9096899997676,1035.9148117000004
ESOL,B,GWO,2.008481649972964,100,0,229.94329570030095,229.94788739999058
FreeSolv,A,GWO,1.9319471500057261,100,0,256.5581231000833,256.5605578000541
FreeSolv,A,GWO,1.006287500000326,100,0,160.0355374001083,160.037721300032
FreeSolv,A,GWO,0.7515293000033125,100,0,106.32340190024115,106.3251702999114
FreeSolv,A,GWO,0.9327594499918632,100,0,161.7654310000944,161.76700440002605
FreeSolv,A,GWO,1.565558400034206,100,0,232.75571869994747,232.75752360001206
FreeSolv,A,GWO,1.7983113499940373,100,0,255.24344509962248,255.2452779999585
FreeSolv,A,GWO,0.4360016999999061,100,0,63.42221510002855,63.423822599987034
FreeSolv,A,GWO,0.9081534500000998,100,0,136.12142349977512,136.12318210001104
FreeSolv,A,GWO,1.097855400032131,100,0,185.71321200026432,185.71490800002357
FreeSolv,A,GWO,0.6214023500215262,100,0,114.65104230033467,114.65263309999136
FreeSolv,A,GWO,0.8027143499639351,100,0,116.26867919974029,116.27038120001089
FreeSolv,A,GWO,1.2580357499828096,100,0,149.47273480007425,149.47422290005488
FreeSolv,A,GWO,0.7305750000232365,100,0,112.01465250004549,112.01670009997906
FreeSolv,A,GWO,0.5701036499813199,100,0,87.9813433996751,87.98287900001742
FreeSolv,A,GWO,0.665340199979255,100,0,111.14186329953372,111.1436027000309
FreeSolv,A,GWO,1.0578355499892496,100,0,140.34832179988734,140.34988559997873
FreeSolv,A,GWO,0.7169876500265673,100,0,116.7277141000377,116.72983580001164
FreeSolv,A,GWO,0.43308665000949986,100,0,89.6284901999752,89.63029840000672
FreeSolv,A,GWO,1.7940412499883678,100,0,268.5363842002116,268.53821250004694
FreeSolv,A,GWO,1.541031800006749,100,0,209.3892480994691,209.39128410001285
FreeSolv,A,GWO,0.8081015500065405,100,0,130.52808679966256,130.5311428999994
FreeSolv,A,GWO,0.8505318000097759,100,0,127.78100329992594,127.7831281000399
FreeSolv,A,GWO,0.6275530999701004,100,0,98.87515099998564,98.87713649997022
FreeSolv,A,GWO,0.7180196499975864,100,0,112.51626359991496,112.51836349995574
FreeSolv,A,GWO,0.7024134999956004,100,0,134.87711209984263,134.8788030000287
FreeSolv,A,GWO,1.5933815999887884,100,0,193.0172879997408,193.0190176999895
FreeSolv,A,GWO,3.278989799990086,100,0,339.57095489971107,339.5727961000521
FreeSolv,A,GWO,1.031276500027161,100,0,161.84641209989786,161.84835239994572
FreeSolv,A,GWO,0.725114200002281,100,0,110.7697508003912,110.77147580008022
FreeSolv,A,GWO,2.0417988499975763,100,0,261.211207700253,261.2129789000028
FreeSolv,B,GWO,1.0744158000161406,100,0,167.46136050013592,167.46591909992276
FreeSolv,B,GWO,0.6873561499814969,100,0,85.35798059956869,85.36233939998783
FreeSolv,B,GWO,0.5293834999902174,100,0,63.584226400009356,63.58816179999849
FreeSolv,B,GWO,1.8810128000041004,100,0,175.90543889958644,175.90940740000224
FreeSolv,B,GWO,0.5825472500291653,100,0,79.7746381998295,79.7785163000226
FreeSolv,B,GWO,0.30049350002082065,100,0,43.29282989981584,43.296587999968324
FreeSolv,B,GWO,0.5925595000153407,100,0,79.59253499977058,79.59624270000495
FreeSolv,B,GWO,1.2619899500277825,100,0,137.50886450026883,137.51272529998096
FreeSolv,B,GWO,0.27792930000578053,100,0,45.116333000187296,45.11999549996108
FreeSolv,B,GWO,0.8387276499997824,100,0,96.57503620005446,96.57860599999549
FreeSolv,B,GWO,0.4819510999659542,100,0,72.03279349987861,72.03658459999133
FreeSolv,B,GWO,0.43976750000729226,100,0,62.766930100275204,62.770679499953985
FreeSolv,B,GWO,0.6293307000305504,100,0,81.06155910016969,81.06609350000508
FreeSolv,B,GWO,0.5698821000114549,100,0,70.35013500007335,70.3538150000386
FreeSolv,B,GWO,0.689777449995745,100,0,79.16486169985728,79.16841059998842
FreeSolv,B,GWO,0.4990980000293348,100,0,63.41645180055639,63.41998659999808
FreeSolv,B,GWO,0.3217528500244953,100,0,55.88793359999545,55.89159760001348
FreeSolv,B,GWO,0.41547340000397526,100,0,59.43502559995977,59.43854990002001
FreeSolv,B,GWO,0.2931096499960404,100,0,51.62904900038848,51.634235900011845
FreeSolv,B,GWO,0.5271594999940135,100,0,82.25768549990607,82.2612048999872
FreeSolv,B,GWO,0.8753408000047784,100,0,87.77512310037855,87.77883880003355
FreeSolv,B,GWO,0.3679685000097379,100,0,51.93740699940827,51.9411941000144
FreeSolv,B,GWO,0.33209904996328987,100,0,64.10152239969466,64.10531220003031
FreeSolv,B,GWO,0.3126436499878764,100,0,61.05447919998551,61.0587852000026
FreeSolv,B,GWO,0.524350849998882,100,0,71.2896390001988,71.29357310000341
FreeSolv,B,GWO,0.7973877000040375,100,0,85.35247470019385,85.35630869999295
FreeSolv,B,GWO,0.5506040000182111,100,0,67.20453320012894,67.20867810002528
FreeSolv,B,GWO,0.7048076500068419,100,0,80.74106119992211,80.74476099997992
FreeSolv,B,GWO,0.4260834999731742,100,0,59.68676840007538,59.69046650000382
FreeSolv,B,GWO,0.6170221499924082,100,0,67.7479756999528,67.75220950000221
Lipophilicity,A,GWO,12.631368249974912,100,0,1614.780415099929,1614.7820014000172
Lipophilicity,A,GWO,12.930503950017737,100,0,1641.013736899593,1641.0154538000352
Lipophilicity,A,GWO,23.0094461000117,100,0,2663.070746900048,2663.0723237000057
Lipophilicity,A,GWO,8.706439450004837,100,0,1170.1121052000672,1170.1135976000223
Lipophilicity,A,GWO,24.565725399996154,100,0,2574.1734003996244,2574.1750616999925
Lipophilicity,A,GWO,29.44145884999307,100,0,3216.1597673998913,3216.161416799994
Lipophilicity,A,GWO,5.73613220002153,100,0,647.8746147002676,647.8761547000031
Lipophilicity,A,GWO,15.806618149974383,100,0,1994.2854578999686,1994.2869517000508
Lipophilicity,A,GWO,9.1864413000294,100,0,1348.240065299673,1348.2417646000395
Lipophilicity,A,GWO,6.425616099993931,100,0,732.0877045998932,732.08907060005
Lipophilicity,A,GWO,11.031637999985833,100,0,1218.6223171003512,1218.6238223999972
Lipophilicity,A,GWO,13.922720300004585,100,0,1383.2374052000232,1383.238980199967
Lipophilicity,A,GWO,7.972825300006662,100,0,1212.8024156995816,1212.8040875000297
Lipophilicity,A,GWO,11.330808400001843,100,0,1447.6717589999898,1447.6736063999706
Lipophilicity,A,GWO,7.580125700013014,100,0,1477.8393127997406,1477.8409891999909
Lipophilicity,A,GWO,13.519455750007182,100,0,1379.7907444995944,1379.7922575000557
Lipophilicity,A,GWO,21.42980849999003,100,0,2401.890496200009,2401.892300300009
Lipophilicity,A,GWO,11.435916350019397,100,0,1302.8512117000064,1302.852909600013
Lipophilicity,A,GWO,25.39342994999606,100,0,2886.348399400129,2886.3500813000137
Lipophilicity,A,GWO,22.359309599967673,100,0,2289.1727823999245,2289.174291800009
Lipophilicity,A,GWO,12.79378199999337,100,0,1670.7616102998727,1670.7632612000452
Lipophilicity,A,GWO,17.315325300005497,100,0,2183.9923021995346,2183.993877299945
Lipophilicity,A,GWO,14.177260800002841,100,0,1739.2922732998268,1739.293949600018
Lipophilicity,A,GWO,13.951314600009937,100,0,1684.284453399945,1684.286251100013
Lipophilicity,A,GWO,13.179009450017475,100,0,1631.388783200353,1631.3904082000372
Lipophilicity,A,GWO,15.170481499982998,100,0,1778.7446971998434,1778.7462698000018
Lipophilicity,A,GWO,24.355100500019034,100,0,2670.616586400545,2670.618242299999
Lipophilicity,A,GWO,17.609861400007503,100,0,2078.2731540001114,2078.274719499983
Lipophilicity,A,GWO,12.724514199973783,100,0,1514.9649626996252,1514.9664601000259
Lipophilicity,A,GWO,9.567024349991698,100,0,1105.6778373002307,1105.679547799984
Lipophilicity,B,GWO,5.457730399997672,100,0,728.3485100999242,728.3534438000061
Lipophilicity,B,GWO,11.662595300003886,100,0,1306.4229550999007,1306.4277432999224
Lipophilicity,B,GWO,8.574601350002922,100,0,938.5827647999977,938.5875261000474
Lipophilicity,B,GWO,11.267164050019346,100,0,1201.888026399538,1201.8928367999615
Lipophilicity,B,GWO,4.6007854499912355,100,0,576.7500457998831,576.7545978999697
Lipophilicity,B,GWO,5.863302499958081,100,0,763.1700120003079,763.1744247000315
Lipophilicity,B,GWO,2.8715625499607995,100,0,538.0474671999109,538.0523165999912
Lipophilicity,B,GWO,5.880434650025563,100,0,732.1920026000007,732.1965749000083
Lipophilicity,B,GWO,8.000631149974652,100,0,937.3260801999131,937.3305602000328
Lipophilicity,B,GWO,8.600844049971784,100,0,937.2731398999458,937.277981900028
Lipophilicity,B,GWO,16.163437449984485,100,0,1850.8839685997227,1850.8886046999833
Lipophilicity,B,GWO,9.850759599998128,100,0,1007.6979992999695,1007.7030198000139
Lipophilicity,B,GWO,4.394506099954015,100,0,505.293314400129,505.29802519996883
Lipophilicity,B,GWO,6.460130199993728,100,0,1034.9767418002011,1034.9812908000313
Lipophilicity,B,GWO,3.275573999999324,100,0,403.94645030010724,403.95125559996814
Lipophilicity,B,GWO,6.944073500024388,100,0,882.1193441996002,882.12374369998
Lipophilicity,B,GWO,10.335538899991661,100,0,1450.5026827002876,1450.5074814999825
Lipophilicity,B,GWO,9.99480755001423,100,0,1194.767750299885,1194.772548500041
Lipophilicity,B,GWO,6.354838750005001,100,0,696.214341300074,696.2191048000241
Lipophilicity,B,GWO,3.5447510500089265,100,0,355.193730800529,355.19822930003284
Lipophilicity,B,GWO,6.29542735000723,100,0,729.7513509003329,729.7560998999979
Lipophilicity,B,GWO,10.766978150000796,100,0,1078.9272344997153,1078.931894200039
Lipophilicity,B,GWO,5.626706649985863,100,0,640.253712299862,640.2583703999408
Lipophilicity,B,GWO,13.853547150007216,100,0,1346.6623553993995,1346.6673802000005
Lipophilicity,B,GWO,17.44127280000248,100,0,1772.6700891003711,1772.6747524999664
Lipophilicity,B,GWO,3.4932395500072744,100,0,434.80726989987306,434.8115109000937
Lipophilicity,B,GWO,8.696960400004173,100,0,1002.7937610999797,1002.7982765000197
Lipophilicity,B,GWO,7.790795100008836,100,0,925.294668499555,925.2992152000079
Lipophilicity,B,GWO,4.786076749966014,100,0,557.7900974999066,557.7947225999669
Lipophilicity,B,GWO,5.754827149998164,100,0,623.0963173998753,623.1010052000056
BACE,A,WOA,5.2823009000276215,98,0,483.49278729985235,483.4945836000261
BACE,A,WOA,1.4260827000252903,97,0,190.76369260024512,190.76528389996383
BACE,A,WOA,1.154094850004185,96,0,125.12695120013086,125.12868630001321
BACE,A,WOA,1.9404037999920547,99,0,207.6639008000493,207.66558700002497
BACE,A,WOA,1.5919676499906927,98,0,176.81371519999811,176.81538849999197
BACE,A,WOA,4.021497549983906,96,0,405.60701400012476,405.60864729998866
BACE,A,WOA,1.1679584000085015,96,0,127.57940100028645,127.58110259997193
BACE,A,WOA,1.2818445999873802,95,0,139.7906596000539,139.7923992999713
BACE,A,WOA,1.3689319999830332,94,0,153.33005250018323,153.33172459999332
BACE,A,WOA,1.211624599993229,97,0,115.73638550005853,115.73785569996107
BACE,A,WOA,1.0760175499890465,96,0,134.7918527001748,134.79334530001506
BACE,A,WOA,2.9575296500115655,100,0,285.30285350006307,285.30440330004785
BACE,A,WOA,1.9434016500017606,92,0,177.83451739978045,177.8361755000078
BACE,A,WOA,1.9209090500080492,96,0,181.53846529999282,181.54005200002575
BACE,A,WOA,0.7920268999878317,93,0,88.7294634997379,88.7309050000622
BACE,A,WOA,0.6769692499947269,96,0,84.8837564997375,84.8854502000031
BACE,A,WOA,3.565884299983736,93,0,315.9385603996343,315.9402215000009
BACE,A,WOA,0.9922923500125762,98,0,126.8342007000465,126.83588520000922
BACE,A,WOA,1.0426040000165813,97,0,111.15922749991296,111.16071810002904
BACE,A,WOA,2.810003449994838,96,0,305.38159169990104,305.38312720000977
BACE,A,WOA,1.6028715499851387,96,0,180.13505010004155,180.1366283998941
BACE,A,WOA,1.1717843000078574,97,0,130.3702208995237,130.37192720000166
BACE,A,WOA,3.6292153000249527,97,0,358.0192362998496,358.0208011000068
BACE,A,WOA,4.635058050014777,98,0,397.77468120027333,397.7763547000359
BACE,A,WOA,1.6111400999943726,98,0,179.46648480015574,179.46804610005347
BACE,A,WOA,0.9603235999820754,99,0,129.34342969977297,129.34524959995179
BACE,A,WOA,0.9232234499941114,100,0,123.48349860019516,123.48530320008285
BACE,A,WOA,1.9006787999824155,96,0,236.3807242999319,236.3825886999839
BACE,A,WOA,6.370467200031271,96,0,509.38163500023074,509.383166500018
BACE,A,WOA,2.183765300025698,95,0,200.10709309985396,200.10874510003487
BACE,B,WOA,1.1559871999779716,94,0,111.84450240037404,111.84838149993448
BACE,B,WOA,1.491560850001406,96,0,148.13816390017746,148.14281420002226
BACE,B,WOA,0.9984755999757908,97,0,89.42784759984352,89.43188049999299
BACE,B,WOA,0.7793735000304878,97,0,73.7416277002776,73.74579279997852
BACE,B,WOA,1.7168199000007007,100,0,178.29586729995208,178.30009279993828
BACE,B,WOA,0.476202399993781,98,0,53.79075460013701,53.794863499933854
BACE,B,WOA,2.199712199973874,93,0,189.53614830016159,189.5401202000212
BACE,B,WOA,0.41896635002922267,96,0,63.406445800326765,63.4106186000281
BACE,B,WOA,0.613589049957227,98,0,81.43308290001005,81.436696400051
BACE,B,WOA,0.4301532999961637,99,0,49.57792619976681,49.58196860004682
BACE,B,WOA,0.3408157999801915,98,0,38.71418640046613,38.718352299998514
BACE,B,WOA,0.622833650035318,98,0,67.75914460001513,67.76365729997633
BACE,B,WOA,1.296612499980256,97,0,116.24117790022865,116.24543750000885
BACE,B,WOA,0.44482880004215986,95,0,54.3457607999444,54.35072739998577
BACE,B,WOA,0.34649190003983676,99,0,47.50887249986408,47.5127657999401
BACE,B,WOA,0.5331549000111409,97,0,60.0810857997858,60.08502340002451
BACE,B,WOA,0.8250118000141811,98,0,81.88435290002963,81.88814609998371
BACE,B,WOA,1.0597470999928191,98,0,102.38571899983799,102.38987970002927
BACE,B,WOA,0.9461093000136316,97,0,186.54745389980962,186.5518303999561
BACE,B,WOA,1.1850434500083793,96,0,114.47609610011568,114.48053619998973
BACE,B,WOA,0.9947473999927752,97,0,100.6925517997588,100.69662289996631
BACE,B,WOA,0.26694729999871925,95,0,41.73048650025157,41.73405929998262
BACE,B,WOA,2.405245100002503,98,0,241.531465300126,241.53556669998216
BACE,B,WOA,0.8733524999988731,98,0,90.58638579986291,90.59067200002028
BACE,B,WOA,1.0954601500125136,98,0,103.91806139977416,103.92216110002482
BACE,B,WOA,2.6027953999873716,100,0,304.3004861002555,304.30496159999166
BACE,B,WOA,0.9968872499885038,96,0,91.45044350024546,91.45463809999637
BACE,B,WOA,0.403297000011662,100,0,54.65877290000208,54.66312059998745
BACE,B,WOA,1.49879649997456,97,0,153.65082869981416,153.65455730003305
BACE,B,WOA,0.4713814500137232,100,0,53.643843899830244,53.64742529997602
BBBP,A,WOA,2.177051050006412,96,0,252.3058094997541,252.30809639993822
BBBP,A,WOA,3.1899215999874286,96,0,410.5061370996409,410.50792180001736
BBBP,A,WOA,2.359268100000918,99,0,225.22710870049195,225.22906549996696
BBBP,A,WOA,2.626518999983091,95,0,252.04530739993788,252.04704849998234
BBBP,A,WOA,2.8038853500038385,96,0,329.4963120002649,329.49810780002736
BBBP,A,WOA,2.5515070499968715,96,0,277.17904439975973,277.1808636999922
BBBP,A,WOA,3.784339150035521,92,0,381.6891662006965,381.690901199996
BBBP,A,WOA,2.3766687999886926,98,0,233.65202059986768,233.6535900000017
BBBP,A,WOA,2.48854674998438,96,0,265.61731789947953,265.61901649995707
BBBP,A,WOA,0.8871660000295378,99,0,106.16692060022615,106.16878080001334
BBBP,A,WOA,1.2241451000154484,98,0,137.21772710018558,137.21935060003307
BBBP,A,WOA,1.0822528999997303,99,0,131.59991690015886,131.60156059998553
BBBP,A,WOA,2.282137550006155,98,0,238.39735679962905,238.39925850002328
BBBP,A,WOA,1.383961800020188,95,0,147.9223023004597,147.92380290001165
BBBP,A,WOA,1.4042417000164278,99,0,145.2192075001076,145.22082139999839
BBBP,A,WOA,1.7914558999764267,98,0,183.80671450012596,183.80844220001018
BBBP,A,WOA,1.891438049991848,96,0,188.05228549992898,188.05398850003257
BBBP,A,WOA,1.8002639000187628,96,0,175.80083610018482,175.80260669998825
BBBP,A,WOA,1.935461100016255,99,0,196.72879990033107,196.7305579999811
BBBP,A,WOA,2.156988000002457,98,0,200.19443320017308,200.1961456000572
BBBP,A,WOA,3.0356602999963798,97,0,309.4028654001304,309.4049035999924
BBBP,A,WOA,1.3283921500260476,94,0,141.10206099995412,141.10377520002658
BBBP,A,WOA,1.4427687000134028,95,0,163.69147919979878,163.693388100015
BBBP,A,WOA,2.085942299978342,99,0,204.56841850018827,204.57040209992556
BBBP,A,WOA,1.7417947500071023,98,0,184.01550590008264,184.01750010001706
BBBP,A,WOA,2.334796749986708,98,0,257.222705500084,257.22459580004215
BBBP,A,WOA,2.6495051499805413,96,0,234.40448809962254,234.40620690002106
BBBP,A,WOA,2.8880577000090852,95,0,262.5178923000349,262.51980670000194
BBBP,A,WOA,3.5097963500011247,96,0,330.18729319947306,330.18906830000924
BBBP,A,WOA,0.8941955000045709,99,0,113.27062969980761,113.2724057000014
BBBP,B,WOA,0.3693417999893427,97,0,49.64980480005033,49.6541824999731
BBBP,B,WOA,0.8005258999764919,97,0,93.1562058996642,93.16077740001492
BBBP,B,WOA,0.4395337500027381,96,0,46.6563204000704,46.660091100027785
BBBP,B,WOA,0.8311743000522256,97,0,83.74852580018342,83.75336030003382
BBBP,B,WOA,0.9344653500302229,98,0,89.20667860034155,89.21132050000597
BBBP,B,WOA,0.6153250999632291,94,0,58.68461429985473,58.68994810001459
BBBP,B,WOA,1.6749446500034537,96,0,165.1360283998074,165.1407749999198
BBBP,B,WOA,0.9788194999855477,96,0,89.34688989969436,89.35138359997654
BBBP,B,WOA,0.7933241000282578,97,0,81.50326669996139,81.50729009998031
BBBP,B,WOA,1.0055181999923661,98,0,106.44131749990629,106.44598070002394
BBBP,B,WOA,1.193479049979942,98,0,109.34881379973376,109.35450200003106
BBBP,B,WOA,0.7815966999623924,99,0,81.47414940036833,81.47852720000083
BBBP,B,WOA,1.118342349975137,96,0,112.41325529984897,112.41815939999651
BBBP,B,WOA,1.674622200021986,97,0,177.58060850045877,177.58561909996206
BBBP,B,WOA,0.39709790001506917,98,0,54.096546899934765,54.10101919999579
BBBP,B,WOA,0.9140305000182707,96,0,89.38069940009154,89.3854514999548
BBBP,B,WOA,1.157212249992881,98,0,117.72852479986614,117.73333950003143
BBBP,B,WOA,0.3593612000113353,97,0,42.57466570043471,42.578444199985825
BBBP,B,WOA,1.198958449967904,96,0,121.13250469998457,121.13765220006462
BBBP,B,WOA,1.2914880000171252,98,0,123.13419050059747,123.13966770004481
BBBP,B,WOA,1.6230357000022195,97,0,157.04245200019795,157.04771569999866
BBBP,B,WOA,1.803117299976293,99,0,173.6423646999756,173.64933340001153
BBBP,B,WOA,1.2519189000013284,96,0,137.04916240018792,137.05417390004732
BBBP,B,WOA,0.6998105499951635,94,0,69.62461750034709,69.6289456000668
BBBP,B,WOA,0.7287535999785177,97,0,73.94799089996377,73.95299910003087
BBBP,B,WOA,0.9146955000469461,97,0,86.17374539986486,86.17840149998665
BBBP,B,WOA,1.0816951000015251,96,0,122.07830049988115,122.08318410004722
BBBP,B,WOA,0.8813362000219058,96,0,89.33348590013338,89.33758440002566
BBBP,B,WOA,1.5475553500000387,96,0,141.5855754999211,141.59063089999836
BBBP,B,WOA,0.611515500000678,99,0,62.35924250021344,62.36358780000592
ESOL,A,WOA,7.756133349990705,98,0,715.2050915999571,715.2071427999763
ESOL,A,WOA,27.08144140004879,97,0,2280.6054240000667,2280.6073549999855
ESOL,A,WOA,3.8061045999638736,99,0,373.8344271001988,373.8361527000088
ESOL,A,WOA,8.577445400005672,98,0,784.6049376998562,784.6068005000125
ESOL,A,WOA,7.864016050007194,98,0,778.0779153002077,778.0795024000108
ESOL,A,WOA,5.068917299970053,99,0,487.29092390008736,487.29281210002955
ESOL,A,WOA,7.694590850005625,98,0,716.6461700000218,716.6478569999454
ESOL,A,WOA,5.3022332999971695,96,0,486.68019720033044,486.6818041999941
ESOL,A,WOA,9.77015694999136,96,0,806.8630515999976,806.8647947999998
ESOL,A,WOA,0.9300648999633268,97,0,126.88151610048953,126.88334729993949
ESOL,A,WOA,0.8720441999612376,100,0,129.08476349967532,129.08645679999609
ESOL,A,WOA,2.215069149970077,100,0,232.8975326998625,232.8992033000104
ESOL,A,WOA,5.051391250017332,96,0,469.89436099969316,469.8959245000151
ESOL,A,WOA,1.7912283999903593,98,0,202.8886063998798,202.890253999969
ESOL,A,WOA,14.053911050024908,94,0,1274.8099799996126,1274.8116533000139
ESOL,A,WOA,3.632973400002811,96,0,319.15222360001644,319.1537403000402
ESOL,A,WOA,3.7317621000111103,97,0,330.27087190002203,330.27268970006844
ESOL,A,WOA,4.709993349970318,100,0,453.0591069001821,453.0608839999768
ESOL,A,WOA,11.060709700017469,94,0,914.8404723000131,914.8421565000317
ESOL,A,WOA,3.961872800020501,95,0,391.0975262999418,391.09918310004286
ESOL,A,WOA,2.21523500001058,94,0,229.0118132996722,229.01324090000708
ESOL,A,WOA,18.11113859998295,99,0,1515.902138399484,1515.9038234999753
ESOL,A,WOA,1.3808340999530628,97,0,153.15844980004476,153.15991679998115
ESOL,A,WOA,15.463432599994121,100,0,1285.3938510997104,1285.395709500066
ESOL,A,WOA,1.6267911000177264,99,0,204.92874009924708,204.93039449997013
ESOL,A,WOA,3.8396397000178695,100,0,418.77330069988966,418.77500389993656
ESOL,A,WOA,2.9027453499729745,96,0,356.35876809991896,356.3605215000571
ESOL,A,WOA,3.3081683500204235,98,0,346.0555221004761,346.05726380005945
ESOL,A,WOA,0.7365004000021145,97,0,103.09072720003314,103.09252150001703
ESOL,A,WOA,1.8710891000228003,96,0,216.1908025998273,216.19266479997896
ESOL,B,WOA,0.5554953000100795,96,0,88.6642912995303,88.66884330002358
ESOL,B,WOA,2.880229900008999,99,0,295.730939100089,295.7359828999615
ESOL,B,WOA,0.24836540000978857,100,0,38.41070380050223,38.41502049996052
ESOL,B,WOA,0.41529174998868257,100,0,67.07951549993595,67.08358580002096
ESOL,B,WOA,8.865784499997972,96,0,825.8483746997663,825.8538303999812
ESOL,B,WOA,2.7589528000098653,95,0,263.04770990047837,263.0518400000292
ESOL,B,WOA,12.708638700016309,99,0,1098.404050400015,1098.4088603999699
ESOL,B,WOA,0.7026131000020541,99,0,98.10539959999733,98.10985199996503
ESOL,B,WOA,0.8567667999886908,93,0,99.66501560015604,99.66903500002809
ESOL,B,WOA,10.227877299999818,99,0,1352.735677699733,1352.7408101999317
ESOL,B,WOA,8.392608049995033,96,0,691.9283994000289,691.9335707999999
ESOL,B,WOA,1.1503943999996409,97,0,118.18122270039748,118.18555939994985
ESOL,B,WOA,1.1514754999661818,97,0,135.08086189988535,135.08532219997142
ESOL,B,WOA,4.368053000012878,94,0,447.574267399963,447.57914580003126
ESOL,B,WOA,0.7228689000185113,100,0,86.88324510061648,86.88753469998483
ESOL,B,WOA,2.787804200022947,96,0,254.01363209995907,254.0187242999673
ESOL,B,WOA,4.122860900009982,95,0,341.3915229001432,341.39583410002524
ESOL,B,WOA,1.1228059499990195,98,0,113.45047569990857,113.45506660005776
ESOL,B,WOA,1.4608879000297748,99,0,174.23610820050817,174.2403349999804
ESOL,B,WOA,7.70239789999323,99,0,628.4416525998386,628.4459900000365
ESOL,B,WOA,2.4222374000237323,93,0,224.7029439000762,224.70720940001775
ESOL,B,WOA,4.977976399997715,98,0,471.2609747002134,471.2660535000032
ESOL,B,WOA,1.625973049987806,100,0,132.5072817002656,132.5116290000733
ESOL,B,WOA,2.800920399953611,97,0,270.5795482995454,270.58457779994933
ESOL,B,WOA,2.497252050001407,98,0,239.88112700008787,239.8861550000147
ESOL,B,WOA,1.7789085000404157,99,0,221.10059950023424,221.10501480003586
ESOL,B,WOA,1.0762167499924544,94,0,134.14893370011123,134.15375890000723
ESOL,B,WOA,2.954970999970101,93,0,253.76996089995373,253.77419540000847
ESOL,B,WOA,1.9670111000305042,97,0,200.9476476999116,200.9520438000327
ESOL,B,WOA,1.6815769499808084,100,0,176.08958620001795,176.09409959998447
FreeSolv,A,WOA,3.3212529000011273,99,0,324.17018329992425,324.17200760002015
FreeSolv,A,WOA,0.8936540000140667,99,0,110.10476289963117,110.10639169998467
FreeSolv,A,WOA,1.1936170000117272,97,0,129.44723790010903,129.44920239999192
FreeSolv,A,WOA,1.7712737999972887,99,0,192.96089340007165,192.96259340003598
FreeSolv,A,WOA,0.7173476000025403,96,0,155.3763745999895,155.37800970004173
FreeSolv,A,WOA,2.7639683000161313,97,0,295.1060999001493,295.1080624999595
FreeSolv,A,WOA,0.6590077999862842,95,0,103.84529299935093,103.84691179997753
FreeSolv,A,WOA,0.7992797000042628,94,0,96.57818709989078,96.58026819996303
FreeSolv,A,WOA,2.1823251000023447,88,0,240.25224630022421,240.2538149000029
FreeSolv,A,WOA,1.135038199950941,95,0,130.6497031999752,130.6512627999182
FreeSolv,A,WOA,1.0683895999682136,75,0,108.88551929983078,108.88713099993765
FreeSolv,A,WOA,2.2557669000234455,100,0,211.79390320013044,211.79542789998231
FreeSolv,A,WOA,0.9886477999971248,95,0,105.41514340002323,105.41663240001071
FreeSolv,A,WOA,0.8663423999678344,97,0,113.16760630020872,113.1692629000172
FreeSolv,A,WOA,1.0703343000204768,96,0,123.71156270004576,123.71320199995534
FreeSolv,A,WOA,1.127974400005769,95,0,107.4583767997683,107.45981289999327
FreeSolv,A,WOA,1.0275212999549694,97,0,109.61343779973686,109.61569860001327
FreeSolv,A,WOA,1.1806723000190686,94,0,132.3168014002731,132.3184947000118
FreeSolv,A,WOA,0.8665369000518695,95,0,181.12032860005274,181.12166740000248
FreeSolv,A,WOA,1.1654163000057451,91,0,177.38291600020602,177.3842830999638
FreeSolv,A,WOA,0.8653943000244908,96,0,116.38437319971854,116.38635199994314
FreeSolv,A,WOA,1.0765615500276908,98,0,138.2694167997688,138.27097979997052
FreeSolv,A,WOA,0.6162046000245027,98,0,89.89369699999224,89.89520000002813
FreeSolv,A,WOA,1.3483898999984376,99,0,145.4308064999641,145.4323127999669
FreeSolv,A,WOA,1.3092153999896254,94,0,140.6402382000815,140.6417998999823
FreeSolv,A,WOA,0.889387600007467,97,0,121.1919867998804,121.19360559998313
FreeSolv,A,WOA,2.3382456499966793,98,0,247.23717620008392,247.23873189999722
FreeSolv,A,WOA,0.4646243000170216,97,0,65.86477300035767,65.86645200004568
FreeSolv,A,WOA,0.3681631999788806,93,0,55.31288670009235,55.31443600001512
FreeSolv,A,WOA,2.9549470999918412,98,0,301.40310150006553,301.40516039996874
FreeSolv,B,WOA,0.5361691999714822,63,0,43.892781299888156,43.89670649997424
FreeSolv,B,WOA,0.21910809996188618,92,0,32.091978500422556,32.09530279994942
FreeSolv,B,WOA,0.6533592499908991,98,0,66.06928560003871,66.07341270003235
FreeSolv,B,WOA,0.43062329999520443,98,0,45.29044040030567,45.29446259996621
FreeSolv,B,WOA,1.0374537000316195,96,1,114.27073730010306,10333.01289350004
FreeSolv,B,WOA,0.5876647499680985,95,1,69.31091970013222,10284.334197600081
FreeSolv,B,WOA,0.37179249999462627,94,0,49.648197400034405,49.65169109997805
FreeSolv,B,WOA,1.1358538499916904,95,1,193.23932469967986,10412.273060799984
FreeSolv,B,WOA,0.4324635000084527,100,1,62.168097499758005,10276.620148600021
FreeSolv,B,WOA,1.0343828999903053,96,1,129.605707400362,10350.67057029996
FreeSolv,B,WOA,1.282017250021454,97,1,145.8987217998947,10362.958378699957
FreeSolv,B,WOA,0.5392671499575954,97,1,62.45993569976417,10279.75065469998
FreeSolv,B,WOA,0.7705353999626823,99,0,75.60778030072106,75.6117769999546
FreeSolv,B,WOA,0.5604073000140488,100,1,62.10649480030406,10279.52537029999
FreeSolv,B,WOA,1.8784526999806985,94,1,172.8360194999259,10394.032086499967
FreeSolv,B,WOA,0.642364200000884,98,0,80.52957310021156,80.5345793000306
FreeSolv,B,WOA,1.7107971999794245,99,0,171.34172329987632,171.34605030005332
FreeSolv,B,WOA,0.5229996999842115,97,0,64.62412819993915,64.62837970000692
FreeSolv,B,WOA,1.361932550003985,100,0,134.8915146997315,134.89569919998758
FreeSolv,B,WOA,1.2268024999648333,97,0,120.40531009982806,120.40844129992183
FreeSolv,B,WOA,0.7521904000313953,97,0,73.66217459994368,73.66629760002252
FreeSolv,B,WOA,0.6728268999722786,97,0,68.82795470010024,68.83191569993505
FreeSolv,B,WOA,0.4807001000153832,98,0,60.535856700036675,60.5394766999525
FreeSolv,B,WOA,0.22711659997003153,99,0,39.76284820004366,39.76669020002009
FreeSolv,B,WOA,0.9451544000185095,97,0,106.20245939999586,106.20682680001482
FreeSolv,B,WOA,3.9228139499900863,99,1,349.52678770030616,10575.410678300017
FreeSolv,B,WOA,0.495503899990581,96,0,56.43740649992833,56.44147580000572
FreeSolv,B,WOA,0.42287734997808,96,0,47.06326879997505,47.06730550003704
FreeSolv,B,WOA,0.8335296500008553,96,0,84.63796719961101,84.64138119999552
FreeSolv,B,WOA,0.5726705499982927,100,0,62.03363779938081,62.038247099961154
Lipophilicity,A,WOA,6.9206062000012025,99,0,855.9982668000739,855.9996991999215
Lipophilicity,A,WOA,17.67224799998803,99,0,1897.4655945000122,1897.4672202999354
Lipophilicity,A,WOA,30.976879449997796,100,0,2661.9644767003483,2661.9660834000097
Lipophilicity,A,WOA,9.891393850004533,100,0,1129.3928334002849,1129.3943603999796
Lipophilicity,A,WOA,26.989662100037094,99,0,2525.2932236997294,2525.2947921000305
Lipophilicity,A,WOA,19.66275950000272,94,0,2259.2566636996344,2259.258344300033
Lipophilicity,A,WOA,8.342010899970774,97,0,936.5275727002881,936.5292561000097
Lipophilicity,A,WOA,56.798956500017084,97,0,4953.977340599697,4953.979197800043
Lipophilicity,A,WOA,16.41200235002907,94,0,1772.929863199999,1772.9314988000551
Lipophilicity,A,WOA,7.362503999960609,99,0,786.0344309997745,786.0361527000205
Lipophilicity,A,WOA,11.46572659999947,96,0,1072.9841385997133,1072.9856805000454
Lipophilicity,A,WOA,15.485238699999172,99,0,1473.4635074002435,1473.465090200014
Lipophilicity,A,WOA,17.60458679997828,96,0,1590.0819641998387,1590.083579499973
Lipophilicity,A,WOA,8.819404599955305,95,0,1000.6669932002551,1000.6683774999692
Lipophilicity,A,WOA,5.4668045999715105,97,0,650.6025493999477,650.603957699961
Lipophilicity,A,WOA,4.5431394999613985,93,0,473.56665670033544,473.5681068000267
Lipophilicity,A,WOA,14.26511050001136,96,0,1342.4109538001358,1342.4124369999627
Lipophilicity,A,WOA,10.368910900026094,96,0,1068.5866855003987,1068.588149200019
Lipophilicity,A,WOA,2.4782999000162818,100,0,607.7610980001045,607.7624470000155
Lipophilicity,A,WOA,8.550794949987903,100,0,956.1148226998048,956.1163419000222
Lipophilicity,A,WOA,46.80053885001689,96,0,5061.2332064000075,5061.234898000024
Lipophilicity,A,WOA,27.58165095001459,100,0,2556.313537000271,2556.315126600035
Lipophilicity,A,WOA,5.318828799994662,95,0,610.6542798001901,610.6558501999825
Lipophilicity,A,WOA,16.385006199998315,97,0,1544.0722368001007,1544.073629999999
Lipophilicity,A,WOA,30.71606999996584,95,0,2737.994656700117,2737.996082000027
Lipophilicity,A,WOA,5.630256300006295,98,0,770.8176562000299,770.819135299942
Lipophilicity,A,WOA,36.152653299999656,98,0,3461.6729330003145,3461.674562799977
Lipophilicity,A,WOA,22.04049665000639,94,0,2026.0645457003266,2026.0661628999515
Lipophilicity,A,WOA,16.84906239999691,97,0,1512.7065270998864,1512.708149300015
Lipophilicity,A,WOA,36.74255159997847,99,0,3559.096292299975,3559.098186600022
Lipophilicity,B,WOA,7.78361365001183,98,0,776.4598258000333,776.4648797999835
Lipophilicity,B,WOA,9.775856050022412,98,0,1034.7317210997571,1034.736413500039
Lipophilicity,B,WOA,5.617337000032421,99,0,618.6283378003864,618.6336298999959
Lipophilicity,B,WOA,17.462110050022602,96,0,1756.4475531004136,1756.4525461000158
Lipophilicity,B,WOA,12.45616910001263,97,0,1149.0741106001078,1149.0788992999587
Lipophilicity,B,WOA,13.05953710002359,99,0,1232.5685327001847,1232.5738081000163
Lipophilicity,B,WOA,3.964407499996014,96,0,455.1751622001757,455.1797224000329
Lipophilicity,B,WOA,5.501257800031453,99,0,593.6810128994985,593.6853668000549
Lipophilicity,B,WOA,11.14215415000217,96,0,1099.3347379998886,1099.3392674000352
Lipophilicity,B,WOA,3.565929000003962,92,0,432.47392759996,432.4785789999878
Lipophilicity,B,WOA,17.21681755001191,100,0,1636.7143555000075,1636.7186092000338
Lipophilicity,B,WOA,10.049811800010502,93,0,1085.6945527001517,1085.6991080999724
Lipophilicity,B,WOA,28.381951200019103,99,0,2799.1668921998353,2799.1718659999897
Lipophilicity,B,WOA,4.04315625000163,96,0,542.9445754998014,542.9490718999878
Lipophilicity,B,WOA,1.4598662999924272,97,0,249.785427799623,249.7896888999967
Lipophilicity,B,WOA,8.653631899971515,99,0,892.8550583997276,892.8598377999733
Lipophilicity,B,WOA,3.012663799978327,95,0,440.93019130040193,440.9343264999916
Lipophilicity,B,WOA,2.1339564999798313,93,0,296.53735530009726,296.5416343000252
Lipophilicity,B,WOA,4.263420999981463,95,0,432.2142177002388,432.2183265000349
Lipophilicity,B,WOA,2.9606308999937028,99,0,324.8299396999064,324.834450400027
Lipophilicity,B,WOA,3.8976829999592155,97,0,423.0345864003175,423.0390195000218
Lipophilicity,B,WOA,4.821737849997589,96,0,507.76333520002663,507.7668151000398
Lipophilicity,B,WOA,9.40642705000937,100,0,832.8591618997743,832.8630241999635
Lipophilicity,B,WOA,12.339286700007506,97,0,1564.9761351001216,1564.9805276000407
Lipophilicity,B,WOA,15.178760199982207,97,0,1242.6177759998245,1242.6225922000012
Lipophilicity,B,WOA,3.277603700000327,99,0,385.8444836998242,385.8488189000054
Lipophilicity,B,WOA,17.619617499993183,100,0,1684.4152739000274,1684.4201878999593
Lipophilicity,B,WOA,16.78830265000579,100,0,1613.5561660997337,1613.5608379999176
Lipophilicity,B,WOA,7.92368589999387,98,0,771.217587099818,771.2225384999765
Lipophilicity,B,WOA,11.333190350007499,98,0,1114.7214677999727,1114.7261873999378
