[2026-09-26 10:09:23] === session 1 start | .\results\xgb_mh\full | code 4669997af4a6 | n_jobs=10
[2026-09-26 10:09:23] finished runs skipped: 0/1500 | partial runs to redo: 0 | stray .tmp files removed: 0 | to run now: 1500
[2026-09-26 10:09:23]   BBBP: 0/300 runs done
[2026-09-26 10:09:23]   FreeSolv: 0/300 runs done
[2026-09-26 10:09:23]   BACE: 0/300 runs done
[2026-09-26 10:09:23]   ESOL: 0/300 runs done
[2026-09-26 10:09:23]   Lipophilicity: 0/300 runs done
[2026-09-26 10:09:24] baseline BBBP done
[2026-09-26 10:09:26] baseline FreeSolv done
[2026-09-26 10:09:27] baseline BACE done
[2026-09-26 10:09:29] baseline ESOL done
[2026-09-26 10:09:33] baseline Lipophilicity done
[2026-09-26 10:12:01] 1/1500 BBBP_A_random_s6 (145s) | elapsed session 0h02m, total 0h02m | ETA 8h23m (actual/smoke-median cost ratio 0.72)
[2026-09-26 10:12:16] 2/1500 BBBP_A_random_s9 (160s) | elapsed session 0h02m, total 0h02m | ETA 8h48m (actual/smoke-median cost ratio 0.76)
[2026-09-26 10:12:16] 3/1500 BBBP_A_random_s2 (160s) | elapsed session 0h02m, total 0h02m | ETA 8h57m (actual/smoke-median cost ratio 0.77)
[2026-09-26 10:12:21] 4/1500 BBBP_A_random_s0 (165s) | elapsed session 0h02m, total 0h02m | ETA 9h05m (actual/smoke-median cost ratio 0.79)
[2026-09-26 10:12:22] 5/1500 BBBP_A_random_s3 (166s) | elapsed session 0h03m, total 0h03m | ETA 9h11m (actual/smoke-median cost ratio 0.79)
[2026-09-26 10:12:30] 6/1500 BBBP_A_random_s8 (174s) | elapsed session 0h03m, total 0h03m | ETA 9h19m (actual/smoke-median cost ratio 0.81)
[2026-09-26 10:12:32] 7/1500 BBBP_A_random_s5 (176s) | elapsed session 0h03m, total 0h03m | ETA 9h26m (actual/smoke-median cost ratio 0.82)
[2026-09-26 10:12:39] 8/1500 BBBP_A_random_s4 (183s) | elapsed session 0h03m, total 0h03m | ETA 9h34m (actual/smoke-median cost ratio 0.83)
[2026-09-26 10:12:45] 9/1500 BBBP_A_random_s7 (189s) | elapsed session 0h03m, total 0h03m | ETA 9h43m (actual/smoke-median cost ratio 0.84)
[2026-09-26 10:12:55] 10/1500 BBBP_A_random_s1 (199s) | elapsed session 0h03m, total 0h03m | ETA 9h53m (actual/smoke-median cost ratio 0.86)
[2026-09-26 10:14:31] 11/1500 BBBP_A_random_s10 (150s) | elapsed session 0h05m, total 0h05m | ETA 9h46m (actual/smoke-median cost ratio 0.85)
[2026-09-26 10:14:45] 12/1500 BBBP_A_random_s14 (142s) | elapsed session 0h05m, total 0h05m | ETA 9h37m (actual/smoke-median cost ratio 0.83)
[2026-09-26 10:14:57] 13/1500 BBBP_A_random_s16 (145s) | elapsed session 0h05m, total 0h05m | ETA 9h31m (actual/smoke-median cost ratio 0.83)
[2026-09-26 10:14:57] 14/1500 BBBP_A_random_s15 (147s) | elapsed session 0h05m, total 0h05m | ETA 9h26m (actual/smoke-median cost ratio 0.82)
[2026-09-26 10:15:00] 15/1500 BBBP_A_random_s13 (159s) | elapsed session 0h05m, total 0h05m | ETA 9h25m (actual/smoke-median cost ratio 0.82)
[2026-09-26 10:15:19] 16/1500 BBBP_A_random_s11 (183s) | elapsed session 0h05m, total 0h05m | ETA 9h28m (actual/smoke-median cost ratio 0.82)
[2026-09-26 10:15:33] 17/1500 BBBP_A_random_s18 (167s) | elapsed session 0h06m, total 0h06m | ETA 9h29m (actual/smoke-median cost ratio 0.82)
[2026-09-26 10:15:36] 18/1500 BBBP_A_random_s17 (177s) | elapsed session 0h06m, total 0h06m | ETA 9h31m (actual/smoke-median cost ratio 0.83)
[2026-09-26 10:15:44] 19/1500 BBBP_A_random_s12 (208s) | elapsed session 0h06m, total 0h06m | ETA 9h38m (actual/smoke-median cost ratio 0.84)
[2026-09-26 10:15:47] 20/1500 BBBP_A_random_s19 (172s) | elapsed session 0h06m, total 0h06m | ETA 9h38m (actual/smoke-median cost ratio 0.84)
[2026-09-26 10:17:11] 21/1500 BBBP_A_random_s21 (147s) | elapsed session 0h07m, total 0h07m | ETA 9h34m (actual/smoke-median cost ratio 0.83)
[2026-09-26 10:17:19] 22/1500 BBBP_A_random_s20 (167s) | elapsed session 0h07m, total 0h07m | ETA 9h34m (actual/smoke-median cost ratio 0.83)
[2026-09-26 10:17:25] 23/1500 BBBP_A_random_s24 (145s) | elapsed session 0h08m, total 0h08m | ETA 9h30m (actual/smoke-median cost ratio 0.83)
[2026-09-26 10:17:53] 24/1500 BBBP_A_random_s23 (175s) | elapsed session 0h08m, total 0h08m | ETA 9h31m (actual/smoke-median cost ratio 0.83)
[2026-09-26 10:17:54] 25/1500 BBBP_A_random_s25 (155s) | elapsed session 0h08m, total 0h08m | ETA 9h29m (actual/smoke-median cost ratio 0.83)
[2026-09-26 10:17:56] 26/1500 BBBP_A_random_s22 (179s) | elapsed session 0h08m, total 0h08m | ETA 9h31m (actual/smoke-median cost ratio 0.83)
[2026-09-26 10:18:10] 27/1500 BBBP_A_random_s26 (157s) | elapsed session 0h08m, total 0h08m | ETA 9h29m (actual/smoke-median cost ratio 0.83)
[2026-09-26 10:18:22] 28/1500 BBBP_A_random_s27 (166s) | elapsed session 0h08m, total 0h08m | ETA 9h29m (actual/smoke-median cost ratio 0.83)
[2026-09-26 10:18:42] 29/1500 BBBP_A_random_s28 (178s) | elapsed session 0h09m, total 0h09m | ETA 9h30m (actual/smoke-median cost ratio 0.83)
[2026-09-26 10:19:09] 30/1500 BBBP_A_random_s29 (202s) | elapsed session 0h09m, total 0h09m | ETA 9h34m (actual/smoke-median cost ratio 0.84)
[2026-09-26 10:19:30] 31/1500 BBBP_A_tpe_s1 (132s) | elapsed session 0h10m, total 0h10m | ETA 9h30m (actual/smoke-median cost ratio 0.83)
[2026-09-26 10:20:48] 32/1500 BBBP_A_tpe_s2 (204s) | elapsed session 0h11m, total 0h11m | ETA 9h33m (actual/smoke-median cost ratio 0.84)
[2026-09-26 10:21:01] 33/1500 BBBP_A_tpe_s4 (187s) | elapsed session 0h11m, total 0h11m | ETA 9h35m (actual/smoke-median cost ratio 0.84)
[2026-09-26 10:21:39] 34/1500 BBBP_A_tpe_s6 (209s) | elapsed session 0h12m, total 0h12m | ETA 9h39m (actual/smoke-median cost ratio 0.85)
[2026-09-26 10:21:59] 35/1500 BBBP_A_tpe_s5 (243s) | elapsed session 0h12m, total 0h12m | ETA 9h45m (actual/smoke-median cost ratio 0.86)
[2026-09-26 10:22:38] 36/1500 BBBP_A_tpe_s3 (285s) | elapsed session 0h13m, total 0h13m | ETA 9h56m (actual/smoke-median cost ratio 0.87)
[2026-09-26 10:22:51] 37/1500 BBBP_A_tpe_s10 (201s) | elapsed session 0h13m, total 0h13m | ETA 9h58m (actual/smoke-median cost ratio 0.87)
[2026-09-26 10:23:22] 38/1500 BBBP_A_tpe_s7 (300s) | elapsed session 0h13m, total 0h13m | ETA 10h09m (actual/smoke-median cost ratio 0.89)
[2026-09-26 10:23:56] 39/1500 BBBP_A_tpe_s9 (288s) | elapsed session 0h14m, total 0h14m | ETA 10h18m (actual/smoke-median cost ratio 0.90)
[2026-09-26 10:24:18] 40/1500 BBBP_A_tpe_s8 (337s) | elapsed session 0h14m, total 0h14m | ETA 10h31m (actual/smoke-median cost ratio 0.92)
[2026-09-26 10:24:34] 41/1500 BBBP_A_tpe_s0 (443s) | elapsed session 0h15m, total 0h15m | ETA 10h52m (actual/smoke-median cost ratio 0.96)
[2026-09-26 10:25:02] 42/1500 BBBP_A_tpe_s11 (253s) | elapsed session 0h15m, total 0h15m | ETA 10h56m (actual/smoke-median cost ratio 0.96)
[2026-09-26 10:25:22] 43/1500 BBBP_A_tpe_s15 (165s) | elapsed session 0h16m, total 0h16m | ETA 10h53m (actual/smoke-median cost ratio 0.96)
[2026-09-26 10:25:44] 44/1500 BBBP_A_tpe_s14 (225s) | elapsed session 0h16m, total 0h16m | ETA 10h56m (actual/smoke-median cost ratio 0.96)
[2026-09-26 10:26:20] 45/1500 BBBP_A_tpe_s18 (143s) | elapsed session 0h16m, total 0h16m | ETA 10h51m (actual/smoke-median cost ratio 0.96)
[2026-09-26 10:26:24] 46/1500 BBBP_A_tpe_s17 (182s) | elapsed session 0h17m, total 0h17m | ETA 10h50m (actual/smoke-median cost ratio 0.96)
[2026-09-26 10:27:12] 47/1500 BBBP_A_tpe_s13 (333s) | elapsed session 0h17m, total 0h17m | ETA 11h00m (actual/smoke-median cost ratio 0.97)
[2026-09-26 10:27:47] 48/1500 BBBP_A_tpe_s12 (406s) | elapsed session 0h18m, total 0h18m | ETA 11h15m (actual/smoke-median cost ratio 0.99)
[2026-09-26 10:27:56] 49/1500 BBBP_A_tpe_s21 (175s) | elapsed session 0h18m, total 0h18m | ETA 11h13m (actual/smoke-median cost ratio 0.99)
[2026-09-26 10:28:08] 50/1500 BBBP_A_tpe_s20 (213s) | elapsed session 0h18m, total 0h18m | ETA 11h13m (actual/smoke-median cost ratio 0.99)
[2026-09-26 10:28:08] --- checkpoint at 50 runs: median fit time per call, actual vs smoke estimate ---
[2026-09-26 10:28:08]     BBBP          A: actual   1.66 s (n=5000) | smoke   1.98 s | ratio 0.84
[2026-09-26 10:28:39] 51/1500 BBBP_A_tpe_s16 (348s) | elapsed session 0h19m, total 0h19m | ETA 11h23m (actual/smoke-median cost ratio 1.01)
[2026-09-26 10:28:50] 52/1500 BBBP_A_tpe_s24 (151s) | elapsed session 0h19m, total 0h19m | ETA 11h19m (actual/smoke-median cost ratio 1.00)
[2026-09-26 10:29:10] 53/1500 BBBP_A_tpe_s22 (228s) | elapsed session 0h19m, total 0h19m | ETA 11h20m (actual/smoke-median cost ratio 1.00)
[2026-09-26 10:29:53] 54/1500 BBBP_A_tpe_s19 (335s) | elapsed session 0h20m, total 0h20m | ETA 11h28m (actual/smoke-median cost ratio 1.02)
[2026-09-26 10:30:25] 55/1500 BBBP_A_tpe_s23 (281s) | elapsed session 0h21m, total 0h21m | ETA 11h33m (actual/smoke-median cost ratio 1.02)
[2026-09-26 10:30:33] 56/1500 BBBP_A_tpe_s25 (248s) | elapsed session 0h21m, total 0h21m | ETA 11h35m (actual/smoke-median cost ratio 1.03)
[2026-09-26 10:30:56] 57/1500 BBBP_A_tpe_s29 (169s) | elapsed session 0h21m, total 0h21m | ETA 11h32m (actual/smoke-median cost ratio 1.02)
[2026-09-26 10:31:30] 58/1500 BBBP_A_tpe_s26 (258s) | elapsed session 0h22m, total 0h22m | ETA 11h35m (actual/smoke-median cost ratio 1.03)
[2026-09-26 10:31:48] 59/1500 BBBP_A_tpe_s28 (231s) | elapsed session 0h22m, total 0h22m | ETA 11h36m (actual/smoke-median cost ratio 1.03)
[2026-09-26 10:32:10] 60/1500 BBBP_A_tpe_s27 (263s) | elapsed session 0h22m, total 0h22m | ETA 11h39m (actual/smoke-median cost ratio 1.03)
[2026-09-26 10:32:27] 61/1500 BBBP_A_gwo_s1 (216s) | elapsed session 0h23m, total 0h23m | ETA 11h39m (actual/smoke-median cost ratio 1.03)
[2026-09-26 10:32:39] 62/1500 BBBP_A_gwo_s3 (166s) | elapsed session 0h23m, total 0h23m | ETA 11h36m (actual/smoke-median cost ratio 1.03)
[2026-09-26 10:33:16] 63/1500 BBBP_A_gwo_s2 (246s) | elapsed session 0h23m, total 0h23m | ETA 11h38m (actual/smoke-median cost ratio 1.03)
[2026-09-26 10:33:51] 64/1500 BBBP_A_gwo_s0 (311s) | elapsed session 0h24m, total 0h24m | ETA 11h43m (actual/smoke-median cost ratio 1.04)
[2026-09-26 10:33:57] 65/1500 BBBP_A_gwo_s6 (180s) | elapsed session 0h24m, total 0h24m | ETA 11h41m (actual/smoke-median cost ratio 1.04)
[2026-09-26 10:34:22] 66/1500 BBBP_A_gwo_s5 (230s) | elapsed session 0h25m, total 0h25m | ETA 11h42m (actual/smoke-median cost ratio 1.04)
[2026-09-26 10:35:14] 67/1500 BBBP_A_gwo_s4 (289s) | elapsed session 0h25m, total 0h25m | ETA 11h46m (actual/smoke-median cost ratio 1.05)
[2026-09-26 10:36:10] 68/1500 BBBP_A_gwo_s10 (223s) | elapsed session 0h26m, total 0h26m | ETA 11h46m (actual/smoke-median cost ratio 1.05)
[2026-09-26 10:36:11] 69/1500 BBBP_A_gwo_s9 (241s) | elapsed session 0h26m, total 0h26m | ETA 11h47m (actual/smoke-median cost ratio 1.05)
[2026-09-26 10:36:34] 70/1500 BBBP_A_gwo_s7 (304s) | elapsed session 0h27m, total 0h27m | ETA 11h51m (actual/smoke-median cost ratio 1.06)
[2026-09-26 10:36:40] 71/1500 BBBP_A_gwo_s8 (293s) | elapsed session 0h27m, total 0h27m | ETA 11h54m (actual/smoke-median cost ratio 1.06)
[2026-09-26 10:37:04] 72/1500 BBBP_A_gwo_s11 (265s) | elapsed session 0h27m, total 0h27m | ETA 11h57m (actual/smoke-median cost ratio 1.07)
[2026-09-26 10:37:27] 73/1500 BBBP_A_gwo_s14 (210s) | elapsed session 0h28m, total 0h28m | ETA 11h56m (actual/smoke-median cost ratio 1.07)
[2026-09-26 10:38:10] 74/1500 BBBP_A_gwo_s15 (227s) | elapsed session 0h28m, total 0h28m | ETA 11h56m (actual/smoke-median cost ratio 1.07)
[2026-09-26 10:38:51] 75/1500 BBBP_A_gwo_s12 (335s) | elapsed session 0h29m, total 0h29m | ETA 12h01m (actual/smoke-median cost ratio 1.08)
[2026-09-26 10:38:57] 76/1500 BBBP_A_gwo_s13 (307s) | elapsed session 0h29m, total 0h29m | ETA 12h05m (actual/smoke-median cost ratio 1.08)
[2026-09-26 10:39:14] 77/1500 BBBP_A_gwo_s17 (184s) | elapsed session 0h29m, total 0h29m | ETA 12h03m (actual/smoke-median cost ratio 1.08)
[2026-09-26 10:39:24] 78/1500 BBBP_A_gwo_s19 (170s) | elapsed session 0h30m, total 0h30m | ETA 12h01m (actual/smoke-median cost ratio 1.08)
[2026-09-26 10:39:24] 79/1500 BBBP_A_gwo_s16 (250s) | elapsed session 0h30m, total 0h30m | ETA 12h02m (actual/smoke-median cost ratio 1.08)
[2026-09-26 10:40:22] 80/1500 BBBP_A_gwo_s18 (251s) | elapsed session 0h31m, total 0h31m | ETA 12h03m (actual/smoke-median cost ratio 1.08)
[2026-09-26 10:40:55] 81/1500 BBBP_A_gwo_s22 (208s) | elapsed session 0h31m, total 0h31m | ETA 12h02m (actual/smoke-median cost ratio 1.08)
[2026-09-26 10:41:06] 82/1500 BBBP_A_gwo_s21 (242s) | elapsed session 0h31m, total 0h31m | ETA 12h03m (actual/smoke-median cost ratio 1.08)
[2026-09-26 10:41:49] 83/1500 BBBP_A_gwo_s20 (309s) | elapsed session 0h32m, total 0h32m | ETA 12h06m (actual/smoke-median cost ratio 1.09)
[2026-09-26 10:41:58] 84/1500 BBBP_A_gwo_s24 (187s) | elapsed session 0h32m, total 0h32m | ETA 12h05m (actual/smoke-median cost ratio 1.09)
[2026-09-26 10:42:05] 85/1500 BBBP_A_gwo_s26 (171s) | elapsed session 0h32m, total 0h32m | ETA 12h02m (actual/smoke-median cost ratio 1.08)
[2026-09-26 10:42:12] 86/1500 BBBP_A_gwo_s28 (168s) | elapsed session 0h32m, total 0h32m | ETA 12h00m (actual/smoke-median cost ratio 1.08)
[2026-09-26 10:42:25] 87/1500 BBBP_A_gwo_s23 (256s) | elapsed session 0h33m, total 0h33m | ETA 12h01m (actual/smoke-median cost ratio 1.08)
[2026-09-26 10:43:02] 88/1500 BBBP_A_gwo_s27 (218s) | elapsed session 0h33m, total 0h33m | ETA 12h01m (actual/smoke-median cost ratio 1.08)
[2026-09-26 10:43:30] 89/1500 BBBP_A_gwo_s25 (273s) | elapsed session 0h34m, total 0h34m | ETA 12h03m (actual/smoke-median cost ratio 1.09)
[2026-09-26 10:44:02] 90/1500 BBBP_A_woa_s0 (187s) | elapsed session 0h34m, total 0h34m | ETA 12h01m (actual/smoke-median cost ratio 1.08)
[2026-09-26 10:44:33] 91/1500 BBBP_A_woa_s4 (149s) | elapsed session 0h35m, total 0h35m | ETA 11h58m (actual/smoke-median cost ratio 1.08)
[2026-09-26 10:44:33] 92/1500 BBBP_A_gwo_s29 (251s) | elapsed session 0h35m, total 0h35m | ETA 11h59m (actual/smoke-median cost ratio 1.08)
[2026-09-26 10:44:56] 93/1500 BBBP_A_woa_s2 (187s) | elapsed session 0h35m, total 0h35m | ETA 11h58m (actual/smoke-median cost ratio 1.08)
[2026-09-26 10:44:59] 94/1500 BBBP_A_woa_s3 (181s) | elapsed session 0h35m, total 0h35m | ETA 11h56m (actual/smoke-median cost ratio 1.08)
[2026-09-26 10:45:22] 95/1500 BBBP_A_woa_s5 (190s) | elapsed session 0h36m, total 0h36m | ETA 11h55m (actual/smoke-median cost ratio 1.08)
[2026-09-26 10:45:29] 96/1500 BBBP_A_woa_s6 (184s) | elapsed session 0h36m, total 0h36m | ETA 11h53m (actual/smoke-median cost ratio 1.07)
[2026-09-26 10:45:37] 97/1500 BBBP_A_woa_s9 (95s) | elapsed session 0h36m, total 0h36m | ETA 11h49m (actual/smoke-median cost ratio 1.07)
[2026-09-26 10:46:03] 98/1500 BBBP_A_woa_s1 (296s) | elapsed session 0h36m, total 0h36m | ETA 11h51m (actual/smoke-median cost ratio 1.07)
[2026-09-26 10:46:40] 99/1500 BBBP_A_woa_s7 (217s) | elapsed session 0h37m, total 0h37m | ETA 11h51m (actual/smoke-median cost ratio 1.07)
[2026-09-26 10:47:25] 100/1500 BBBP_A_woa_s17 (82s) | elapsed session 0h38m, total 0h38m | ETA 11h46m (actual/smoke-median cost ratio 1.07)
[2026-09-26 10:47:25] --- checkpoint at 100 runs: median fit time per call, actual vs smoke estimate ---
[2026-09-26 10:47:25]     BBBP          A: actual   1.95 s (n=9658) | smoke   1.98 s | ratio 0.98
[2026-09-26 10:47:31] 101/1500 BBBP_A_woa_s11 (178s) | elapsed session 0h38m, total 0h38m | ETA 11h45m (actual/smoke-median cost ratio 1.06)
[2026-09-26 10:47:39] 102/1500 BBBP_A_woa_s10 (186s) | elapsed session 0h38m, total 0h38m | ETA 11h44m (actual/smoke-median cost ratio 1.06)
[2026-09-26 10:47:44] 103/1500 BBBP_A_woa_s8 (254s) | elapsed session 0h38m, total 0h38m | ETA 11h44m (actual/smoke-median cost ratio 1.07)
[2026-09-26 10:48:15] 104/1500 BBBP_A_woa_s13 (196s) | elapsed session 0h38m, total 0h38m | ETA 11h44m (actual/smoke-median cost ratio 1.06)
[2026-09-26 10:48:54] 105/1500 BBBP_A_woa_s18 (135s) | elapsed session 0h39m, total 0h39m | ETA 11h41m (actual/smoke-median cost ratio 1.06)
[2026-09-26 10:49:02] 106/1500 BBBP_A_woa_s15 (212s) | elapsed session 0h39m, total 0h39m | ETA 11h40m (actual/smoke-median cost ratio 1.06)
[2026-09-26 10:49:03] 107/1500 BBBP_A_woa_s21 (84s) | elapsed session 0h39m, total 0h39m | ETA 11h36m (actual/smoke-median cost ratio 1.05)
[2026-09-26 10:49:26] 108/1500 BBBP_A_woa_s19 (122s) | elapsed session 0h40m, total 0h40m | ETA 11h33m (actual/smoke-median cost ratio 1.05)
[2026-09-26 10:49:27] 109/1500 BBBP_A_woa_s12 (271s) | elapsed session 0h40m, total 0h40m | ETA 11h34m (actual/smoke-median cost ratio 1.05)
[2026-09-26 10:49:43] 110/1500 BBBP_A_woa_s20 (132s) | elapsed session 0h40m, total 0h40m | ETA 11h32m (actual/smoke-median cost ratio 1.05)
[2026-09-26 10:49:58] 111/1500 BBBP_A_woa_s16 (261s) | elapsed session 0h40m, total 0h40m | ETA 11h33m (actual/smoke-median cost ratio 1.05)
[2026-09-26 10:50:23] 112/1500 BBBP_A_woa_s22 (159s) | elapsed session 0h41m, total 0h41m | ETA 11h31m (actual/smoke-median cost ratio 1.05)
[2026-09-26 10:50:46] 113/1500 BBBP_A_woa_s23 (151s) | elapsed session 0h41m, total 0h41m | ETA 11h29m (actual/smoke-median cost ratio 1.05)
[2026-09-26 10:51:11] 114/1500 BBBP_A_woa_s24 (137s) | elapsed session 0h41m, total 0h41m | ETA 11h26m (actual/smoke-median cost ratio 1.04)
[2026-09-26 10:51:20] 115/1500 BBBP_A_woa_s28 (113s) | elapsed session 0h41m, total 0h41m | ETA 11h23m (actual/smoke-median cost ratio 1.04)
[2026-09-26 10:51:32] 116/1500 BBBP_A_woa_s14 (370s) | elapsed session 0h42m, total 0h42m | ETA 11h27m (actual/smoke-median cost ratio 1.05)
[2026-09-26 10:51:44] 117/1500 BBBP_A_woa_s25 (162s) | elapsed session 0h42m, total 0h42m | ETA 11h26m (actual/smoke-median cost ratio 1.04)
[2026-09-26 10:51:57] 118/1500 BBBP_A_woa_s29 (134s) | elapsed session 0h42m, total 0h42m | ETA 11h23m (actual/smoke-median cost ratio 1.04)
[2026-09-26 10:52:09] 119/1500 BBBP_A_woa_s26 (186s) | elapsed session 0h42m, total 0h42m | ETA 11h22m (actual/smoke-median cost ratio 1.04)
[2026-09-26 10:52:43] 120/1500 BBBP_A_woa_s27 (197s) | elapsed session 0h43m, total 0h43m | ETA 11h22m (actual/smoke-median cost ratio 1.04)
[2026-09-26 10:53:29] 121/1500 BBBP_A_pso_s0 (211s) | elapsed session 0h44m, total 0h44m | ETA 11h21m (actual/smoke-median cost ratio 1.04)
[2026-09-26 10:53:48] 122/1500 BBBP_A_pso_s4 (148s) | elapsed session 0h44m, total 0h44m | ETA 11h20m (actual/smoke-median cost ratio 1.04)
[2026-09-26 10:54:01] 123/1500 BBBP_A_pso_s2 (195s) | elapsed session 0h44m, total 0h44m | ETA 11h19m (actual/smoke-median cost ratio 1.04)
[2026-09-26 10:55:01] 124/1500 BBBP_A_pso_s3 (230s) | elapsed session 0h45m, total 0h45m | ETA 11h19m (actual/smoke-median cost ratio 1.04)
[2026-09-26 10:55:23] 125/1500 BBBP_A_pso_s6 (219s) | elapsed session 0h46m, total 0h46m | ETA 11h19m (actual/smoke-median cost ratio 1.04)
[2026-09-26 10:55:47] 126/1500 BBBP_A_pso_s1 (324s) | elapsed session 0h46m, total 0h46m | ETA 11h22m (actual/smoke-median cost ratio 1.04)
[2026-09-26 10:56:11] 127/1500 BBBP_A_pso_s8 (242s) | elapsed session 0h46m, total 0h46m | ETA 11h22m (actual/smoke-median cost ratio 1.04)
[2026-09-26 10:56:20] 128/1500 BBBP_A_pso_s9 (217s) | elapsed session 0h46m, total 0h46m | ETA 11h22m (actual/smoke-median cost ratio 1.04)
[2026-09-26 10:56:42] 129/1500 BBBP_A_pso_s5 (310s) | elapsed session 0h47m, total 0h47m | ETA 11h24m (actual/smoke-median cost ratio 1.05)
[2026-09-26 10:57:29] 130/1500 BBBP_A_pso_s10 (240s) | elapsed session 0h48m, total 0h48m | ETA 11h24m (actual/smoke-median cost ratio 1.05)
[2026-09-26 10:57:49] 131/1500 BBBP_A_pso_s11 (240s) | elapsed session 0h48m, total 0h48m | ETA 11h25m (actual/smoke-median cost ratio 1.05)
[2026-09-26 10:58:14] 132/1500 BBBP_A_pso_s14 (171s) | elapsed session 0h48m, total 0h48m | ETA 11h24m (actual/smoke-median cost ratio 1.05)
[2026-09-26 10:58:24] 133/1500 BBBP_A_pso_s17 (124s) | elapsed session 0h49m, total 0h49m | ETA 11h21m (actual/smoke-median cost ratio 1.05)
[2026-09-26 10:58:29] 134/1500 BBBP_A_pso_s7 (392s) | elapsed session 0h49m, total 0h49m | ETA 11h25m (actual/smoke-median cost ratio 1.05)
[2026-09-26 10:58:35] 135/1500 BBBP_A_pso_s13 (214s) | elapsed session 0h49m, total 0h49m | ETA 11h25m (actual/smoke-median cost ratio 1.05)
[2026-09-26 10:59:59] 136/1500 BBBP_A_pso_s15 (252s) | elapsed session 0h50m, total 0h50m | ETA 11h25m (actual/smoke-median cost ratio 1.05)
[2026-09-26 11:00:04] 137/1500 BBBP_A_pso_s12 (363s) | elapsed session 0h50m, total 0h50m | ETA 11h29m (actual/smoke-median cost ratio 1.06)
[2026-09-26 11:00:07] 138/1500 BBBP_A_pso_s21 (113s) | elapsed session 0h50m, total 0h50m | ETA 11h26m (actual/smoke-median cost ratio 1.06)
[2026-09-26 11:00:15] 139/1500 BBBP_A_pso_s18 (213s) | elapsed session 0h50m, total 0h50m | ETA 11h26m (actual/smoke-median cost ratio 1.06)
[2026-09-26 11:00:35] 140/1500 BBBP_A_pso_s19 (187s) | elapsed session 0h51m, total 0h51m | ETA 11h25m (actual/smoke-median cost ratio 1.06)
[2026-09-26 11:00:58] 141/1500 BBBP_A_pso_s20 (190s) | elapsed session 0h51m, total 0h51m | ETA 11h24m (actual/smoke-median cost ratio 1.05)
[2026-09-26 11:01:07] 142/1500 BBBP_A_pso_s23 (158s) | elapsed session 0h51m, total 0h51m | ETA 11h22m (actual/smoke-median cost ratio 1.05)
[2026-09-26 11:01:17] 143/1500 BBBP_A_pso_s16 (306s) | elapsed session 0h51m, total 0h51m | ETA 11h24m (actual/smoke-median cost ratio 1.06)
[2026-09-26 11:01:29] 144/1500 BBBP_A_pso_s24 (174s) | elapsed session 0h52m, total 0h52m | ETA 11h23m (actual/smoke-median cost ratio 1.05)
[2026-09-26 11:02:27] 145/1500 BBBP_A_pso_s22 (243s) | elapsed session 0h53m, total 0h53m | ETA 11h23m (actual/smoke-median cost ratio 1.06)
[2026-09-26 11:02:29] 146/1500 BBBP_B_random_s0 (91s) | elapsed session 0h53m, total 0h53m | ETA 11h23m (actual/smoke-median cost ratio 1.06)
[2026-09-26 11:02:29] 147/1500 BBBP_A_pso_s28 (134s) | elapsed session 0h53m, total 0h53m | ETA 11h21m (actual/smoke-median cost ratio 1.05)
[2026-09-26 11:02:30] 148/1500 BBBP_B_random_s1 (83s) | elapsed session 0h53m, total 0h53m | ETA 11h21m (actual/smoke-median cost ratio 1.05)
[2026-09-26 11:02:51] 149/1500 BBBP_B_random_s2 (94s) | elapsed session 0h53m, total 0h53m | ETA 11h21m (actual/smoke-median cost ratio 1.05)
[2026-09-26 11:03:08] 150/1500 BBBP_B_random_s3 (99s) | elapsed session 0h53m, total 0h53m | ETA 11h21m (actual/smoke-median cost ratio 1.05)
[2026-09-26 11:03:08] --- checkpoint at 150 runs: median fit time per call, actual vs smoke estimate ---
[2026-09-26 11:03:08]     BBBP          A: actual   1.91 s (n=14103) | smoke   1.98 s | ratio 0.96
[2026-09-26 11:03:08]     BBBP          B: actual   0.68 s (n=400) | smoke   0.77 s | ratio 0.88
[2026-09-26 11:03:09] 151/1500 BBBP_A_pso_s25 (190s) | elapsed session 0h53m, total 0h53m | ETA 11h21m (actual/smoke-median cost ratio 1.05)
[2026-09-26 11:03:38] 152/1500 BBBP_A_pso_s26 (214s) | elapsed session 0h54m, total 0h54m | ETA 11h20m (actual/smoke-median cost ratio 1.05)
[2026-09-26 11:03:48] 153/1500 BBBP_B_random_s5 (79s) | elapsed session 0h54m, total 0h54m | ETA 11h20m (actual/smoke-median cost ratio 1.05)
[2026-09-26 11:03:51] 154/1500 BBBP_B_random_s6 (81s) | elapsed session 0h54m, total 0h54m | ETA 11h20m (actual/smoke-median cost ratio 1.05)
[2026-09-26 11:03:55] 155/1500 BBBP_B_random_s4 (88s) | elapsed session 0h54m, total 0h54m | ETA 11h20m (actual/smoke-median cost ratio 1.05)
[2026-09-26 11:04:04] 156/1500 BBBP_B_random_s7 (94s) | elapsed session 0h54m, total 0h54m | ETA 11h20m (actual/smoke-median cost ratio 1.05)
[2026-09-26 11:04:24] 157/1500 BBBP_B_random_s8 (93s) | elapsed session 0h55m, total 0h55m | ETA 11h20m (actual/smoke-median cost ratio 1.05)
[2026-09-26 11:04:27] 158/1500 BBBP_B_random_s9 (79s) | elapsed session 0h55m, total 0h55m | ETA 11h20m (actual/smoke-median cost ratio 1.05)
[2026-09-26 11:04:30] 159/1500 BBBP_B_random_s10 (80s) | elapsed session 0h55m, total 0h55m | ETA 11h20m (actual/smoke-median cost ratio 1.05)
[2026-09-26 11:04:43] 160/1500 BBBP_A_pso_s29 (247s) | elapsed session 0h55m, total 0h55m | ETA 11h20m (actual/smoke-median cost ratio 1.06)
[2026-09-26 11:04:56] 161/1500 BBBP_B_random_s11 (78s) | elapsed session 0h55m, total 0h55m | ETA 11h20m (actual/smoke-median cost ratio 1.06)
[2026-09-26 11:05:05] 162/1500 BBBP_B_random_s13 (75s) | elapsed session 0h55m, total 0h55m | ETA 11h20m (actual/smoke-median cost ratio 1.05)
[2026-09-26 11:05:07] 163/1500 BBBP_B_random_s12 (79s) | elapsed session 0h55m, total 0h55m | ETA 11h19m (actual/smoke-median cost ratio 1.05)
[2026-09-26 11:05:11] 164/1500 BBBP_A_pso_s27 (304s) | elapsed session 0h55m, total 0h55m | ETA 11h21m (actual/smoke-median cost ratio 1.06)
[2026-09-26 11:05:11] 165/1500 BBBP_B_random_s14 (77s) | elapsed session 0h55m, total 0h55m | ETA 11h21m (actual/smoke-median cost ratio 1.06)
[2026-09-26 11:05:17] 166/1500 BBBP_B_random_s15 (73s) | elapsed session 0h55m, total 0h55m | ETA 11h20m (actual/smoke-median cost ratio 1.06)
[2026-09-26 11:05:47] 167/1500 BBBP_B_random_s18 (78s) | elapsed session 0h56m, total 0h56m | ETA 11h20m (actual/smoke-median cost ratio 1.06)
[2026-09-26 11:05:54] 168/1500 BBBP_B_random_s17 (86s) | elapsed session 0h56m, total 0h56m | ETA 11h20m (actual/smoke-median cost ratio 1.06)
[2026-09-26 11:05:56] 169/1500 BBBP_B_random_s16 (93s) | elapsed session 0h56m, total 0h56m | ETA 11h20m (actual/smoke-median cost ratio 1.06)
[2026-09-26 11:06:04] 170/1500 BBBP_B_random_s19 (81s) | elapsed session 0h56m, total 0h56m | ETA 11h20m (actual/smoke-median cost ratio 1.06)
[2026-09-26 11:06:23] 171/1500 BBBP_B_random_s20 (87s) | elapsed session 0h57m, total 0h57m | ETA 11h20m (actual/smoke-median cost ratio 1.06)
[2026-09-26 11:06:23] 172/1500 BBBP_B_random_s21 (78s) | elapsed session 0h57m, total 0h57m | ETA 11h20m (actual/smoke-median cost ratio 1.06)
[2026-09-26 11:06:25] 173/1500 BBBP_B_random_s25 (68s) | elapsed session 0h57m, total 0h57m | ETA 11h19m (actual/smoke-median cost ratio 1.06)
[2026-09-26 11:06:27] 174/1500 BBBP_B_random_s24 (76s) | elapsed session 0h57m, total 0h57m | ETA 11h19m (actual/smoke-median cost ratio 1.06)
[2026-09-26 11:06:35] 175/1500 BBBP_B_random_s23 (84s) | elapsed session 0h57m, total 0h57m | ETA 11h19m (actual/smoke-median cost ratio 1.06)
[2026-09-26 11:06:43] 176/1500 BBBP_B_random_s22 (96s) | elapsed session 0h57m, total 0h57m | ETA 11h19m (actual/smoke-median cost ratio 1.06)
[2026-09-26 11:07:12] 177/1500 BBBP_B_random_s28 (76s) | elapsed session 0h57m, total 0h57m | ETA 11h19m (actual/smoke-median cost ratio 1.06)
[2026-09-26 11:07:19] 178/1500 BBBP_B_random_s26 (92s) | elapsed session 0h57m, total 0h57m | ETA 11h19m (actual/smoke-median cost ratio 1.06)
[2026-09-26 11:07:29] 179/1500 BBBP_B_random_s27 (95s) | elapsed session 0h58m, total 0h58m | ETA 11h19m (actual/smoke-median cost ratio 1.06)
[2026-09-26 11:07:29] 180/1500 BBBP_B_random_s29 (85s) | elapsed session 0h58m, total 0h58m | ETA 11h19m (actual/smoke-median cost ratio 1.06)
[2026-09-26 11:07:56] 181/1500 BBBP_B_tpe_s3 (89s) | elapsed session 0h58m, total 0h58m | ETA 11h19m (actual/smoke-median cost ratio 1.06)
[2026-09-26 11:08:25] 182/1500 BBBP_B_tpe_s0 (122s) | elapsed session 0h59m, total 0h59m | ETA 11h19m (actual/smoke-median cost ratio 1.06)
[2026-09-26 11:08:30] 183/1500 BBBP_B_tpe_s2 (125s) | elapsed session 0h59m, total 0h59m | ETA 11h19m (actual/smoke-median cost ratio 1.06)
[2026-09-26 11:08:33] 184/1500 BBBP_B_tpe_s1 (129s) | elapsed session 0h59m, total 0h59m | ETA 11h20m (actual/smoke-median cost ratio 1.06)
[2026-09-26 11:08:49] 185/1500 BBBP_B_tpe_s4 (134s) | elapsed session 0h59m, total 0h59m | ETA 11h21m (actual/smoke-median cost ratio 1.06)
[2026-09-26 11:09:05] 186/1500 BBBP_B_tpe_s5 (142s) | elapsed session 0h59m, total 0h59m | ETA 11h21m (actual/smoke-median cost ratio 1.06)
[2026-09-26 11:09:47] 187/1500 BBBP_B_tpe_s9 (137s) | elapsed session 1h00m, total 1h00m | ETA 11h22m (actual/smoke-median cost ratio 1.06)
[2026-09-26 11:09:50] 188/1500 BBBP_B_tpe_s8 (141s) | elapsed session 1h00m, total 1h00m | ETA 11h23m (actual/smoke-median cost ratio 1.07)
[2026-09-26 11:09:55] 189/1500 BBBP_B_tpe_s13 (82s) | elapsed session 1h00m, total 1h00m | ETA 11h22m (actual/smoke-median cost ratio 1.07)
[2026-09-26 11:10:13] 190/1500 BBBP_B_tpe_s6 (181s) | elapsed session 1h00m, total 1h00m | ETA 11h24m (actual/smoke-median cost ratio 1.07)
[2026-09-26 11:10:13] 191/1500 BBBP_B_tpe_s11 (108s) | elapsed session 1h00m, total 1h00m | ETA 11h24m (actual/smoke-median cost ratio 1.07)
[2026-09-26 11:10:33] 192/1500 BBBP_B_tpe_s10 (157s) | elapsed session 1h01m, total 1h01m | ETA 11h25m (actual/smoke-median cost ratio 1.07)
[2026-09-26 11:11:03] 193/1500 BBBP_B_tpe_s7 (224s) | elapsed session 1h01m, total 1h01m | ETA 11h27m (actual/smoke-median cost ratio 1.07)
[2026-09-26 11:11:13] 194/1500 BBBP_B_tpe_s14 (144s) | elapsed session 1h01m, total 1h01m | ETA 11h28m (actual/smoke-median cost ratio 1.08)
[2026-09-26 11:11:32] 195/1500 BBBP_B_tpe_s17 (102s) | elapsed session 1h02m, total 1h02m | ETA 11h28m (actual/smoke-median cost ratio 1.08)
[2026-09-26 11:11:38] 196/1500 BBBP_B_tpe_s19 (85s) | elapsed session 1h02m, total 1h02m | ETA 11h27m (actual/smoke-median cost ratio 1.08)
[2026-09-26 11:11:44] 197/1500 BBBP_B_tpe_s12 (194s) | elapsed session 1h02m, total 1h02m | ETA 11h29m (actual/smoke-median cost ratio 1.08)
[2026-09-26 11:12:05] 198/1500 BBBP_B_tpe_s15 (180s) | elapsed session 1h02m, total 1h02m | ETA 11h31m (actual/smoke-median cost ratio 1.08)
[2026-09-26 11:12:11] 199/1500 BBBP_B_tpe_s21 (97s) | elapsed session 1h02m, total 1h02m | ETA 11h30m (actual/smoke-median cost ratio 1.08)
[2026-09-26 11:12:21] 200/1500 BBBP_B_tpe_s16 (154s) | elapsed session 1h02m, total 1h02m | ETA 11h31m (actual/smoke-median cost ratio 1.08)
[2026-09-26 11:12:21] --- checkpoint at 200 runs: median fit time per call, actual vs smoke estimate ---
[2026-09-26 11:12:21]     BBBP          A: actual   1.92 s (n=14503) | smoke   1.98 s | ratio 0.97
[2026-09-26 11:12:21]     BBBP          B: actual   0.80 s (n=5000) | smoke   0.77 s | ratio 1.03
[2026-09-26 11:12:44] 201/1500 BBBP_B_tpe_s20 (151s) | elapsed session 1h03m, total 1h03m | ETA 11h32m (actual/smoke-median cost ratio 1.08)
[2026-09-26 11:12:46] 202/1500 BBBP_B_tpe_s24 (74s) | elapsed session 1h03m, total 1h03m | ETA 11h32m (actual/smoke-median cost ratio 1.08)
[2026-09-26 11:13:01] 203/1500 BBBP_B_tpe_s18 (186s) | elapsed session 1h03m, total 1h03m | ETA 11h33m (actual/smoke-median cost ratio 1.09)
[2026-09-26 11:13:20] 204/1500 BBBP_B_tpe_s22 (137s) | elapsed session 1h03m, total 1h03m | ETA 11h34m (actual/smoke-median cost ratio 1.09)
[2026-09-26 11:13:39] 205/1500 BBBP_B_tpe_s23 (146s) | elapsed session 1h04m, total 1h04m | ETA 11h34m (actual/smoke-median cost ratio 1.09)
[2026-09-26 11:13:40] 206/1500 BBBP_B_tpe_s26 (116s) | elapsed session 1h04m, total 1h04m | ETA 11h35m (actual/smoke-median cost ratio 1.09)
[2026-09-26 11:13:46] 207/1500 BBBP_B_tpe_s25 (127s) | elapsed session 1h04m, total 1h04m | ETA 11h35m (actual/smoke-median cost ratio 1.09)
[2026-09-26 11:14:20] 208/1500 BBBP_B_tpe_s27 (135s) | elapsed session 1h04m, total 1h04m | ETA 11h36m (actual/smoke-median cost ratio 1.09)
[2026-09-26 11:14:35] 209/1500 BBBP_B_gwo_s3 (75s) | elapsed session 1h05m, total 1h05m | ETA 11h35m (actual/smoke-median cost ratio 1.09)
[2026-09-26 11:14:45] 210/1500 BBBP_B_gwo_s0 (121s) | elapsed session 1h05m, total 1h05m | ETA 11h36m (actual/smoke-median cost ratio 1.09)
[2026-09-26 11:14:47] 211/1500 BBBP_B_gwo_s2 (107s) | elapsed session 1h05m, total 1h05m | ETA 11h36m (actual/smoke-median cost ratio 1.09)
[2026-09-26 11:14:53] 212/1500 BBBP_B_gwo_s5 (73s) | elapsed session 1h05m, total 1h05m | ETA 11h36m (actual/smoke-median cost ratio 1.09)
[2026-09-26 11:15:02] 213/1500 BBBP_B_tpe_s28 (172s) | elapsed session 1h05m, total 1h05m | ETA 11h37m (actual/smoke-median cost ratio 1.09)
[2026-09-26 11:15:20] 214/1500 BBBP_B_gwo_s4 (101s) | elapsed session 1h05m, total 1h05m | ETA 11h37m (actual/smoke-median cost ratio 1.09)
[2026-09-26 11:16:06] 215/1500 BBBP_B_gwo_s11 (73s) | elapsed session 1h06m, total 1h06m | ETA 11h37m (actual/smoke-median cost ratio 1.09)
[2026-09-26 11:16:12] 216/1500 BBBP_B_gwo_s7 (111s) | elapsed session 1h06m, total 1h06m | ETA 11h37m (actual/smoke-median cost ratio 1.09)
[2026-09-26 11:16:17] 217/1500 BBBP_B_gwo_s1 (211s) | elapsed session 1h06m, total 1h06m | ETA 11h39m (actual/smoke-median cost ratio 1.10)
[2026-09-26 11:16:17] 218/1500 BBBP_B_tpe_s29 (236s) | elapsed session 1h06m, total 1h06m | ETA 11h41m (actual/smoke-median cost ratio 1.10)
[2026-09-26 11:16:24] 219/1500 BBBP_B_gwo_s13 (65s) | elapsed session 1h07m, total 1h07m | ETA 11h41m (actual/smoke-median cost ratio 1.10)
[2026-09-26 11:16:30] 220/1500 BBBP_B_gwo_s10 (102s) | elapsed session 1h07m, total 1h07m | ETA 11h41m (actual/smoke-median cost ratio 1.10)
[2026-09-26 11:16:46] 221/1500 BBBP_B_gwo_s12 (104s) | elapsed session 1h07m, total 1h07m | ETA 11h41m (actual/smoke-median cost ratio 1.10)
[2026-09-26 11:16:49] 222/1500 BBBP_B_gwo_s9 (123s) | elapsed session 1h07m, total 1h07m | ETA 11h42m (actual/smoke-median cost ratio 1.10)
[2026-09-26 11:16:53] 223/1500 BBBP_B_gwo_s8 (138s) | elapsed session 1h07m, total 1h07m | ETA 11h42m (actual/smoke-median cost ratio 1.11)
[2026-09-26 11:16:55] 224/1500 BBBP_B_gwo_s6 (190s) | elapsed session 1h07m, total 1h07m | ETA 11h44m (actual/smoke-median cost ratio 1.11)
[2026-09-26 11:17:14] 225/1500 BBBP_B_gwo_s15 (63s) | elapsed session 1h07m, total 1h07m | ETA 11h43m (actual/smoke-median cost ratio 1.11)
[2026-09-26 11:17:46] 226/1500 BBBP_B_gwo_s14 (99s) | elapsed session 1h08m, total 1h08m | ETA 11h44m (actual/smoke-median cost ratio 1.11)
[2026-09-26 11:17:51] 227/1500 BBBP_B_gwo_s17 (94s) | elapsed session 1h08m, total 1h08m | ETA 11h44m (actual/smoke-median cost ratio 1.11)
[2026-09-26 11:17:54] 228/1500 BBBP_B_gwo_s21 (65s) | elapsed session 1h08m, total 1h08m | ETA 11h43m (actual/smoke-median cost ratio 1.11)
[2026-09-26 11:18:08] 229/1500 BBBP_B_gwo_s20 (81s) | elapsed session 1h08m, total 1h08m | ETA 11h43m (actual/smoke-median cost ratio 1.11)
[2026-09-26 11:18:16] 230/1500 BBBP_B_gwo_s19 (106s) | elapsed session 1h08m, total 1h08m | ETA 11h43m (actual/smoke-median cost ratio 1.11)
[2026-09-26 11:18:16] 231/1500 BBBP_B_gwo_s16 (119s) | elapsed session 1h08m, total 1h08m | ETA 11h43m (actual/smoke-median cost ratio 1.11)
[2026-09-26 11:18:17] 232/1500 BBBP_B_gwo_s18 (113s) | elapsed session 1h08m, total 1h08m | ETA 11h44m (actual/smoke-median cost ratio 1.11)
[2026-09-26 11:18:17] 233/1500 BBBP_B_gwo_s24 (63s) | elapsed session 1h08m, total 1h08m | ETA 11h43m (actual/smoke-median cost ratio 1.11)
[2026-09-26 11:18:18] 234/1500 BBBP_B_gwo_s22 (84s) | elapsed session 1h08m, total 1h08m | ETA 11h43m (actual/smoke-median cost ratio 1.11)
[2026-09-26 11:18:47] 235/1500 BBBP_B_gwo_s23 (112s) | elapsed session 1h09m, total 1h09m | ETA 11h43m (actual/smoke-median cost ratio 1.11)
[2026-09-26 11:19:22] 236/1500 BBBP_B_woa_s3 (65s) | elapsed session 1h10m, total 1h10m | ETA 11h43m (actual/smoke-median cost ratio 1.11)
[2026-09-26 11:19:32] 237/1500 BBBP_B_woa_s1 (74s) | elapsed session 1h10m, total 1h10m | ETA 11h42m (actual/smoke-median cost ratio 1.11)
[2026-09-26 11:19:33] 238/1500 BBBP_B_gwo_s25 (107s) | elapsed session 1h10m, total 1h10m | ETA 11h43m (actual/smoke-median cost ratio 1.11)
[2026-09-26 11:19:47] 239/1500 BBBP_B_woa_s0 (91s) | elapsed session 1h10m, total 1h10m | ETA 11h43m (actual/smoke-median cost ratio 1.11)
[2026-09-26 11:19:50] 240/1500 BBBP_B_gwo_s26 (119s) | elapsed session 1h10m, total 1h10m | ETA 11h43m (actual/smoke-median cost ratio 1.11)
[2026-09-26 11:19:55] 241/1500 BBBP_B_woa_s4 (68s) | elapsed session 1h10m, total 1h10m | ETA 11h42m (actual/smoke-median cost ratio 1.11)
[2026-09-26 11:20:00] 242/1500 BBBP_B_gwo_s28 (113s) | elapsed session 1h10m, total 1h10m | ETA 11h43m (actual/smoke-median cost ratio 1.11)
[2026-09-26 11:20:21] 243/1500 BBBP_B_gwo_s27 (147s) | elapsed session 1h10m, total 1h10m | ETA 11h44m (actual/smoke-median cost ratio 1.11)
[2026-09-26 11:20:30] 244/1500 BBBP_B_woa_s2 (133s) | elapsed session 1h11m, total 1h11m | ETA 11h44m (actual/smoke-median cost ratio 1.11)
[2026-09-26 11:20:36] 245/1500 BBBP_B_woa_s5 (74s) | elapsed session 1h11m, total 1h11m | ETA 11h44m (actual/smoke-median cost ratio 1.11)
[2026-09-26 11:20:39] 246/1500 BBBP_B_gwo_s29 (143s) | elapsed session 1h11m, total 1h11m | ETA 11h45m (actual/smoke-median cost ratio 1.11)
[2026-09-26 11:20:50] 247/1500 BBBP_B_woa_s9 (59s) | elapsed session 1h11m, total 1h11m | ETA 11h44m (actual/smoke-median cost ratio 1.11)
[2026-09-26 11:20:54] 248/1500 BBBP_B_woa_s10 (59s) | elapsed session 1h11m, total 1h11m | ETA 11h43m (actual/smoke-median cost ratio 1.11)
[2026-09-26 11:21:02] 249/1500 BBBP_B_woa_s7 (89s) | elapsed session 1h11m, total 1h11m | ETA 11h43m (actual/smoke-median cost ratio 1.11)
[2026-09-26 11:21:17] 250/1500 BBBP_B_woa_s11 (77s) | elapsed session 1h11m, total 1h11m | ETA 11h43m (actual/smoke-median cost ratio 1.11)
[2026-09-26 11:21:17] --- checkpoint at 250 runs: median fit time per call, actual vs smoke estimate ---
[2026-09-26 11:21:17]     BBBP          A: actual   1.92 s (n=14503) | smoke   1.98 s | ratio 0.97
[2026-09-26 11:21:17]     BBBP          B: actual   0.88 s (n=9654) | smoke   0.77 s | ratio 1.14
[2026-09-26 11:21:28] 251/1500 BBBP_B_woa_s13 (58s) | elapsed session 1h12m, total 1h12m | ETA 11h42m (actual/smoke-median cost ratio 1.11)
[2026-09-26 11:21:35] 252/1500 BBBP_B_woa_s12 (74s) | elapsed session 1h12m, total 1h12m | ETA 11h42m (actual/smoke-median cost ratio 1.11)
[2026-09-26 11:21:36] 253/1500 BBBP_B_woa_s6 (124s) | elapsed session 1h12m, total 1h12m | ETA 11h43m (actual/smoke-median cost ratio 1.11)
[2026-09-26 11:21:43] 254/1500 BBBP_B_woa_s15 (64s) | elapsed session 1h12m, total 1h12m | ETA 11h42m (actual/smoke-median cost ratio 1.11)
[2026-09-26 11:22:03] 255/1500 BBBP_B_woa_s16 (74s) | elapsed session 1h12m, total 1h12m | ETA 11h42m (actual/smoke-median cost ratio 1.11)
[2026-09-26 11:22:13] 256/1500 BBBP_B_woa_s21 (38s) | elapsed session 1h12m, total 1h12m | ETA 11h41m (actual/smoke-median cost ratio 1.11)
[2026-09-26 11:22:19] 257/1500 BBBP_B_woa_s8 (152s) | elapsed session 1h12m, total 1h12m | ETA 11h42m (actual/smoke-median cost ratio 1.11)
[2026-09-26 11:22:25] 258/1500 BBBP_B_woa_s17 (91s) | elapsed session 1h13m, total 1h13m | ETA 11h42m (actual/smoke-median cost ratio 1.11)
[2026-09-26 11:22:39] 259/1500 BBBP_B_woa_s19 (82s) | elapsed session 1h13m, total 1h13m | ETA 11h41m (actual/smoke-median cost ratio 1.11)
[2026-09-26 11:22:40] 260/1500 BBBP_B_woa_s18 (97s) | elapsed session 1h13m, total 1h13m | ETA 11h41m (actual/smoke-median cost ratio 1.11)
[2026-09-26 11:22:55] 261/1500 BBBP_B_woa_s22 (79s) | elapsed session 1h13m, total 1h13m | ETA 11h41m (actual/smoke-median cost ratio 1.11)
[2026-09-26 11:23:01] 262/1500 BBBP_B_woa_s24 (58s) | elapsed session 1h13m, total 1h13m | ETA 11h40m (actual/smoke-median cost ratio 1.11)
[2026-09-26 11:23:11] 263/1500 BBBP_B_woa_s26 (52s) | elapsed session 1h13m, total 1h13m | ETA 11h40m (actual/smoke-median cost ratio 1.11)
[2026-09-26 11:23:15] 264/1500 BBBP_B_woa_s23 (92s) | elapsed session 1h13m, total 1h13m | ETA 11h40m (actual/smoke-median cost ratio 1.11)
[2026-09-26 11:23:35] 265/1500 BBBP_B_woa_s25 (82s) | elapsed session 1h14m, total 1h14m | ETA 11h39m (actual/smoke-median cost ratio 1.11)
[2026-09-26 11:23:47] 266/1500 BBBP_B_woa_s14 (191s) | elapsed session 1h14m, total 1h14m | ETA 11h41m (actual/smoke-median cost ratio 1.11)
[2026-09-26 11:24:13] 267/1500 BBBP_B_woa_s29 (94s) | elapsed session 1h14m, total 1h14m | ETA 11h41m (actual/smoke-median cost ratio 1.11)
[2026-09-26 11:24:16] 268/1500 BBBP_B_woa_s20 (169s) | elapsed session 1h14m, total 1h14m | ETA 11h42m (actual/smoke-median cost ratio 1.11)
[2026-09-26 11:24:27] 269/1500 BBBP_B_woa_s27 (122s) | elapsed session 1h15m, total 1h15m | ETA 11h42m (actual/smoke-median cost ratio 1.12)
[2026-09-26 11:24:30] 270/1500 BBBP_B_pso_s2 (79s) | elapsed session 1h15m, total 1h15m | ETA 11h42m (actual/smoke-median cost ratio 1.12)
[2026-09-26 11:24:37] 271/1500 BBBP_B_woa_s28 (118s) | elapsed session 1h15m, total 1h15m | ETA 11h43m (actual/smoke-median cost ratio 1.12)
[2026-09-26 11:24:37] 272/1500 BBBP_B_pso_s3 (82s) | elapsed session 1h15m, total 1h15m | ETA 11h42m (actual/smoke-median cost ratio 1.12)
[2026-09-26 11:24:37] 273/1500 BBBP_B_pso_s4 (62s) | elapsed session 1h15m, total 1h15m | ETA 11h42m (actual/smoke-median cost ratio 1.12)
[2026-09-26 11:24:53] 274/1500 BBBP_B_pso_s0 (117s) | elapsed session 1h15m, total 1h15m | ETA 11h42m (actual/smoke-median cost ratio 1.12)
[2026-09-26 11:24:53] 275/1500 BBBP_B_pso_s1 (112s) | elapsed session 1h15m, total 1h15m | ETA 11h42m (actual/smoke-median cost ratio 1.12)
[2026-09-26 11:25:30] 276/1500 BBBP_B_pso_s5 (103s) | elapsed session 1h16m, total 1h16m | ETA 11h42m (actual/smoke-median cost ratio 1.12)
[2026-09-26 11:25:39] 277/1500 BBBP_B_pso_s9 (70s) | elapsed session 1h16m, total 1h16m | ETA 11h42m (actual/smoke-median cost ratio 1.12)
[2026-09-26 11:26:05] 278/1500 BBBP_B_pso_s11 (88s) | elapsed session 1h16m, total 1h16m | ETA 11h42m (actual/smoke-median cost ratio 1.12)
[2026-09-26 11:26:07] 279/1500 BBBP_B_pso_s12 (89s) | elapsed session 1h16m, total 1h16m | ETA 11h42m (actual/smoke-median cost ratio 1.12)
[2026-09-26 11:26:09] 280/1500 BBBP_B_pso_s14 (75s) | elapsed session 1h16m, total 1h16m | ETA 11h41m (actual/smoke-median cost ratio 1.12)
[2026-09-26 11:26:09] 281/1500 BBBP_B_pso_s13 (76s) | elapsed session 1h16m, total 1h16m | ETA 11h41m (actual/smoke-median cost ratio 1.12)
[2026-09-26 11:26:24] 282/1500 BBBP_B_pso_s10 (107s) | elapsed session 1h17m, total 1h17m | ETA 11h41m (actual/smoke-median cost ratio 1.12)
[2026-09-26 11:26:24] 283/1500 BBBP_B_pso_s8 (118s) | elapsed session 1h17m, total 1h17m | ETA 11h42m (actual/smoke-median cost ratio 1.12)
[2026-09-26 11:26:44] 284/1500 BBBP_B_pso_s7 (147s) | elapsed session 1h17m, total 1h17m | ETA 11h42m (actual/smoke-median cost ratio 1.12)
[2026-09-26 11:26:48] 285/1500 BBBP_B_pso_s15 (77s) | elapsed session 1h17m, total 1h17m | ETA 11h42m (actual/smoke-median cost ratio 1.12)
[2026-09-26 11:27:00] 286/1500 BBBP_B_pso_s6 (166s) | elapsed session 1h17m, total 1h17m | ETA 11h43m (actual/smoke-median cost ratio 1.12)
[2026-09-26 11:27:19] 287/1500 BBBP_B_pso_s16 (100s) | elapsed session 1h17m, total 1h17m | ETA 11h43m (actual/smoke-median cost ratio 1.12)
[2026-09-26 11:27:29] 288/1500 BBBP_B_pso_s21 (65s) | elapsed session 1h18m, total 1h18m | ETA 11h43m (actual/smoke-median cost ratio 1.12)
[2026-09-26 11:27:35] 289/1500 BBBP_B_pso_s22 (71s) | elapsed session 1h18m, total 1h18m | ETA 11h42m (actual/smoke-median cost ratio 1.12)
[2026-09-26 11:27:47] 290/1500 BBBP_B_pso_s19 (98s) | elapsed session 1h18m, total 1h18m | ETA 11h42m (actual/smoke-median cost ratio 1.12)
[2026-09-26 11:27:52] 291/1500 BBBP_B_pso_s17 (107s) | elapsed session 1h18m, total 1h18m | ETA 11h42m (actual/smoke-median cost ratio 1.12)
[2026-09-26 11:28:01] 292/1500 BBBP_B_pso_s24 (73s) | elapsed session 1h18m, total 1h18m | ETA 11h42m (actual/smoke-median cost ratio 1.12)
[2026-09-26 11:28:10] 293/1500 BBBP_B_pso_s18 (123s) | elapsed session 1h18m, total 1h18m | ETA 11h42m (actual/smoke-median cost ratio 1.12)
[2026-09-26 11:28:25] 294/1500 BBBP_B_pso_s23 (101s) | elapsed session 1h19m, total 1h19m | ETA 11h43m (actual/smoke-median cost ratio 1.12)
[2026-09-26 11:28:35] 295/1500 BBBP_B_pso_s26 (76s) | elapsed session 1h19m, total 1h19m | ETA 11h42m (actual/smoke-median cost ratio 1.12)
[2026-09-26 11:28:37] 296/1500 BBBP_B_pso_s25 (98s) | elapsed session 1h19m, total 1h19m | ETA 11h42m (actual/smoke-median cost ratio 1.12)
[2026-09-26 11:29:42] 297/1500 BBBP_B_pso_s28 (127s) | elapsed session 1h20m, total 1h20m | ETA 11h43m (actual/smoke-median cost ratio 1.12)
[2026-09-26 11:29:43] 298/1500 BBBP_B_pso_s20 (214s) | elapsed session 1h20m, total 1h20m | ETA 11h44m (actual/smoke-median cost ratio 1.13)
[2026-09-26 11:30:03] 299/1500 BBBP_B_pso_s27 (154s) | elapsed session 1h20m, total 1h20m | ETA 11h45m (actual/smoke-median cost ratio 1.13)
[2026-09-26 11:31:40] 300/1500 FreeSolv_A_random_s0 (228s) | elapsed session 1h22m, total 1h22m | ETA 11h45m (actual/smoke-median cost ratio 1.13)
[2026-09-26 11:31:40] --- checkpoint at 300 runs: median fit time per call, actual vs smoke estimate ---
[2026-09-26 11:31:40]     BBBP          A: actual   1.92 s (n=14503) | smoke   1.98 s | ratio 0.97
[2026-09-26 11:31:40]     BBBP          B: actual   0.87 s (n=14393) | smoke   0.77 s | ratio 1.13
[2026-09-26 11:31:40]     FreeSolv      A: actual   1.69 s (n=100) | smoke   1.92 s | ratio 0.88
[2026-09-26 11:32:19] 301/1500 FreeSolv_A_random_s3 (235s) | elapsed session 1h22m, total 1h22m | ETA 11h45m (actual/smoke-median cost ratio 1.13)
[2026-09-26 11:32:19] 302/1500 FreeSolv_A_random_s5 (222s) | elapsed session 1h22m, total 1h22m | ETA 11h45m (actual/smoke-median cost ratio 1.13)
[2026-09-26 11:32:21] 303/1500 FreeSolv_A_random_s2 (251s) | elapsed session 1h22m, total 1h22m | ETA 11h45m (actual/smoke-median cost ratio 1.13)
[2026-09-26 11:32:29] 304/1500 FreeSolv_A_random_s1 (268s) | elapsed session 1h23m, total 1h23m | ETA 11h45m (actual/smoke-median cost ratio 1.13)
[2026-09-26 11:32:56] 305/1500 BBBP_B_pso_s29 (309s) | elapsed session 1h23m, total 1h23m | ETA 11h48m (actual/smoke-median cost ratio 1.13)
[2026-09-26 11:32:56] BBBP complete: 300/300 runs
[2026-09-26 11:33:12] 306/1500 FreeSolv_A_random_s4 (277s) | elapsed session 1h23m, total 1h23m | ETA 11h48m (actual/smoke-median cost ratio 1.14)
[2026-09-26 11:33:40] 307/1500 FreeSolv_A_random_s8 (217s) | elapsed session 1h24m, total 1h24m | ETA 11h48m (actual/smoke-median cost ratio 1.14)
[2026-09-26 11:33:44] 308/1500 FreeSolv_A_random_s6 (242s) | elapsed session 1h24m, total 1h24m | ETA 11h48m (actual/smoke-median cost ratio 1.14)
[2026-09-26 11:33:46] 309/1500 FreeSolv_A_random_s7 (243s) | elapsed session 1h24m, total 1h24m | ETA 11h48m (actual/smoke-median cost ratio 1.14)
[2026-09-26 11:35:05] 310/1500 FreeSolv_A_random_s9 (205s) | elapsed session 1h25m, total 1h25m | ETA 11h47m (actual/smoke-median cost ratio 1.14)
[2026-09-26 11:36:08] 311/1500 FreeSolv_A_random_s10 (229s) | elapsed session 1h26m, total 1h26m | ETA 11h47m (actual/smoke-median cost ratio 1.14)
[2026-09-26 11:36:27] 312/1500 FreeSolv_A_random_s11 (248s) | elapsed session 1h27m, total 1h27m | ETA 11h47m (actual/smoke-median cost ratio 1.14)
[2026-09-26 11:36:46] 313/1500 FreeSolv_A_random_s13 (258s) | elapsed session 1h27m, total 1h27m | ETA 11h47m (actual/smoke-median cost ratio 1.14)
[2026-09-26 11:36:51] 314/1500 FreeSolv_A_random_s15 (219s) | elapsed session 1h27m, total 1h27m | ETA 11h47m (actual/smoke-median cost ratio 1.14)
[2026-09-26 11:37:08] 315/1500 FreeSolv_A_random_s14 (252s) | elapsed session 1h27m, total 1h27m | ETA 11h47m (actual/smoke-median cost ratio 1.14)
[2026-09-26 11:37:34] 316/1500 FreeSolv_A_random_s16 (233s) | elapsed session 1h28m, total 1h28m | ETA 11h47m (actual/smoke-median cost ratio 1.14)
[2026-09-26 11:37:57] 317/1500 FreeSolv_A_random_s12 (336s) | elapsed session 1h28m, total 1h28m | ETA 11h48m (actual/smoke-median cost ratio 1.14)
[2026-09-26 11:37:57] 318/1500 FreeSolv_A_random_s18 (251s) | elapsed session 1h28m, total 1h28m | ETA 11h48m (actual/smoke-median cost ratio 1.14)
[2026-09-26 11:38:30] 319/1500 FreeSolv_A_random_s17 (286s) | elapsed session 1h29m, total 1h29m | ETA 11h48m (actual/smoke-median cost ratio 1.14)
[2026-09-26 11:38:54] 320/1500 FreeSolv_A_random_s19 (229s) | elapsed session 1h29m, total 1h29m | ETA 11h48m (actual/smoke-median cost ratio 1.14)
[2026-09-26 11:39:49] 321/1500 FreeSolv_A_random_s20 (220s) | elapsed session 1h30m, total 1h30m | ETA 11h48m (actual/smoke-median cost ratio 1.14)
[2026-09-26 11:40:14] 322/1500 FreeSolv_A_random_s21 (227s) | elapsed session 1h30m, total 1h30m | ETA 11h47m (actual/smoke-median cost ratio 1.14)
[2026-09-26 11:41:03] 323/1500 FreeSolv_A_random_s22 (257s) | elapsed session 1h31m, total 1h31m | ETA 11h47m (actual/smoke-median cost ratio 1.14)
[2026-09-26 11:41:07] 324/1500 FreeSolv_A_random_s24 (239s) | elapsed session 1h31m, total 1h31m | ETA 11h47m (actual/smoke-median cost ratio 1.14)
[2026-09-26 11:41:17] 325/1500 FreeSolv_A_random_s23 (266s) | elapsed session 1h31m, total 1h31m | ETA 11h48m (actual/smoke-median cost ratio 1.15)
[2026-09-26 11:41:41] 326/1500 FreeSolv_A_random_s25 (247s) | elapsed session 1h32m, total 1h32m | ETA 11h47m (actual/smoke-median cost ratio 1.15)
[2026-09-26 11:41:53] 327/1500 FreeSolv_A_random_s27 (236s) | elapsed session 1h32m, total 1h32m | ETA 11h47m (actual/smoke-median cost ratio 1.15)
[2026-09-26 11:41:54] 328/1500 FreeSolv_A_tpe_s1 (100s) | elapsed session 1h32m, total 1h32m | ETA 11h45m (actual/smoke-median cost ratio 1.14)
[2026-09-26 11:41:58] 329/1500 FreeSolv_A_random_s26 (241s) | elapsed session 1h32m, total 1h32m | ETA 11h45m (actual/smoke-median cost ratio 1.14)
[2026-09-26 11:42:54] 330/1500 FreeSolv_A_tpe_s7 (60s) | elapsed session 1h33m, total 1h33m | ETA 11h43m (actual/smoke-median cost ratio 1.14)
[2026-09-26 11:42:54] 331/1500 FreeSolv_A_tpe_s8 (57s) | elapsed session 1h33m, total 1h33m | ETA 11h40m (actual/smoke-median cost ratio 1.14)
[2026-09-26 11:43:11] 332/1500 FreeSolv_A_random_s28 (281s) | elapsed session 1h33m, total 1h33m | ETA 11h41m (actual/smoke-median cost ratio 1.14)
[2026-09-26 11:43:19] 333/1500 FreeSolv_A_tpe_s3 (132s) | elapsed session 1h33m, total 1h33m | ETA 11h39m (actual/smoke-median cost ratio 1.14)
[2026-09-26 11:43:20] 334/1500 FreeSolv_A_tpe_s4 (123s) | elapsed session 1h33m, total 1h33m | ETA 11h37m (actual/smoke-median cost ratio 1.13)
[2026-09-26 11:43:30] 335/1500 FreeSolv_A_random_s29 (276s) | elapsed session 1h34m, total 1h34m | ETA 11h38m (actual/smoke-median cost ratio 1.14)
[2026-09-26 11:43:39] 336/1500 FreeSolv_A_tpe_s2 (156s) | elapsed session 1h34m, total 1h34m | ETA 11h37m (actual/smoke-median cost ratio 1.13)
[2026-09-26 11:43:55] 337/1500 FreeSolv_A_tpe_s6 (122s) | elapsed session 1h34m, total 1h34m | ETA 11h35m (actual/smoke-median cost ratio 1.13)
[2026-09-26 11:44:08] 338/1500 FreeSolv_A_tpe_s0 (260s) | elapsed session 1h34m, total 1h34m | ETA 11h35m (actual/smoke-median cost ratio 1.13)
[2026-09-26 11:44:16] 339/1500 FreeSolv_A_tpe_s14 (45s) | elapsed session 1h34m, total 1h34m | ETA 11h33m (actual/smoke-median cost ratio 1.13)
[2026-09-26 11:44:25] 340/1500 FreeSolv_A_tpe_s5 (164s) | elapsed session 1h35m, total 1h35m | ETA 11h31m (actual/smoke-median cost ratio 1.13)
[2026-09-26 11:44:34] 341/1500 FreeSolv_A_tpe_s10 (100s) | elapsed session 1h35m, total 1h35m | ETA 11h30m (actual/smoke-median cost ratio 1.13)
[2026-09-26 11:44:45] 342/1500 FreeSolv_A_tpe_s9 (111s) | elapsed session 1h35m, total 1h35m | ETA 11h28m (actual/smoke-median cost ratio 1.12)
[2026-09-26 11:44:48] 343/1500 FreeSolv_A_tpe_s15 (68s) | elapsed session 1h35m, total 1h35m | ETA 11h26m (actual/smoke-median cost ratio 1.12)
[2026-09-26 11:44:59] 344/1500 FreeSolv_A_tpe_s11 (107s) | elapsed session 1h35m, total 1h35m | ETA 11h24m (actual/smoke-median cost ratio 1.12)
[2026-09-26 11:45:23] 345/1500 FreeSolv_A_tpe_s13 (122s) | elapsed session 1h36m, total 1h36m | ETA 11h23m (actual/smoke-median cost ratio 1.12)
[2026-09-26 11:45:24] 346/1500 FreeSolv_A_tpe_s18 (69s) | elapsed session 1h36m, total 1h36m | ETA 11h20m (actual/smoke-median cost ratio 1.11)
[2026-09-26 11:45:42] 347/1500 FreeSolv_A_tpe_s20 (68s) | elapsed session 1h36m, total 1h36m | ETA 11h18m (actual/smoke-median cost ratio 1.11)
[2026-09-26 11:45:50] 348/1500 FreeSolv_A_tpe_s22 (62s) | elapsed session 1h36m, total 1h36m | ETA 11h16m (actual/smoke-median cost ratio 1.11)
[2026-09-26 11:45:58] 349/1500 FreeSolv_A_tpe_s19 (94s) | elapsed session 1h36m, total 1h36m | ETA 11h14m (actual/smoke-median cost ratio 1.11)
[2026-09-26 11:46:00] 350/1500 FreeSolv_A_tpe_s23 (61s) | elapsed session 1h36m, total 1h36m | ETA 11h12m (actual/smoke-median cost ratio 1.10)
[2026-09-26 11:46:00] --- checkpoint at 350 runs: median fit time per call, actual vs smoke estimate ---
[2026-09-26 11:46:00]     BBBP          A: actual   1.92 s (n=14503) | smoke   1.98 s | ratio 0.97
[2026-09-26 11:46:00]     BBBP          B: actual   0.88 s (n=14493) | smoke   0.77 s | ratio 1.13
[2026-09-26 11:46:00]     FreeSolv      A: actual   1.13 s (n=5000) | smoke   1.92 s | ratio 0.59
[2026-09-26 11:46:04] 351/1500 FreeSolv_A_tpe_s21 (79s) | elapsed session 1h36m, total 1h36m | ETA 11h10m (actual/smoke-median cost ratio 1.10)
[2026-09-26 11:46:31] 352/1500 FreeSolv_A_tpe_s16 (156s) | elapsed session 1h37m, total 1h37m | ETA 11h09m (actual/smoke-median cost ratio 1.10)
[2026-09-26 11:46:52] 353/1500 FreeSolv_A_tpe_s17 (164s) | elapsed session 1h37m, total 1h37m | ETA 11h08m (actual/smoke-median cost ratio 1.10)
[2026-09-26 11:47:13] 354/1500 FreeSolv_A_tpe_s27 (83s) | elapsed session 1h37m, total 1h37m | ETA 11h06m (actual/smoke-median cost ratio 1.10)
[2026-09-26 11:47:16] 355/1500 FreeSolv_A_tpe_s29 (76s) | elapsed session 1h37m, total 1h37m | ETA 11h04m (actual/smoke-median cost ratio 1.09)
[2026-09-26 11:47:18] 356/1500 FreeSolv_A_tpe_s24 (115s) | elapsed session 1h37m, total 1h37m | ETA 11h03m (actual/smoke-median cost ratio 1.09)
[2026-09-26 11:48:10] 357/1500 FreeSolv_A_tpe_s28 (131s) | elapsed session 1h38m, total 1h38m | ETA 11h02m (actual/smoke-median cost ratio 1.09)
[2026-09-26 11:48:11] 358/1500 FreeSolv_A_gwo_s2 (79s) | elapsed session 1h38m, total 1h38m | ETA 11h00m (actual/smoke-median cost ratio 1.09)
[2026-09-26 11:48:14] 359/1500 FreeSolv_A_gwo_s1 (103s) | elapsed session 1h38m, total 1h38m | ETA 10h58m (actual/smoke-median cost ratio 1.09)
[2026-09-26 11:48:28] 360/1500 FreeSolv_A_gwo_s3 (75s) | elapsed session 1h39m, total 1h39m | ETA 10h56m (actual/smoke-median cost ratio 1.08)
[2026-09-26 11:48:49] 361/1500 FreeSolv_A_gwo_s0 (165s) | elapsed session 1h39m, total 1h39m | ETA 10h55m (actual/smoke-median cost ratio 1.08)
[2026-09-26 11:48:50] 362/1500 FreeSolv_A_tpe_s12 (331s) | elapsed session 1h39m, total 1h39m | ETA 10h56m (actual/smoke-median cost ratio 1.08)
[2026-09-26 11:48:59] 363/1500 FreeSolv_A_tpe_s25 (214s) | elapsed session 1h39m, total 1h39m | ETA 10h56m (actual/smoke-median cost ratio 1.08)
[2026-09-26 11:49:15] 364/1500 FreeSolv_A_gwo_s4 (119s) | elapsed session 1h39m, total 1h39m | ETA 10h55m (actual/smoke-median cost ratio 1.08)
[2026-09-26 11:49:41] 365/1500 FreeSolv_A_gwo_s8 (88s) | elapsed session 1h40m, total 1h40m | ETA 10h53m (actual/smoke-median cost ratio 1.08)
[2026-09-26 11:49:43] 366/1500 FreeSolv_A_gwo_s5 (145s) | elapsed session 1h40m, total 1h40m | ETA 10h52m (actual/smoke-median cost ratio 1.08)
[2026-09-26 11:50:22] 367/1500 FreeSolv_A_gwo_s10 (94s) | elapsed session 1h41m, total 1h41m | ETA 10h50m (actual/smoke-median cost ratio 1.08)
[2026-09-26 11:50:28] 368/1500 FreeSolv_A_gwo_s14 (47s) | elapsed session 1h41m, total 1h41m | ETA 10h48m (actual/smoke-median cost ratio 1.07)
[2026-09-26 11:50:37] 369/1500 FreeSolv_A_tpe_s26 (295s) | elapsed session 1h41m, total 1h41m | ETA 10h49m (actual/smoke-median cost ratio 1.08)
[2026-09-26 11:50:47] 370/1500 FreeSolv_A_gwo_s7 (156s) | elapsed session 1h41m, total 1h41m | ETA 10h48m (actual/smoke-median cost ratio 1.07)
[2026-09-26 11:50:57] 371/1500 FreeSolv_A_gwo_s11 (127s) | elapsed session 1h41m, total 1h41m | ETA 10h47m (actual/smoke-median cost ratio 1.07)
[2026-09-26 11:51:53] 372/1500 FreeSolv_A_gwo_s12 (174s) | elapsed session 1h42m, total 1h42m | ETA 10h46m (actual/smoke-median cost ratio 1.07)
[2026-09-26 11:52:04] 373/1500 FreeSolv_A_gwo_s15 (141s) | elapsed session 1h42m, total 1h42m | ETA 10h45m (actual/smoke-median cost ratio 1.07)
[2026-09-26 11:52:05] 374/1500 FreeSolv_A_gwo_s17 (96s) | elapsed session 1h42m, total 1h42m | ETA 10h43m (actual/smoke-median cost ratio 1.07)
[2026-09-26 11:52:09] 375/1500 FreeSolv_A_gwo_s9 (221s) | elapsed session 1h42m, total 1h42m | ETA 10h43m (actual/smoke-median cost ratio 1.07)
[2026-09-26 11:52:09] 376/1500 FreeSolv_A_gwo_s20 (72s) | elapsed session 1h42m, total 1h42m | ETA 10h41m (actual/smoke-median cost ratio 1.07)
[2026-09-26 11:52:13] 377/1500 FreeSolv_A_gwo_s18 (96s) | elapsed session 1h42m, total 1h42m | ETA 10h40m (actual/smoke-median cost ratio 1.07)
[2026-09-26 11:52:19] 378/1500 FreeSolv_A_gwo_s6 (250s) | elapsed session 1h42m, total 1h42m | ETA 10h40m (actual/smoke-median cost ratio 1.07)
[2026-09-26 11:52:44] 379/1500 FreeSolv_A_gwo_s19 (117s) | elapsed session 1h43m, total 1h43m | ETA 10h38m (actual/smoke-median cost ratio 1.06)
[2026-09-26 11:53:15] 380/1500 FreeSolv_A_gwo_s13 (240s) | elapsed session 1h43m, total 1h43m | ETA 10h38m (actual/smoke-median cost ratio 1.06)
[2026-09-26 11:53:21] 381/1500 FreeSolv_A_gwo_s21 (88s) | elapsed session 1h43m, total 1h43m | ETA 10h37m (actual/smoke-median cost ratio 1.06)
[2026-09-26 11:53:36] 382/1500 FreeSolv_A_gwo_s16 (194s) | elapsed session 1h44m, total 1h44m | ETA 10h36m (actual/smoke-median cost ratio 1.06)
[2026-09-26 11:53:37] 383/1500 FreeSolv_A_gwo_s24 (89s) | elapsed session 1h44m, total 1h44m | ETA 10h35m (actual/smoke-median cost ratio 1.06)
[2026-09-26 11:53:47] 384/1500 FreeSolv_A_gwo_s27 (88s) | elapsed session 1h44m, total 1h44m | ETA 10h33m (actual/smoke-median cost ratio 1.06)
[2026-09-26 11:53:48] 385/1500 FreeSolv_A_gwo_s23 (104s) | elapsed session 1h44m, total 1h44m | ETA 10h32m (actual/smoke-median cost ratio 1.06)
[2026-09-26 11:54:19] 386/1500 FreeSolv_A_gwo_s22 (135s) | elapsed session 1h44m, total 1h44m | ETA 10h31m (actual/smoke-median cost ratio 1.06)
[2026-09-26 11:54:24] 387/1500 FreeSolv_A_gwo_s28 (100s) | elapsed session 1h45m, total 1h45m | ETA 10h29m (actual/smoke-median cost ratio 1.05)
[2026-09-26 11:54:37] 388/1500 FreeSolv_A_gwo_s29 (82s) | elapsed session 1h45m, total 1h45m | ETA 10h28m (actual/smoke-median cost ratio 1.05)
[2026-09-26 11:55:06] 389/1500 FreeSolv_A_gwo_s26 (173s) | elapsed session 1h45m, total 1h45m | ETA 10h27m (actual/smoke-median cost ratio 1.05)
[2026-09-26 11:55:08] 390/1500 FreeSolv_A_woa_s2 (91s) | elapsed session 1h45m, total 1h45m | ETA 10h26m (actual/smoke-median cost ratio 1.05)
[2026-09-26 11:55:17] 391/1500 FreeSolv_A_woa_s1 (100s) | elapsed session 1h45m, total 1h45m | ETA 10h24m (actual/smoke-median cost ratio 1.05)
[2026-09-26 11:55:28] 392/1500 FreeSolv_A_woa_s4 (100s) | elapsed session 1h46m, total 1h46m | ETA 10h23m (actual/smoke-median cost ratio 1.05)
[2026-09-26 11:55:34] 393/1500 FreeSolv_A_woa_s7 (56s) | elapsed session 1h46m, total 1h46m | ETA 10h21m (actual/smoke-median cost ratio 1.04)
[2026-09-26 11:55:42] 394/1500 FreeSolv_A_gwo_s25 (213s) | elapsed session 1h46m, total 1h46m | ETA 10h21m (actual/smoke-median cost ratio 1.04)
[2026-09-26 11:55:47] 395/1500 FreeSolv_A_woa_s3 (119s) | elapsed session 1h46m, total 1h46m | ETA 10h20m (actual/smoke-median cost ratio 1.04)
[2026-09-26 11:56:00] 396/1500 FreeSolv_A_woa_s8 (53s) | elapsed session 1h46m, total 1h46m | ETA 10h18m (actual/smoke-median cost ratio 1.04)
[2026-09-26 11:56:01] 397/1500 FreeSolv_A_woa_s5 (102s) | elapsed session 1h46m, total 1h46m | ETA 10h17m (actual/smoke-median cost ratio 1.04)
[2026-09-26 11:56:43] 398/1500 FreeSolv_A_woa_s6 (139s) | elapsed session 1h47m, total 1h47m | ETA 10h16m (actual/smoke-median cost ratio 1.04)
[2026-09-26 11:57:08] 399/1500 FreeSolv_A_woa_s15 (68s) | elapsed session 1h47m, total 1h47m | ETA 10h14m (actual/smoke-median cost ratio 1.03)
[2026-09-26 11:57:15] 400/1500 FreeSolv_A_woa_s14 (89s) | elapsed session 1h47m, total 1h47m | ETA 10h13m (actual/smoke-median cost ratio 1.03)
[2026-09-26 11:57:15] --- checkpoint at 400 runs: median fit time per call, actual vs smoke estimate ---
[2026-09-26 11:57:15]     BBBP          A: actual   1.92 s (n=14503) | smoke   1.98 s | ratio 0.97
[2026-09-26 11:57:15]     BBBP          B: actual   0.88 s (n=14493) | smoke   0.77 s | ratio 1.13
[2026-09-26 11:57:15]     FreeSolv      A: actual   1.03 s (n=9644) | smoke   1.92 s | ratio 0.54
[2026-09-26 11:57:35] 401/1500 FreeSolv_A_woa_s10 (138s) | elapsed session 1h48m, total 1h48m | ETA 10h12m (actual/smoke-median cost ratio 1.03)
[2026-09-26 11:57:46] 402/1500 FreeSolv_A_woa_s12 (133s) | elapsed session 1h48m, total 1h48m | ETA 10h11m (actual/smoke-median cost ratio 1.03)
[2026-09-26 11:57:54] 403/1500 FreeSolv_A_woa_s0 (273s) | elapsed session 1h48m, total 1h48m | ETA 10h11m (actual/smoke-median cost ratio 1.03)
[2026-09-26 11:58:11] 404/1500 FreeSolv_A_woa_s11 (163s) | elapsed session 1h48m, total 1h48m | ETA 10h10m (actual/smoke-median cost ratio 1.03)
[2026-09-26 11:58:36] 405/1500 FreeSolv_A_woa_s17 (113s) | elapsed session 1h49m, total 1h49m | ETA 10h09m (actual/smoke-median cost ratio 1.03)
[2026-09-26 11:58:40] 406/1500 FreeSolv_A_woa_s16 (159s) | elapsed session 1h49m, total 1h49m | ETA 10h09m (actual/smoke-median cost ratio 1.03)
[2026-09-26 11:58:48] 407/1500 FreeSolv_A_woa_s18 (100s) | elapsed session 1h49m, total 1h49m | ETA 10h07m (actual/smoke-median cost ratio 1.03)
[2026-09-26 11:59:13] 408/1500 FreeSolv_A_woa_s9 (246s) | elapsed session 1h49m, total 1h49m | ETA 10h07m (actual/smoke-median cost ratio 1.03)
[2026-09-26 11:59:15] 409/1500 FreeSolv_A_woa_s20 (100s) | elapsed session 1h49m, total 1h49m | ETA 10h06m (actual/smoke-median cost ratio 1.03)
[2026-09-26 11:59:28] 410/1500 FreeSolv_A_woa_s21 (102s) | elapsed session 1h50m, total 1h50m | ETA 10h05m (actual/smoke-median cost ratio 1.03)
[2026-09-26 11:59:39] 411/1500 FreeSolv_A_woa_s22 (106s) | elapsed session 1h50m, total 1h50m | ETA 10h04m (actual/smoke-median cost ratio 1.02)
[2026-09-26 11:59:53] 412/1500 FreeSolv_A_woa_s23 (102s) | elapsed session 1h50m, total 1h50m | ETA 10h02m (actual/smoke-median cost ratio 1.02)
[2026-09-26 11:59:54] 413/1500 FreeSolv_A_woa_s13 (252s) | elapsed session 1h50m, total 1h50m | ETA 10h03m (actual/smoke-median cost ratio 1.02)
[2026-09-26 12:00:14] 414/1500 FreeSolv_A_woa_s19 (178s) | elapsed session 1h50m, total 1h50m | ETA 10h02m (actual/smoke-median cost ratio 1.02)
[2026-09-26 12:00:35] 415/1500 FreeSolv_A_woa_s24 (119s) | elapsed session 1h51m, total 1h51m | ETA 10h01m (actual/smoke-median cost ratio 1.02)
[2026-09-26 12:00:39] 416/1500 FreeSolv_A_woa_s29 (71s) | elapsed session 1h51m, total 1h51m | ETA 10h00m (actual/smoke-median cost ratio 1.02)
[2026-09-26 12:00:48] 417/1500 FreeSolv_A_woa_s27 (95s) | elapsed session 1h51m, total 1h51m | ETA 9h58m (actual/smoke-median cost ratio 1.02)
[2026-09-26 12:01:13] 418/1500 FreeSolv_A_woa_s28 (118s) | elapsed session 1h51m, total 1h51m | ETA 9h57m (actual/smoke-median cost ratio 1.02)
[2026-09-26 12:01:15] 419/1500 FreeSolv_A_woa_s25 (154s) | elapsed session 1h51m, total 1h51m | ETA 9h57m (actual/smoke-median cost ratio 1.02)
[2026-09-26 12:01:19] 420/1500 FreeSolv_A_woa_s26 (151s) | elapsed session 1h51m, total 1h51m | ETA 9h56m (actual/smoke-median cost ratio 1.02)
[2026-09-26 12:01:34] 421/1500 FreeSolv_A_pso_s2 (99s) | elapsed session 1h52m, total 1h52m | ETA 9h55m (actual/smoke-median cost ratio 1.01)
[2026-09-26 12:01:45] 422/1500 FreeSolv_A_pso_s1 (112s) | elapsed session 1h52m, total 1h52m | ETA 9h53m (actual/smoke-median cost ratio 1.01)
[2026-09-26 12:02:20] 423/1500 FreeSolv_A_pso_s8 (65s) | elapsed session 1h52m, total 1h52m | ETA 9h52m (actual/smoke-median cost ratio 1.01)
[2026-09-26 12:02:20] 424/1500 FreeSolv_A_pso_s3 (126s) | elapsed session 1h52m, total 1h52m | ETA 9h51m (actual/smoke-median cost ratio 1.01)
[2026-09-26 12:02:35] 425/1500 FreeSolv_A_pso_s4 (119s) | elapsed session 1h53m, total 1h53m | ETA 9h50m (actual/smoke-median cost ratio 1.01)
[2026-09-26 12:03:22] 426/1500 FreeSolv_A_pso_s7 (129s) | elapsed session 1h54m, total 1h54m | ETA 9h49m (actual/smoke-median cost ratio 1.01)
[2026-09-26 12:03:25] 427/1500 FreeSolv_A_pso_s5 (166s) | elapsed session 1h54m, total 1h54m | ETA 9h49m (actual/smoke-median cost ratio 1.01)
[2026-09-26 12:03:26] 428/1500 FreeSolv_A_pso_s10 (112s) | elapsed session 1h54m, total 1h54m | ETA 9h47m (actual/smoke-median cost ratio 1.01)
[2026-09-26 12:03:33] 429/1500 FreeSolv_A_pso_s14 (59s) | elapsed session 1h54m, total 1h54m | ETA 9h46m (actual/smoke-median cost ratio 1.00)
[2026-09-26 12:04:03] 430/1500 FreeSolv_A_pso_s6 (195s) | elapsed session 1h54m, total 1h54m | ETA 9h46m (actual/smoke-median cost ratio 1.00)
[2026-09-26 12:04:36] 431/1500 FreeSolv_A_pso_s13 (136s) | elapsed session 1h55m, total 1h55m | ETA 9h45m (actual/smoke-median cost ratio 1.00)
[2026-09-26 12:05:08] 432/1500 FreeSolv_A_pso_s18 (95s) | elapsed session 1h55m, total 1h55m | ETA 9h44m (actual/smoke-median cost ratio 1.00)
[2026-09-26 12:05:23] 433/1500 FreeSolv_A_pso_s9 (244s) | elapsed session 1h56m, total 1h56m | ETA 9h44m (actual/smoke-median cost ratio 1.00)
[2026-09-26 12:05:25] 434/1500 FreeSolv_A_pso_s0 (346s) | elapsed session 1h56m, total 1h56m | ETA 9h45m (actual/smoke-median cost ratio 1.00)
[2026-09-26 12:05:39] 435/1500 FreeSolv_A_pso_s11 (234s) | elapsed session 1h56m, total 1h56m | ETA 9h45m (actual/smoke-median cost ratio 1.01)
[2026-09-26 12:05:42] 436/1500 FreeSolv_A_pso_s20 (66s) | elapsed session 1h56m, total 1h56m | ETA 9h43m (actual/smoke-median cost ratio 1.00)
[2026-09-26 12:06:04] 437/1500 FreeSolv_A_pso_s17 (158s) | elapsed session 1h56m, total 1h56m | ETA 9h43m (actual/smoke-median cost ratio 1.00)
[2026-09-26 12:06:39] 438/1500 FreeSolv_A_pso_s23 (74s) | elapsed session 1h57m, total 1h57m | ETA 9h41m (actual/smoke-median cost ratio 1.00)
[2026-09-26 12:06:40] 439/1500 FreeSolv_A_pso_s19 (157s) | elapsed session 1h57m, total 1h57m | ETA 9h41m (actual/smoke-median cost ratio 1.00)
[2026-09-26 12:06:49] 440/1500 FreeSolv_A_pso_s15 (206s) | elapsed session 1h57m, total 1h57m | ETA 9h40m (actual/smoke-median cost ratio 1.00)
[2026-09-26 12:06:56] 441/1500 FreeSolv_A_pso_s21 (108s) | elapsed session 1h57m, total 1h57m | ETA 9h39m (actual/smoke-median cost ratio 1.00)
[2026-09-26 12:07:17] 442/1500 FreeSolv_A_pso_s22 (114s) | elapsed session 1h57m, total 1h57m | ETA 9h38m (actual/smoke-median cost ratio 1.00)
[2026-09-26 12:08:28] 443/1500 FreeSolv_A_pso_s29 (100s) | elapsed session 1h59m, total 1h59m | ETA 9h37m (actual/smoke-median cost ratio 1.00)
[2026-09-26 12:08:43] 444/1500 FreeSolv_A_pso_s24 (185s) | elapsed session 1h59m, total 1h59m | ETA 9h37m (actual/smoke-median cost ratio 1.00)
[2026-09-26 12:08:50] 445/1500 FreeSolv_A_pso_s28 (130s) | elapsed session 1h59m, total 1h59m | ETA 9h36m (actual/smoke-median cost ratio 1.00)
[2026-09-26 12:09:06] 446/1500 FreeSolv_A_pso_s27 (147s) | elapsed session 1h59m, total 1h59m | ETA 9h35m (actual/smoke-median cost ratio 1.00)
[2026-09-26 12:09:10] 447/1500 FreeSolv_B_random_s0 (134s) | elapsed session 1h59m, total 1h59m | ETA 9h35m (actual/smoke-median cost ratio 1.00)
[2026-09-26 12:09:40] 448/1500 FreeSolv_B_random_s1 (143s) | elapsed session 2h00m, total 2h00m | ETA 9h36m (actual/smoke-median cost ratio 1.00)
[2026-09-26 12:09:55] 449/1500 FreeSolv_A_pso_s26 (231s) | elapsed session 2h00m, total 2h00m | ETA 9h36m (actual/smoke-median cost ratio 1.00)
[2026-09-26 12:10:30] 450/1500 FreeSolv_A_pso_s25 (288s) | elapsed session 2h01m, total 2h01m | ETA 9h36m (actual/smoke-median cost ratio 1.00)
[2026-09-26 12:10:30] --- checkpoint at 450 runs: median fit time per call, actual vs smoke estimate ---
[2026-09-26 12:10:30]     BBBP          A: actual   1.92 s (n=14503) | smoke   1.98 s | ratio 0.97
[2026-09-26 12:10:30]     BBBP          B: actual   0.88 s (n=14493) | smoke   0.77 s | ratio 1.13
[2026-09-26 12:10:30]     FreeSolv      A: actual   1.07 s (n=14262) | smoke   1.92 s | ratio 0.56
[2026-09-26 12:10:30]     FreeSolv      B: actual   0.95 s (n=200) | smoke   0.95 s | ratio 1.00
[2026-09-26 12:10:45] 451/1500 FreeSolv_B_random_s2 (136s) | elapsed session 2h01m, total 2h01m | ETA 9h36m (actual/smoke-median cost ratio 1.00)
[2026-09-26 12:10:47] 452/1500 FreeSolv_B_random_s4 (117s) | elapsed session 2h01m, total 2h01m | ETA 9h36m (actual/smoke-median cost ratio 1.00)
[2026-09-26 12:10:57] 453/1500 FreeSolv_A_pso_s12 (518s) | elapsed session 2h01m, total 2h01m | ETA 9h39m (actual/smoke-median cost ratio 1.00)
[2026-09-26 12:11:07] 454/1500 FreeSolv_B_random_s3 (144s) | elapsed session 2h01m, total 2h01m | ETA 9h39m (actual/smoke-median cost ratio 1.00)
[2026-09-26 12:11:16] 455/1500 FreeSolv_B_random_s5 (130s) | elapsed session 2h01m, total 2h01m | ETA 9h39m (actual/smoke-median cost ratio 1.00)
[2026-09-26 12:11:25] 456/1500 FreeSolv_B_random_s6 (135s) | elapsed session 2h02m, total 2h02m | ETA 9h39m (actual/smoke-median cost ratio 1.01)
[2026-09-26 12:11:55] 457/1500 FreeSolv_B_random_s8 (120s) | elapsed session 2h02m, total 2h02m | ETA 9h39m (actual/smoke-median cost ratio 1.01)
[2026-09-26 12:11:59] 458/1500 FreeSolv_B_random_s7 (139s) | elapsed session 2h02m, total 2h02m | ETA 9h39m (actual/smoke-median cost ratio 1.01)
[2026-09-26 12:12:14] 459/1500 FreeSolv_B_random_s9 (103s) | elapsed session 2h02m, total 2h02m | ETA 9h39m (actual/smoke-median cost ratio 1.01)
[2026-09-26 12:12:31] 460/1500 FreeSolv_B_random_s11 (104s) | elapsed session 2h03m, total 2h03m | ETA 9h39m (actual/smoke-median cost ratio 1.01)
[2026-09-26 12:12:44] 461/1500 FreeSolv_B_random_s10 (120s) | elapsed session 2h03m, total 2h03m | ETA 9h39m (actual/smoke-median cost ratio 1.01)
[2026-09-26 12:13:14] 462/1500 FreeSolv_B_random_s14 (118s) | elapsed session 2h03m, total 2h03m | ETA 9h39m (actual/smoke-median cost ratio 1.01)
[2026-09-26 12:13:15] 463/1500 FreeSolv_B_random_s13 (128s) | elapsed session 2h03m, total 2h03m | ETA 9h39m (actual/smoke-median cost ratio 1.01)
[2026-09-26 12:13:19] 464/1500 FreeSolv_B_random_s12 (142s) | elapsed session 2h03m, total 2h03m | ETA 9h39m (actual/smoke-median cost ratio 1.01)
[2026-09-26 12:13:46] 465/1500 FreeSolv_B_random_s15 (141s) | elapsed session 2h04m, total 2h04m | ETA 9h40m (actual/smoke-median cost ratio 1.01)
[2026-09-26 12:13:57] 466/1500 FreeSolv_B_random_s17 (118s) | elapsed session 2h04m, total 2h04m | ETA 9h40m (actual/smoke-median cost ratio 1.01)
[2026-09-26 12:14:04] 467/1500 FreeSolv_B_random_s16 (128s) | elapsed session 2h04m, total 2h04m | ETA 9h40m (actual/smoke-median cost ratio 1.01)
[2026-09-26 12:14:20] 468/1500 FreeSolv_B_random_s18 (127s) | elapsed session 2h04m, total 2h04m | ETA 9h40m (actual/smoke-median cost ratio 1.01)
[2026-09-26 12:14:41] 469/1500 FreeSolv_B_random_s20 (116s) | elapsed session 2h05m, total 2h05m | ETA 9h40m (actual/smoke-median cost ratio 1.01)
[2026-09-26 12:14:41] 470/1500 FreeSolv_A_pso_s16 (676s) | elapsed session 2h05m, total 2h05m | ETA 9h43m (actual/smoke-median cost ratio 1.02)
[2026-09-26 12:14:42] 471/1500 FreeSolv_B_random_s19 (130s) | elapsed session 2h05m, total 2h05m | ETA 9h43m (actual/smoke-median cost ratio 1.02)
[2026-09-26 12:15:18] 472/1500 FreeSolv_B_random_s22 (123s) | elapsed session 2h05m, total 2h05m | ETA 9h43m (actual/smoke-median cost ratio 1.02)
[2026-09-26 12:15:19] 473/1500 FreeSolv_B_random_s23 (120s) | elapsed session 2h05m, total 2h05m | ETA 9h43m (actual/smoke-median cost ratio 1.02)
[2026-09-26 12:15:30] 474/1500 FreeSolv_B_random_s21 (136s) | elapsed session 2h06m, total 2h06m | ETA 9h43m (actual/smoke-median cost ratio 1.02)
[2026-09-26 12:15:42] 475/1500 FreeSolv_B_random_s24 (116s) | elapsed session 2h06m, total 2h06m | ETA 9h43m (actual/smoke-median cost ratio 1.02)
[2026-09-26 12:15:44] 476/1500 FreeSolv_B_tpe_s0 (63s) | elapsed session 2h06m, total 2h06m | ETA 9h43m (actual/smoke-median cost ratio 1.02)
[2026-09-26 12:16:03] 477/1500 FreeSolv_B_random_s25 (125s) | elapsed session 2h06m, total 2h06m | ETA 9h43m (actual/smoke-median cost ratio 1.02)
[2026-09-26 12:16:12] 478/1500 FreeSolv_B_random_s27 (111s) | elapsed session 2h06m, total 2h06m | ETA 9h43m (actual/smoke-median cost ratio 1.02)
[2026-09-26 12:16:18] 479/1500 FreeSolv_B_random_s26 (134s) | elapsed session 2h06m, total 2h06m | ETA 9h43m (actual/smoke-median cost ratio 1.02)
[2026-09-26 12:16:38] 480/1500 FreeSolv_B_random_s28 (118s) | elapsed session 2h07m, total 2h07m | ETA 9h43m (actual/smoke-median cost ratio 1.02)
[2026-09-26 12:16:48] 481/1500 FreeSolv_B_random_s29 (128s) | elapsed session 2h07m, total 2h07m | ETA 9h43m (actual/smoke-median cost ratio 1.02)
[2026-09-26 12:16:50] 482/1500 FreeSolv_B_tpe_s5 (66s) | elapsed session 2h07m, total 2h07m | ETA 9h42m (actual/smoke-median cost ratio 1.02)
[2026-09-26 12:17:03] 483/1500 FreeSolv_B_tpe_s1 (105s) | elapsed session 2h07m, total 2h07m | ETA 9h42m (actual/smoke-median cost ratio 1.02)
[2026-09-26 12:17:16] 484/1500 FreeSolv_B_tpe_s3 (106s) | elapsed session 2h07m, total 2h07m | ETA 9h42m (actual/smoke-median cost ratio 1.02)
[2026-09-26 12:17:17] 485/1500 FreeSolv_B_tpe_s6 (74s) | elapsed session 2h07m, total 2h07m | ETA 9h42m (actual/smoke-median cost ratio 1.02)
[2026-09-26 12:17:18] 486/1500 FreeSolv_B_tpe_s2 (119s) | elapsed session 2h07m, total 2h07m | ETA 9h42m (actual/smoke-median cost ratio 1.02)
[2026-09-26 12:17:55] 487/1500 FreeSolv_B_tpe_s10 (66s) | elapsed session 2h08m, total 2h08m | ETA 9h41m (actual/smoke-median cost ratio 1.02)
[2026-09-26 12:17:56] 488/1500 FreeSolv_B_tpe_s8 (97s) | elapsed session 2h08m, total 2h08m | ETA 9h41m (actual/smoke-median cost ratio 1.02)
[2026-09-26 12:18:07] 489/1500 FreeSolv_B_tpe_s13 (51s) | elapsed session 2h08m, total 2h08m | ETA 9h40m (actual/smoke-median cost ratio 1.02)
[2026-09-26 12:18:17] 490/1500 FreeSolv_B_tpe_s11 (87s) | elapsed session 2h08m, total 2h08m | ETA 9h40m (actual/smoke-median cost ratio 1.02)
[2026-09-26 12:18:29] 491/1500 FreeSolv_B_tpe_s4 (167s) | elapsed session 2h09m, total 2h09m | ETA 9h40m (actual/smoke-median cost ratio 1.02)
[2026-09-26 12:18:44] 492/1500 FreeSolv_B_tpe_s9 (126s) | elapsed session 2h09m, total 2h09m | ETA 9h40m (actual/smoke-median cost ratio 1.02)
[2026-09-26 12:18:51] 493/1500 FreeSolv_B_tpe_s16 (56s) | elapsed session 2h09m, total 2h09m | ETA 9h40m (actual/smoke-median cost ratio 1.02)
[2026-09-26 12:18:57] 494/1500 FreeSolv_B_tpe_s15 (99s) | elapsed session 2h09m, total 2h09m | ETA 9h39m (actual/smoke-median cost ratio 1.02)
[2026-09-26 12:19:10] 495/1500 FreeSolv_B_tpe_s19 (53s) | elapsed session 2h09m, total 2h09m | ETA 9h39m (actual/smoke-median cost ratio 1.02)
[2026-09-26 12:19:14] 496/1500 FreeSolv_B_tpe_s14 (117s) | elapsed session 2h09m, total 2h09m | ETA 9h39m (actual/smoke-median cost ratio 1.02)
[2026-09-26 12:19:24] 497/1500 FreeSolv_B_tpe_s17 (88s) | elapsed session 2h10m, total 2h10m | ETA 9h38m (actual/smoke-median cost ratio 1.02)
[2026-09-26 12:19:40] 498/1500 FreeSolv_B_tpe_s7 (208s) | elapsed session 2h10m, total 2h10m | ETA 9h39m (actual/smoke-median cost ratio 1.02)
[2026-09-26 12:19:48] 499/1500 FreeSolv_B_tpe_s20 (79s) | elapsed session 2h10m, total 2h10m | ETA 9h38m (actual/smoke-median cost ratio 1.02)
[2026-09-26 12:19:51] 500/1500 FreeSolv_B_tpe_s22 (60s) | elapsed session 2h10m, total 2h10m | ETA 9h38m (actual/smoke-median cost ratio 1.02)
[2026-09-26 12:19:51] --- checkpoint at 500 runs: median fit time per call, actual vs smoke estimate ---
[2026-09-26 12:19:51]     BBBP          A: actual   1.92 s (n=14503) | smoke   1.98 s | ratio 0.97
[2026-09-26 12:19:51]     BBBP          B: actual   0.88 s (n=14493) | smoke   0.77 s | ratio 1.13
[2026-09-26 12:19:51]     FreeSolv      A: actual   1.08 s (n=14462) | smoke   1.92 s | ratio 0.56
[2026-09-26 12:19:51]     FreeSolv      B: actual   0.76 s (n=5000) | smoke   0.95 s | ratio 0.80
[2026-09-26 12:19:54] 501/1500 FreeSolv_B_tpe_s21 (70s) | elapsed session 2h10m, total 2h10m | ETA 9h37m (actual/smoke-median cost ratio 1.02)
[2026-09-26 12:19:59] 502/1500 FreeSolv_B_tpe_s12 (175s) | elapsed session 2h10m, total 2h10m | ETA 9h38m (actual/smoke-median cost ratio 1.02)
[2026-09-26 12:20:47] 503/1500 FreeSolv_B_gwo_s1 (48s) | elapsed session 2h11m, total 2h11m | ETA 9h37m (actual/smoke-median cost ratio 1.02)
[2026-09-26 12:20:48] 504/1500 FreeSolv_B_tpe_s24 (98s) | elapsed session 2h11m, total 2h11m | ETA 9h37m (actual/smoke-median cost ratio 1.02)
[2026-09-26 12:20:50] 505/1500 FreeSolv_B_tpe_s18 (162s) | elapsed session 2h11m, total 2h11m | ETA 9h37m (actual/smoke-median cost ratio 1.02)
[2026-09-26 12:20:55] 506/1500 FreeSolv_B_tpe_s29 (64s) | elapsed session 2h11m, total 2h11m | ETA 9h37m (actual/smoke-median cost ratio 1.02)
[2026-09-26 12:21:06] 507/1500 FreeSolv_B_tpe_s25 (112s) | elapsed session 2h11m, total 2h11m | ETA 9h37m (actual/smoke-median cost ratio 1.02)
[2026-09-26 12:21:07] 508/1500 FreeSolv_B_tpe_s23 (130s) | elapsed session 2h11m, total 2h11m | ETA 9h37m (actual/smoke-median cost ratio 1.02)
[2026-09-26 12:21:13] 509/1500 FreeSolv_B_tpe_s28 (84s) | elapsed session 2h11m, total 2h11m | ETA 9h36m (actual/smoke-median cost ratio 1.02)
[2026-09-26 12:21:14] 510/1500 FreeSolv_B_tpe_s27 (94s) | elapsed session 2h11m, total 2h11m | ETA 9h36m (actual/smoke-median cost ratio 1.02)
[2026-09-26 12:21:35] 511/1500 FreeSolv_B_gwo_s2 (48s) | elapsed session 2h12m, total 2h12m | ETA 9h35m (actual/smoke-median cost ratio 1.02)
[2026-09-26 12:21:40] 512/1500 FreeSolv_B_gwo_s3 (52s) | elapsed session 2h12m, total 2h12m | ETA 9h35m (actual/smoke-median cost ratio 1.01)
[2026-09-26 12:21:51] 513/1500 FreeSolv_B_gwo_s0 (117s) | elapsed session 2h12m, total 2h12m | ETA 9h35m (actual/smoke-median cost ratio 1.02)
[2026-09-26 12:21:54] 514/1500 FreeSolv_B_gwo_s4 (64s) | elapsed session 2h12m, total 2h12m | ETA 9h35m (actual/smoke-median cost ratio 1.01)
[2026-09-26 12:22:01] 515/1500 FreeSolv_B_gwo_s6 (54s) | elapsed session 2h12m, total 2h12m | ETA 9h34m (actual/smoke-median cost ratio 1.01)
[2026-09-26 12:22:12] 516/1500 FreeSolv_B_gwo_s5 (77s) | elapsed session 2h12m, total 2h12m | ETA 9h34m (actual/smoke-median cost ratio 1.01)
[2026-09-26 12:22:13] 517/1500 FreeSolv_B_gwo_s9 (59s) | elapsed session 2h12m, total 2h12m | ETA 9h33m (actual/smoke-median cost ratio 1.01)
[2026-09-26 12:22:15] 518/1500 FreeSolv_B_gwo_s7 (68s) | elapsed session 2h12m, total 2h12m | ETA 9h33m (actual/smoke-median cost ratio 1.01)
[2026-09-26 12:22:26] 519/1500 FreeSolv_B_gwo_s8 (73s) | elapsed session 2h13m, total 2h13m | ETA 9h33m (actual/smoke-median cost ratio 1.01)
[2026-09-26 12:22:42] 520/1500 FreeSolv_B_gwo_s10 (67s) | elapsed session 2h13m, total 2h13m | ETA 9h32m (actual/smoke-median cost ratio 1.01)
[2026-09-26 12:22:48] 521/1500 FreeSolv_B_gwo_s13 (54s) | elapsed session 2h13m, total 2h13m | ETA 9h32m (actual/smoke-median cost ratio 1.01)
[2026-09-26 12:22:50] 522/1500 FreeSolv_B_tpe_s26 (206s) | elapsed session 2h13m, total 2h13m | ETA 9h32m (actual/smoke-median cost ratio 1.01)
[2026-09-26 12:22:56] 523/1500 FreeSolv_B_gwo_s16 (43s) | elapsed session 2h13m, total 2h13m | ETA 9h32m (actual/smoke-median cost ratio 1.01)
[2026-09-26 12:23:07] 524/1500 FreeSolv_B_gwo_s12 (76s) | elapsed session 2h13m, total 2h13m | ETA 9h31m (actual/smoke-median cost ratio 1.01)
[2026-09-26 12:23:41] 525/1500 FreeSolv_B_gwo_s18 (75s) | elapsed session 2h14m, total 2h14m | ETA 9h31m (actual/smoke-median cost ratio 1.01)
[2026-09-26 12:23:46] 526/1500 FreeSolv_B_gwo_s11 (125s) | elapsed session 2h14m, total 2h14m | ETA 9h31m (actual/smoke-median cost ratio 1.01)
[2026-09-26 12:23:55] 527/1500 FreeSolv_B_gwo_s19 (73s) | elapsed session 2h14m, total 2h14m | ETA 9h31m (actual/smoke-median cost ratio 1.01)
[2026-09-26 12:23:58] 528/1500 FreeSolv_B_gwo_s20 (71s) | elapsed session 2h14m, total 2h14m | ETA 9h30m (actual/smoke-median cost ratio 1.01)
[2026-09-26 12:23:59] 529/1500 FreeSolv_B_gwo_s17 (104s) | elapsed session 2h14m, total 2h14m | ETA 9h30m (actual/smoke-median cost ratio 1.01)
[2026-09-26 12:24:00] 530/1500 FreeSolv_B_gwo_s21 (71s) | elapsed session 2h14m, total 2h14m | ETA 9h30m (actual/smoke-median cost ratio 1.01)
[2026-09-26 12:24:02] 531/1500 FreeSolv_B_gwo_s23 (54s) | elapsed session 2h14m, total 2h14m | ETA 9h29m (actual/smoke-median cost ratio 1.01)
[2026-09-26 12:24:03] 532/1500 FreeSolv_B_gwo_s22 (67s) | elapsed session 2h14m, total 2h14m | ETA 9h29m (actual/smoke-median cost ratio 1.01)
[2026-09-26 12:24:05] 533/1500 FreeSolv_B_gwo_s15 (114s) | elapsed session 2h14m, total 2h14m | ETA 9h29m (actual/smoke-median cost ratio 1.01)
[2026-09-26 12:24:19] 534/1500 FreeSolv_B_gwo_s14 (139s) | elapsed session 2h14m, total 2h14m | ETA 9h29m (actual/smoke-median cost ratio 1.01)
[2026-09-26 12:24:32] 535/1500 FreeSolv_B_gwo_s24 (52s) | elapsed session 2h15m, total 2h15m | ETA 9h29m (actual/smoke-median cost ratio 1.01)
[2026-09-26 12:24:34] 536/1500 FreeSolv_B_woa_s1 (31s) | elapsed session 2h15m, total 2h15m | ETA 9h28m (actual/smoke-median cost ratio 1.01)
[2026-09-26 12:24:39] 537/1500 FreeSolv_B_gwo_s25 (53s) | elapsed session 2h15m, total 2h15m | ETA 9h28m (actual/smoke-median cost ratio 1.01)
[2026-09-26 12:24:49] 538/1500 FreeSolv_B_woa_s0 (47s) | elapsed session 2h15m, total 2h15m | ETA 9h27m (actual/smoke-median cost ratio 1.01)
[2026-09-26 12:24:53] 539/1500 FreeSolv_B_gwo_s28 (53s) | elapsed session 2h15m, total 2h15m | ETA 9h27m (actual/smoke-median cost ratio 1.01)
[2026-09-26 12:24:59] 540/1500 FreeSolv_B_woa_s3 (40s) | elapsed session 2h15m, total 2h15m | ETA 9h26m (actual/smoke-median cost ratio 1.01)
[2026-09-26 12:25:09] 541/1500 FreeSolv_B_woa_s2 (64s) | elapsed session 2h15m, total 2h15m | ETA 9h26m (actual/smoke-median cost ratio 1.01)
[2026-09-26 12:25:12] 542/1500 FreeSolv_B_gwo_s29 (71s) | elapsed session 2h15m, total 2h15m | ETA 9h25m (actual/smoke-median cost ratio 1.01)
[2026-09-26 12:25:24] 543/1500 FreeSolv_B_gwo_s27 (86s) | elapsed session 2h16m, total 2h16m | ETA 9h25m (actual/smoke-median cost ratio 1.01)
[2026-09-26 12:25:34] 544/1500 FreeSolv_B_woa_s7 (45s) | elapsed session 2h16m, total 2h16m | ETA 9h25m (actual/smoke-median cost ratio 1.01)
[2026-09-26 12:25:38] 545/1500 FreeSolv_B_woa_s6 (59s) | elapsed session 2h16m, total 2h16m | ETA 9h24m (actual/smoke-median cost ratio 1.01)
[2026-09-26 12:25:44] 546/1500 FreeSolv_B_gwo_s26 (109s) | elapsed session 2h16m, total 2h16m | ETA 9h24m (actual/smoke-median cost ratio 1.01)
[2026-09-26 12:25:48] 547/1500 FreeSolv_B_woa_s10 (39s) | elapsed session 2h16m, total 2h16m | ETA 9h24m (actual/smoke-median cost ratio 1.00)
[2026-09-26 12:25:55] 548/1500 FreeSolv_B_woa_s9 (57s) | elapsed session 2h16m, total 2h16m | ETA 9h23m (actual/smoke-median cost ratio 1.00)
[2026-09-26 12:25:59] 549/1500 FreeSolv_B_woa_s11 (48s) | elapsed session 2h16m, total 2h16m | ETA 9h23m (actual/smoke-median cost ratio 1.00)
[2026-09-26 12:26:09] 550/1500 FreeSolv_B_woa_s8 (76s) | elapsed session 2h16m, total 2h16m | ETA 9h22m (actual/smoke-median cost ratio 1.00)
[2026-09-26 12:26:09] --- checkpoint at 550 runs: median fit time per call, actual vs smoke estimate ---
[2026-09-26 12:26:09]     BBBP          A: actual   1.92 s (n=14503) | smoke   1.98 s | ratio 0.97
[2026-09-26 12:26:09]     BBBP          B: actual   0.88 s (n=14493) | smoke   0.77 s | ratio 1.13
[2026-09-26 12:26:09]     FreeSolv      A: actual   1.08 s (n=14462) | smoke   1.92 s | ratio 0.56
[2026-09-26 12:26:09]     FreeSolv      B: actual   0.68 s (n=9648) | smoke   0.95 s | ratio 0.72
[2026-09-26 12:26:19] 551/1500 FreeSolv_B_woa_s13 (45s) | elapsed session 2h16m, total 2h16m | ETA 9h22m (actual/smoke-median cost ratio 1.00)
[2026-09-26 12:26:29] 552/1500 FreeSolv_B_woa_s16 (41s) | elapsed session 2h17m, total 2h17m | ETA 9h21m (actual/smoke-median cost ratio 1.00)
[2026-09-26 12:26:42] 553/1500 FreeSolv_B_woa_s14 (64s) | elapsed session 2h17m, total 2h17m | ETA 9h21m (actual/smoke-median cost ratio 1.00)
[2026-09-26 12:26:46] 554/1500 FreeSolv_B_woa_s19 (37s) | elapsed session 2h17m, total 2h17m | ETA 9h20m (actual/smoke-median cost ratio 1.00)
[2026-09-26 12:26:54] 555/1500 FreeSolv_B_woa_s20 (35s) | elapsed session 2h17m, total 2h17m | ETA 9h20m (actual/smoke-median cost ratio 1.00)
[2026-09-26 12:27:10] 556/1500 FreeSolv_B_woa_s12 (106s) | elapsed session 2h17m, total 2h17m | ETA 9h20m (actual/smoke-median cost ratio 1.00)
[2026-09-26 12:27:35] 557/1500 FreeSolv_B_woa_s22 (53s) | elapsed session 2h18m, total 2h18m | ETA 9h19m (actual/smoke-median cost ratio 1.00)
[2026-09-26 12:28:07] 558/1500 FreeSolv_B_woa_s24 (73s) | elapsed session 2h18m, total 2h18m | ETA 9h19m (actual/smoke-median cost ratio 1.00)
[2026-09-26 12:28:15] 559/1500 FreeSolv_B_woa_s15 (151s) | elapsed session 2h18m, total 2h18m | ETA 9h19m (actual/smoke-median cost ratio 1.00)
[2026-09-26 12:28:28] 560/1500 FreeSolv_B_woa_s21 (120s) | elapsed session 2h19m, total 2h19m | ETA 9h19m (actual/smoke-median cost ratio 1.00)
[2026-09-26 12:28:32] 561/1500 FreeSolv_B_woa_s18 (153s) | elapsed session 2h19m, total 2h19m | ETA 9h19m (actual/smoke-median cost ratio 1.00)
[2026-09-26 12:28:51] 562/1500 FreeSolv_B_woa_s17 (176s) | elapsed session 2h19m, total 2h19m | ETA 9h20m (actual/smoke-median cost ratio 1.00)
[2026-09-26 12:29:05] 563/1500 FreeSolv_B_woa_s4 (273s) | elapsed session 2h19m, total 2h19m | ETA 9h21m (actual/smoke-median cost ratio 1.00)
[2026-09-26 12:29:14] 564/1500 FreeSolv_B_woa_s25 (124s) | elapsed session 2h19m, total 2h19m | ETA 9h21m (actual/smoke-median cost ratio 1.00)
[2026-09-26 12:29:15] 565/1500 FreeSolv_B_woa_s27 (68s) | elapsed session 2h19m, total 2h19m | ETA 9h20m (actual/smoke-median cost ratio 1.00)
[2026-09-26 12:29:20] 566/1500 FreeSolv_B_woa_s28 (66s) | elapsed session 2h19m, total 2h19m | ETA 9h20m (actual/smoke-median cost ratio 1.00)
[2026-09-26 12:29:22] 567/1500 FreeSolv_B_woa_s26 (106s) | elapsed session 2h19m, total 2h19m | ETA 9h20m (actual/smoke-median cost ratio 1.00)
[2026-09-26 12:29:25] 568/1500 FreeSolv_B_woa_s29 (57s) | elapsed session 2h20m, total 2h20m | ETA 9h19m (actual/smoke-median cost ratio 1.00)
[2026-09-26 12:29:31] 569/1500 FreeSolv_B_woa_s23 (165s) | elapsed session 2h20m, total 2h20m | ETA 9h20m (actual/smoke-median cost ratio 1.00)
[2026-09-26 12:30:04] 570/1500 FreeSolv_B_pso_s3 (49s) | elapsed session 2h20m, total 2h20m | ETA 9h19m (actual/smoke-median cost ratio 1.00)
[2026-09-26 12:30:10] 571/1500 FreeSolv_B_woa_s5 (335s) | elapsed session 2h20m, total 2h20m | ETA 9h21m (actual/smoke-median cost ratio 1.01)
[2026-09-26 12:30:16] 572/1500 FreeSolv_B_pso_s1 (85s) | elapsed session 2h20m, total 2h20m | ETA 9h20m (actual/smoke-median cost ratio 1.01)
[2026-09-26 12:30:24] 573/1500 FreeSolv_B_pso_s5 (63s) | elapsed session 2h21m, total 2h21m | ETA 9h20m (actual/smoke-median cost ratio 1.01)
[2026-09-26 12:30:35] 574/1500 FreeSolv_B_pso_s2 (90s) | elapsed session 2h21m, total 2h21m | ETA 9h20m (actual/smoke-median cost ratio 1.01)
[2026-09-26 12:30:54] 575/1500 FreeSolv_B_pso_s4 (98s) | elapsed session 2h21m, total 2h21m | ETA 9h20m (actual/smoke-median cost ratio 1.01)
[2026-09-26 12:30:55] 576/1500 FreeSolv_B_pso_s7 (90s) | elapsed session 2h21m, total 2h21m | ETA 9h20m (actual/smoke-median cost ratio 1.01)
[2026-09-26 12:30:55] 577/1500 FreeSolv_B_pso_s6 (94s) | elapsed session 2h21m, total 2h21m | ETA 9h19m (actual/smoke-median cost ratio 1.01)
[2026-09-26 12:31:03] 578/1500 FreeSolv_B_pso_s8 (92s) | elapsed session 2h21m, total 2h21m | ETA 9h19m (actual/smoke-median cost ratio 1.01)
[2026-09-26 12:31:10] 579/1500 FreeSolv_B_pso_s0 (158s) | elapsed session 2h21m, total 2h21m | ETA 9h19m (actual/smoke-median cost ratio 1.01)
[2026-09-26 12:31:32] 580/1500 FreeSolv_B_pso_s11 (76s) | elapsed session 2h22m, total 2h22m | ETA 9h19m (actual/smoke-median cost ratio 1.01)
[2026-09-26 12:31:38] 581/1500 FreeSolv_B_pso_s10 (88s) | elapsed session 2h22m, total 2h22m | ETA 9h19m (actual/smoke-median cost ratio 1.01)
[2026-09-26 12:31:42] 582/1500 FreeSolv_B_pso_s9 (98s) | elapsed session 2h22m, total 2h22m | ETA 9h19m (actual/smoke-median cost ratio 1.01)
[2026-09-26 12:31:51] 583/1500 FreeSolv_B_pso_s16 (56s) | elapsed session 2h22m, total 2h22m | ETA 9h18m (actual/smoke-median cost ratio 1.01)
[2026-09-26 12:31:53] 584/1500 FreeSolv_B_pso_s13 (78s) | elapsed session 2h22m, total 2h22m | ETA 9h18m (actual/smoke-median cost ratio 1.01)
[2026-09-26 12:32:22] 585/1500 FreeSolv_B_pso_s14 (88s) | elapsed session 2h22m, total 2h22m | ETA 9h18m (actual/smoke-median cost ratio 1.01)
[2026-09-26 12:32:25] 586/1500 FreeSolv_B_pso_s19 (52s) | elapsed session 2h23m, total 2h23m | ETA 9h17m (actual/smoke-median cost ratio 1.00)
[2026-09-26 12:32:37] 587/1500 FreeSolv_B_pso_s20 (59s) | elapsed session 2h23m, total 2h23m | ETA 9h17m (actual/smoke-median cost ratio 1.00)
[2026-09-26 12:32:58] 588/1500 FreeSolv_B_pso_s18 (108s) | elapsed session 2h23m, total 2h23m | ETA 9h17m (actual/smoke-median cost ratio 1.00)
[2026-09-26 12:33:38] 589/1500 FreeSolv_B_pso_s21 (116s) | elapsed session 2h24m, total 2h24m | ETA 9h17m (actual/smoke-median cost ratio 1.00)
[2026-09-26 12:33:57] 590/1500 FreeSolv_B_pso_s22 (126s) | elapsed session 2h24m, total 2h24m | ETA 9h17m (actual/smoke-median cost ratio 1.01)
[2026-09-26 12:34:12] 591/1500 FreeSolv_B_pso_s15 (197s) | elapsed session 2h24m, total 2h24m | ETA 9h17m (actual/smoke-median cost ratio 1.01)
[2026-09-26 12:34:13] 592/1500 FreeSolv_B_pso_s12 (229s) | elapsed session 2h24m, total 2h24m | ETA 9h18m (actual/smoke-median cost ratio 1.01)
[2026-09-26 12:34:18] 593/1500 FreeSolv_B_pso_s27 (79s) | elapsed session 2h24m, total 2h24m | ETA 9h18m (actual/smoke-median cost ratio 1.01)
[2026-09-26 12:34:25] 594/1500 FreeSolv_B_pso_s24 (123s) | elapsed session 2h25m, total 2h25m | ETA 9h18m (actual/smoke-median cost ratio 1.01)
[2026-09-26 12:34:33] 595/1500 FreeSolv_B_pso_s23 (160s) | elapsed session 2h25m, total 2h25m | ETA 9h18m (actual/smoke-median cost ratio 1.01)
[2026-09-26 12:34:41] 596/1500 FreeSolv_B_pso_s17 (218s) | elapsed session 2h25m, total 2h25m | ETA 9h19m (actual/smoke-median cost ratio 1.01)
[2026-09-26 12:34:47] 597/1500 FreeSolv_B_pso_s28 (69s) | elapsed session 2h25m, total 2h25m | ETA 9h18m (actual/smoke-median cost ratio 1.01)
[2026-09-26 12:34:49] 598/1500 FreeSolv_B_pso_s25 (144s) | elapsed session 2h25m, total 2h25m | ETA 9h18m (actual/smoke-median cost ratio 1.01)
[2026-09-26 12:35:17] 599/1500 FreeSolv_B_pso_s29 (80s) | elapsed session 2h25m, total 2h25m | ETA 9h18m (actual/smoke-median cost ratio 1.01)
[2026-09-26 12:35:37] 600/1500 FreeSolv_B_pso_s26 (180s) | elapsed session 2h26m, total 2h26m | ETA 9h19m (actual/smoke-median cost ratio 1.01)
[2026-09-26 12:35:37] FreeSolv complete: 300/300 runs
[2026-09-26 12:35:37] --- checkpoint at 600 runs: median fit time per call, actual vs smoke estimate ---
[2026-09-26 12:35:37]     BBBP          A: actual   1.92 s (n=14503) | smoke   1.98 s | ratio 0.97
[2026-09-26 12:35:37]     BBBP          B: actual   0.88 s (n=14493) | smoke   0.77 s | ratio 1.13
[2026-09-26 12:35:37]     FreeSolv      A: actual   1.08 s (n=14462) | smoke   1.92 s | ratio 0.56
[2026-09-26 12:35:37]     FreeSolv      B: actual   0.72 s (n=14497) | smoke   0.95 s | ratio 0.76
[2026-09-26 12:38:22] 601/1500 BACE_A_random_s0 (250s) | elapsed session 2h29m, total 2h29m | ETA 9h19m (actual/smoke-median cost ratio 1.01)
[2026-09-26 12:38:31] 602/1500 BACE_A_random_s1 (259s) | elapsed session 2h29m, total 2h29m | ETA 9h19m (actual/smoke-median cost ratio 1.01)
[2026-09-26 12:38:32] 603/1500 BACE_A_random_s2 (254s) | elapsed session 2h29m, total 2h29m | ETA 9h19m (actual/smoke-median cost ratio 1.01)
[2026-09-26 12:38:42] 604/1500 BACE_A_random_s3 (257s) | elapsed session 2h29m, total 2h29m | ETA 9h19m (actual/smoke-median cost ratio 1.01)
[2026-09-26 12:38:43] 605/1500 BACE_A_random_s5 (242s) | elapsed session 2h29m, total 2h29m | ETA 9h19m (actual/smoke-median cost ratio 1.02)
[2026-09-26 12:39:07] 606/1500 BACE_A_random_s7 (258s) | elapsed session 2h29m, total 2h29m | ETA 9h19m (actual/smoke-median cost ratio 1.02)
[2026-09-26 12:39:10] 607/1500 BACE_A_random_s6 (263s) | elapsed session 2h29m, total 2h29m | ETA 9h19m (actual/smoke-median cost ratio 1.02)
[2026-09-26 12:39:17] 608/1500 BACE_A_random_s4 (284s) | elapsed session 2h29m, total 2h29m | ETA 9h20m (actual/smoke-median cost ratio 1.02)
[2026-09-26 12:39:27] 609/1500 BACE_A_random_s8 (250s) | elapsed session 2h30m, total 2h30m | ETA 9h20m (actual/smoke-median cost ratio 1.02)
[2026-09-26 12:39:30] 610/1500 BACE_A_random_s9 (233s) | elapsed session 2h30m, total 2h30m | ETA 9h20m (actual/smoke-median cost ratio 1.02)
[2026-09-26 12:42:31] 611/1500 BACE_A_random_s10 (249s) | elapsed session 2h33m, total 2h33m | ETA 9h20m (actual/smoke-median cost ratio 1.02)
[2026-09-26 12:42:46] 612/1500 BACE_A_random_s16 (216s) | elapsed session 2h33m, total 2h33m | ETA 9h20m (actual/smoke-median cost ratio 1.02)
[2026-09-26 12:42:53] 613/1500 BACE_A_random_s13 (251s) | elapsed session 2h33m, total 2h33m | ETA 9h20m (actual/smoke-median cost ratio 1.02)
[2026-09-26 12:42:56] 614/1500 BACE_A_random_s14 (253s) | elapsed session 2h33m, total 2h33m | ETA 9h20m (actual/smoke-median cost ratio 1.02)
[2026-09-26 12:42:57] 615/1500 BACE_A_random_s15 (230s) | elapsed session 2h33m, total 2h33m | ETA 9h20m (actual/smoke-median cost ratio 1.02)
[2026-09-26 12:43:05] 616/1500 BACE_A_random_s11 (273s) | elapsed session 2h33m, total 2h33m | ETA 9h20m (actual/smoke-median cost ratio 1.02)
[2026-09-26 12:43:06] 617/1500 BACE_A_random_s12 (275s) | elapsed session 2h33m, total 2h33m | ETA 9h20m (actual/smoke-median cost ratio 1.02)
[2026-09-26 12:43:14] 618/1500 BACE_A_random_s18 (227s) | elapsed session 2h33m, total 2h33m | ETA 9h20m (actual/smoke-median cost ratio 1.02)
[2026-09-26 12:43:25] 619/1500 BACE_A_random_s19 (235s) | elapsed session 2h34m, total 2h34m | ETA 9h20m (actual/smoke-median cost ratio 1.03)
[2026-09-26 12:43:37] 620/1500 BACE_A_random_s17 (261s) | elapsed session 2h34m, total 2h34m | ETA 9h20m (actual/smoke-median cost ratio 1.03)
[2026-09-26 12:46:19] 621/1500 BACE_A_random_s20 (228s) | elapsed session 2h36m, total 2h36m | ETA 9h20m (actual/smoke-median cost ratio 1.03)
[2026-09-26 12:46:29] 622/1500 BACE_A_random_s21 (223s) | elapsed session 2h37m, total 2h37m | ETA 9h20m (actual/smoke-median cost ratio 1.03)
[2026-09-26 12:47:14] 623/1500 BACE_A_random_s23 (258s) | elapsed session 2h37m, total 2h37m | ETA 9h20m (actual/smoke-median cost ratio 1.03)
[2026-09-26 12:47:18] 624/1500 BACE_A_random_s25 (254s) | elapsed session 2h37m, total 2h37m | ETA 9h21m (actual/smoke-median cost ratio 1.03)
[2026-09-26 12:47:19] 625/1500 BACE_A_random_s24 (262s) | elapsed session 2h37m, total 2h37m | ETA 9h21m (actual/smoke-median cost ratio 1.03)
[2026-09-26 12:47:24] 626/1500 BACE_A_random_s27 (250s) | elapsed session 2h38m, total 2h38m | ETA 9h21m (actual/smoke-median cost ratio 1.03)
[2026-09-26 12:47:36] 627/1500 BACE_A_random_s26 (269s) | elapsed session 2h38m, total 2h38m | ETA 9h21m (actual/smoke-median cost ratio 1.03)
[2026-09-26 12:47:46] 628/1500 BACE_A_random_s22 (293s) | elapsed session 2h38m, total 2h38m | ETA 9h21m (actual/smoke-median cost ratio 1.03)
[2026-09-26 12:48:01] 629/1500 BACE_A_random_s28 (276s) | elapsed session 2h38m, total 2h38m | ETA 9h21m (actual/smoke-median cost ratio 1.03)
[2026-09-26 12:48:40] 630/1500 BACE_A_random_s29 (303s) | elapsed session 2h39m, total 2h39m | ETA 9h22m (actual/smoke-median cost ratio 1.03)
[2026-09-26 12:49:35] 631/1500 BACE_A_tpe_s4 (136s) | elapsed session 2h40m, total 2h40m | ETA 9h21m (actual/smoke-median cost ratio 1.03)
[2026-09-26 12:49:38] 632/1500 BACE_A_tpe_s2 (144s) | elapsed session 2h40m, total 2h40m | ETA 9h21m (actual/smoke-median cost ratio 1.03)
[2026-09-26 12:50:09] 633/1500 BACE_A_tpe_s6 (153s) | elapsed session 2h40m, total 2h40m | ETA 9h20m (actual/smoke-median cost ratio 1.03)
[2026-09-26 12:50:32] 634/1500 BACE_A_tpe_s5 (187s) | elapsed session 2h41m, total 2h41m | ETA 9h20m (actual/smoke-median cost ratio 1.03)
[2026-09-26 12:51:12] 635/1500 BACE_A_tpe_s1 (283s) | elapsed session 2h41m, total 2h41m | ETA 9h20m (actual/smoke-median cost ratio 1.03)
[2026-09-26 12:51:19] 636/1500 BACE_A_tpe_s3 (240s) | elapsed session 2h41m, total 2h41m | ETA 9h20m (actual/smoke-median cost ratio 1.03)
[2026-09-26 12:51:35] 637/1500 BACE_A_tpe_s10 (121s) | elapsed session 2h42m, total 2h42m | ETA 9h19m (actual/smoke-median cost ratio 1.03)
[2026-09-26 12:51:36] 638/1500 BACE_A_tpe_s0 (317s) | elapsed session 2h42m, total 2h42m | ETA 9h20m (actual/smoke-median cost ratio 1.03)
[2026-09-26 12:52:28] 639/1500 BACE_A_tpe_s7 (282s) | elapsed session 2h43m, total 2h43m | ETA 9h20m (actual/smoke-median cost ratio 1.04)
[2026-09-26 12:52:40] 640/1500 BACE_A_tpe_s12 (151s) | elapsed session 2h43m, total 2h43m | ETA 9h19m (actual/smoke-median cost ratio 1.04)
[2026-09-26 12:52:49] 641/1500 BACE_A_tpe_s11 (191s) | elapsed session 2h43m, total 2h43m | ETA 9h19m (actual/smoke-median cost ratio 1.04)
[2026-09-26 12:53:10] 642/1500 BACE_A_tpe_s17 (94s) | elapsed session 2h43m, total 2h43m | ETA 9h18m (actual/smoke-median cost ratio 1.03)
[2026-09-26 12:53:41] 643/1500 BACE_A_tpe_s9 (301s) | elapsed session 2h44m, total 2h44m | ETA 9h18m (actual/smoke-median cost ratio 1.04)
[2026-09-26 12:53:48] 644/1500 BACE_A_tpe_s14 (155s) | elapsed session 2h44m, total 2h44m | ETA 9h18m (actual/smoke-median cost ratio 1.04)
[2026-09-26 12:53:53] 645/1500 BACE_A_tpe_s16 (138s) | elapsed session 2h44m, total 2h44m | ETA 9h17m (actual/smoke-median cost ratio 1.03)
[2026-09-26 12:54:42] 646/1500 BACE_A_tpe_s18 (133s) | elapsed session 2h45m, total 2h45m | ETA 9h17m (actual/smoke-median cost ratio 1.03)
[2026-09-26 12:54:49] 647/1500 BACE_A_tpe_s20 (120s) | elapsed session 2h45m, total 2h45m | ETA 9h16m (actual/smoke-median cost ratio 1.03)
[2026-09-26 12:54:59] 648/1500 BACE_A_tpe_s15 (221s) | elapsed session 2h45m, total 2h45m | ETA 9h16m (actual/smoke-median cost ratio 1.03)
[2026-09-26 12:55:10] 649/1500 BACE_A_tpe_s22 (89s) | elapsed session 2h45m, total 2h45m | ETA 9h15m (actual/smoke-median cost ratio 1.03)
[2026-09-26 12:55:40] 650/1500 BACE_A_tpe_s13 (309s) | elapsed session 2h46m, total 2h46m | ETA 9h15m (actual/smoke-median cost ratio 1.03)
[2026-09-26 12:55:40] --- checkpoint at 650 runs: median fit time per call, actual vs smoke estimate ---
[2026-09-26 12:55:40]     BBBP          A: actual   1.92 s (n=14503) | smoke   1.98 s | ratio 0.97
[2026-09-26 12:55:40]     BBBP          B: actual   0.88 s (n=14493) | smoke   0.77 s | ratio 1.13
[2026-09-26 12:55:40]     FreeSolv      A: actual   1.08 s (n=14462) | smoke   1.92 s | ratio 0.56
[2026-09-26 12:55:40]     FreeSolv      B: actual   0.72 s (n=14497) | smoke   0.95 s | ratio 0.76
[2026-09-26 12:55:40]     BACE          A: actual   1.75 s (n=5000) | smoke   1.80 s | ratio 0.97
[2026-09-26 12:55:52] 651/1500 BACE_A_tpe_s21 (162s) | elapsed session 2h46m, total 2h46m | ETA 9h15m (actual/smoke-median cost ratio 1.03)
[2026-09-26 12:56:27] 652/1500 BACE_A_tpe_s25 (105s) | elapsed session 2h47m, total 2h47m | ETA 9h14m (actual/smoke-median cost ratio 1.03)
[2026-09-26 12:56:57] 653/1500 BACE_A_tpe_s27 (118s) | elapsed session 2h47m, total 2h47m | ETA 9h13m (actual/smoke-median cost ratio 1.03)
[2026-09-26 12:57:19] 654/1500 BACE_A_tpe_s19 (279s) | elapsed session 2h47m, total 2h47m | ETA 9h14m (actual/smoke-median cost ratio 1.03)
[2026-09-26 12:57:22] 655/1500 BACE_A_tpe_s28 (132s) | elapsed session 2h48m, total 2h48m | ETA 9h13m (actual/smoke-median cost ratio 1.03)
[2026-09-26 12:58:38] 656/1500 BACE_A_tpe_s24 (285s) | elapsed session 2h49m, total 2h49m | ETA 9h13m (actual/smoke-median cost ratio 1.03)
[2026-09-26 12:58:53] 657/1500 BACE_A_tpe_s8 (652s) | elapsed session 2h49m, total 2h49m | ETA 9h15m (actual/smoke-median cost ratio 1.04)
[2026-09-26 12:59:31] 658/1500 BACE_A_gwo_s3 (132s) | elapsed session 2h50m, total 2h50m | ETA 9h15m (actual/smoke-median cost ratio 1.04)
[2026-09-26 12:59:38] 659/1500 BACE_A_gwo_s2 (161s) | elapsed session 2h50m, total 2h50m | ETA 9h14m (actual/smoke-median cost ratio 1.04)
[2026-09-26 13:00:10] 660/1500 BACE_A_tpe_s29 (270s) | elapsed session 2h50m, total 2h50m | ETA 9h14m (actual/smoke-median cost ratio 1.04)
[2026-09-26 13:00:15] 661/1500 BACE_A_tpe_s26 (326s) | elapsed session 2h50m, total 2h50m | ETA 9h15m (actual/smoke-median cost ratio 1.04)
[2026-09-26 13:00:41] 662/1500 BACE_A_gwo_s4 (199s) | elapsed session 2h51m, total 2h51m | ETA 9h15m (actual/smoke-median cost ratio 1.04)
[2026-09-26 13:00:42] 663/1500 BACE_A_gwo_s0 (289s) | elapsed session 2h51m, total 2h51m | ETA 9h15m (actual/smoke-median cost ratio 1.04)
[2026-09-26 13:01:55] 664/1500 BACE_A_tpe_s23 (488s) | elapsed session 2h52m, total 2h52m | ETA 9h16m (actual/smoke-median cost ratio 1.04)
[2026-09-26 13:02:04] 665/1500 BACE_A_gwo_s6 (191s) | elapsed session 2h52m, total 2h52m | ETA 9h16m (actual/smoke-median cost ratio 1.04)
[2026-09-26 13:03:06] 666/1500 BACE_A_gwo_s12 (145s) | elapsed session 2h53m, total 2h53m | ETA 9h15m (actual/smoke-median cost ratio 1.04)
[2026-09-26 13:03:13] 667/1500 BACE_A_gwo_s11 (152s) | elapsed session 2h53m, total 2h53m | ETA 9h15m (actual/smoke-median cost ratio 1.04)
[2026-09-26 13:03:18] 668/1500 BACE_A_gwo_s5 (280s) | elapsed session 2h53m, total 2h53m | ETA 9h15m (actual/smoke-median cost ratio 1.04)
[2026-09-26 13:03:31] 669/1500 BACE_A_gwo_s1 (425s) | elapsed session 2h54m, total 2h54m | ETA 9h16m (actual/smoke-median cost ratio 1.05)
[2026-09-26 13:03:47] 670/1500 BACE_A_gwo_s10 (212s) | elapsed session 2h54m, total 2h54m | ETA 9h16m (actual/smoke-median cost ratio 1.05)
[2026-09-26 13:04:11] 671/1500 BACE_A_gwo_s14 (127s) | elapsed session 2h54m, total 2h54m | ETA 9h15m (actual/smoke-median cost ratio 1.05)
[2026-09-26 13:04:27] 672/1500 BACE_A_gwo_s7 (296s) | elapsed session 2h55m, total 2h55m | ETA 9h15m (actual/smoke-median cost ratio 1.05)
[2026-09-26 13:04:58] 673/1500 BACE_A_gwo_s17 (100s) | elapsed session 2h55m, total 2h55m | ETA 9h14m (actual/smoke-median cost ratio 1.05)
[2026-09-26 13:05:25] 674/1500 BACE_A_gwo_s8 (348s) | elapsed session 2h56m, total 2h56m | ETA 9h15m (actual/smoke-median cost ratio 1.05)
[2026-09-26 13:05:34] 675/1500 BACE_A_gwo_s9 (324s) | elapsed session 2h56m, total 2h56m | ETA 9h15m (actual/smoke-median cost ratio 1.05)
[2026-09-26 13:06:19] 676/1500 BACE_A_gwo_s13 (264s) | elapsed session 2h56m, total 2h56m | ETA 9h15m (actual/smoke-median cost ratio 1.05)
[2026-09-26 13:06:23] 677/1500 BACE_A_gwo_s15 (197s) | elapsed session 2h57m, total 2h57m | ETA 9h15m (actual/smoke-median cost ratio 1.05)
[2026-09-26 13:06:27] 678/1500 BACE_A_gwo_s16 (194s) | elapsed session 2h57m, total 2h57m | ETA 9h15m (actual/smoke-median cost ratio 1.05)
[2026-09-26 13:06:41] 679/1500 BACE_A_gwo_s18 (189s) | elapsed session 2h57m, total 2h57m | ETA 9h14m (actual/smoke-median cost ratio 1.05)
[2026-09-26 13:07:03] 680/1500 BACE_A_gwo_s22 (125s) | elapsed session 2h57m, total 2h57m | ETA 9h14m (actual/smoke-median cost ratio 1.05)
[2026-09-26 13:07:34] 681/1500 BACE_A_gwo_s20 (202s) | elapsed session 2h58m, total 2h58m | ETA 9h14m (actual/smoke-median cost ratio 1.05)
[2026-09-26 13:07:39] 682/1500 BACE_A_gwo_s21 (192s) | elapsed session 2h58m, total 2h58m | ETA 9h13m (actual/smoke-median cost ratio 1.05)
[2026-09-26 13:07:50] 683/1500 BACE_A_gwo_s19 (243s) | elapsed session 2h58m, total 2h58m | ETA 9h13m (actual/smoke-median cost ratio 1.05)
[2026-09-26 13:08:59] 684/1500 BACE_A_gwo_s24 (204s) | elapsed session 2h59m, total 2h59m | ETA 9h13m (actual/smoke-median cost ratio 1.05)
[2026-09-26 13:09:57] 685/1500 BACE_A_gwo_s28 (196s) | elapsed session 3h00m, total 3h00m | ETA 9h13m (actual/smoke-median cost ratio 1.05)
[2026-09-26 13:10:16] 686/1500 BACE_A_gwo_s27 (230s) | elapsed session 3h00m, total 3h00m | ETA 9h12m (actual/smoke-median cost ratio 1.05)
[2026-09-26 13:10:22] 687/1500 BACE_A_gwo_s23 (296s) | elapsed session 3h00m, total 3h00m | ETA 9h13m (actual/smoke-median cost ratio 1.05)
[2026-09-26 13:11:01] 688/1500 BACE_A_woa_s1 (202s) | elapsed session 3h01m, total 3h01m | ETA 9h12m (actual/smoke-median cost ratio 1.05)
[2026-09-26 13:11:32] 689/1500 BACE_A_woa_s2 (222s) | elapsed session 3h02m, total 3h02m | ETA 9h12m (actual/smoke-median cost ratio 1.05)
[2026-09-26 13:12:33] 690/1500 BACE_A_woa_s5 (136s) | elapsed session 3h03m, total 3h03m | ETA 9h12m (actual/smoke-median cost ratio 1.05)
[2026-09-26 13:12:35] 691/1500 BACE_A_woa_s6 (134s) | elapsed session 3h03m, total 3h03m | ETA 9h11m (actual/smoke-median cost ratio 1.05)
[2026-09-26 13:12:49] 692/1500 BACE_A_gwo_s29 (346s) | elapsed session 3h03m, total 3h03m | ETA 9h12m (actual/smoke-median cost ratio 1.05)
[2026-09-26 13:13:12] 693/1500 BACE_A_woa_s4 (195s) | elapsed session 3h03m, total 3h03m | ETA 9h11m (actual/smoke-median cost ratio 1.05)
[2026-09-26 13:13:23] 694/1500 BACE_A_gwo_s25 (423s) | elapsed session 3h04m, total 3h04m | ETA 9h12m (actual/smoke-median cost ratio 1.05)
[2026-09-26 13:13:49] 695/1500 BACE_A_gwo_s26 (445s) | elapsed session 3h04m, total 3h04m | ETA 9h13m (actual/smoke-median cost ratio 1.06)
[2026-09-26 13:15:09] 696/1500 BACE_A_woa_s10 (153s) | elapsed session 3h05m, total 3h05m | ETA 9h13m (actual/smoke-median cost ratio 1.06)
[2026-09-26 13:15:29] 697/1500 BACE_A_woa_s12 (136s) | elapsed session 3h06m, total 3h06m | ETA 9h12m (actual/smoke-median cost ratio 1.06)
[2026-09-26 13:15:55] 698/1500 BACE_A_woa_s9 (203s) | elapsed session 3h06m, total 3h06m | ETA 9h12m (actual/smoke-median cost ratio 1.06)
[2026-09-26 13:15:59] 699/1500 BACE_A_woa_s0 (505s) | elapsed session 3h06m, total 3h06m | ETA 9h13m (actual/smoke-median cost ratio 1.06)
[2026-09-26 13:16:02] 700/1500 BACE_A_woa_s14 (134s) | elapsed session 3h06m, total 3h06m | ETA 9h12m (actual/smoke-median cost ratio 1.06)
[2026-09-26 13:16:02] --- checkpoint at 700 runs: median fit time per call, actual vs smoke estimate ---
[2026-09-26 13:16:02]     BBBP          A: actual   1.92 s (n=14503) | smoke   1.98 s | ratio 0.97
[2026-09-26 13:16:02]     BBBP          B: actual   0.88 s (n=14493) | smoke   0.77 s | ratio 1.13
[2026-09-26 13:16:02]     FreeSolv      A: actual   1.08 s (n=14462) | smoke   1.92 s | ratio 0.56
[2026-09-26 13:16:02]     FreeSolv      B: actual   0.72 s (n=14497) | smoke   0.95 s | ratio 0.76
[2026-09-26 13:16:02]     BACE          A: actual   1.87 s (n=9657) | smoke   1.80 s | ratio 1.04
[2026-09-26 13:16:10] 701/1500 BACE_A_woa_s11 (201s) | elapsed session 3h06m, total 3h06m | ETA 9h12m (actual/smoke-median cost ratio 1.06)
[2026-09-26 13:16:14] 702/1500 BACE_A_woa_s3 (435s) | elapsed session 3h06m, total 3h06m | ETA 9h13m (actual/smoke-median cost ratio 1.06)
[2026-09-26 13:16:48] 703/1500 BACE_A_woa_s7 (347s) | elapsed session 3h07m, total 3h07m | ETA 9h13m (actual/smoke-median cost ratio 1.06)
[2026-09-26 13:17:24] 704/1500 BACE_A_woa_s15 (135s) | elapsed session 3h08m, total 3h08m | ETA 9h13m (actual/smoke-median cost ratio 1.06)
[2026-09-26 13:17:36] 705/1500 BACE_A_woa_s21 (82s) | elapsed session 3h08m, total 3h08m | ETA 9h12m (actual/smoke-median cost ratio 1.06)
[2026-09-26 13:17:43] 706/1500 BACE_A_woa_s17 (108s) | elapsed session 3h08m, total 3h08m | ETA 9h11m (actual/smoke-median cost ratio 1.06)
[2026-09-26 13:17:54] 707/1500 BACE_A_woa_s16 (145s) | elapsed session 3h08m, total 3h08m | ETA 9h11m (actual/smoke-median cost ratio 1.06)
[2026-09-26 13:18:00] 708/1500 BACE_A_woa_s18 (122s) | elapsed session 3h08m, total 3h08m | ETA 9h10m (actual/smoke-median cost ratio 1.06)
[2026-09-26 13:18:08] 709/1500 BACE_A_woa_s22 (80s) | elapsed session 3h08m, total 3h08m | ETA 9h09m (actual/smoke-median cost ratio 1.06)
[2026-09-26 13:19:01] 710/1500 BACE_A_woa_s20 (171s) | elapsed session 3h09m, total 3h09m | ETA 9h09m (actual/smoke-median cost ratio 1.06)
[2026-09-26 13:19:21] 711/1500 BACE_A_woa_s25 (98s) | elapsed session 3h09m, total 3h09m | ETA 9h08m (actual/smoke-median cost ratio 1.06)
[2026-09-26 13:19:43] 712/1500 BACE_A_woa_s19 (221s) | elapsed session 3h10m, total 3h10m | ETA 9h08m (actual/smoke-median cost ratio 1.06)
[2026-09-26 13:20:02] 713/1500 BACE_A_woa_s24 (146s) | elapsed session 3h10m, total 3h10m | ETA 9h07m (actual/smoke-median cost ratio 1.06)
[2026-09-26 13:20:13] 714/1500 BACE_A_woa_s8 (521s) | elapsed session 3h10m, total 3h10m | ETA 9h08m (actual/smoke-median cost ratio 1.06)
[2026-09-26 13:20:14] 715/1500 BACE_A_woa_s13 (411s) | elapsed session 3h10m, total 3h10m | ETA 9h09m (actual/smoke-median cost ratio 1.06)
[2026-09-26 13:20:32] 716/1500 BACE_A_woa_s28 (145s) | elapsed session 3h11m, total 3h11m | ETA 9h08m (actual/smoke-median cost ratio 1.06)
[2026-09-26 13:20:40] 717/1500 BACE_A_woa_s27 (159s) | elapsed session 3h11m, total 3h11m | ETA 9h08m (actual/smoke-median cost ratio 1.06)
[2026-09-26 13:22:50] 718/1500 BACE_A_woa_s23 (326s) | elapsed session 3h13m, total 3h13m | ETA 9h08m (actual/smoke-median cost ratio 1.06)
[2026-09-26 13:23:28] 719/1500 BACE_A_pso_s6 (168s) | elapsed session 3h14m, total 3h14m | ETA 9h08m (actual/smoke-median cost ratio 1.06)
[2026-09-26 13:23:31] 720/1500 BACE_A_woa_s26 (337s) | elapsed session 3h14m, total 3h14m | ETA 9h08m (actual/smoke-median cost ratio 1.06)
[2026-09-26 13:23:48] 721/1500 BACE_A_pso_s2 (226s) | elapsed session 3h14m, total 3h14m | ETA 9h08m (actual/smoke-median cost ratio 1.06)
[2026-09-26 13:23:49] 722/1500 BACE_A_pso_s5 (196s) | elapsed session 3h14m, total 3h14m | ETA 9h08m (actual/smoke-median cost ratio 1.06)
[2026-09-26 13:24:26] 723/1500 BACE_A_woa_s29 (325s) | elapsed session 3h15m, total 3h15m | ETA 9h08m (actual/smoke-median cost ratio 1.06)
[2026-09-26 13:25:18] 724/1500 BACE_A_pso_s0 (357s) | elapsed session 3h15m, total 3h15m | ETA 9h08m (actual/smoke-median cost ratio 1.07)
[2026-09-26 13:25:25] 725/1500 BACE_A_pso_s4 (311s) | elapsed session 3h16m, total 3h16m | ETA 9h09m (actual/smoke-median cost ratio 1.07)
[2026-09-26 13:26:26] 726/1500 BACE_A_pso_s10 (158s) | elapsed session 3h17m, total 3h17m | ETA 9h08m (actual/smoke-median cost ratio 1.07)
[2026-09-26 13:26:47] 727/1500 BACE_A_pso_s7 (238s) | elapsed session 3h17m, total 3h17m | ETA 9h08m (actual/smoke-median cost ratio 1.07)
[2026-09-26 13:26:59] 728/1500 BACE_A_pso_s1 (436s) | elapsed session 3h17m, total 3h17m | ETA 9h09m (actual/smoke-median cost ratio 1.07)
[2026-09-26 13:27:28] 729/1500 BACE_A_pso_s3 (435s) | elapsed session 3h18m, total 3h18m | ETA 9h10m (actual/smoke-median cost ratio 1.07)
[2026-09-26 13:27:56] 730/1500 BACE_A_pso_s11 (248s) | elapsed session 3h18m, total 3h18m | ETA 9h10m (actual/smoke-median cost ratio 1.07)
[2026-09-26 13:27:57] 731/1500 BACE_A_pso_s14 (152s) | elapsed session 3h18m, total 3h18m | ETA 9h09m (actual/smoke-median cost ratio 1.07)
[2026-09-26 13:28:57] 732/1500 BACE_A_pso_s9 (326s) | elapsed session 3h19m, total 3h19m | ETA 9h09m (actual/smoke-median cost ratio 1.07)
[2026-09-26 13:29:26] 733/1500 BACE_A_pso_s17 (147s) | elapsed session 3h20m, total 3h20m | ETA 9h09m (actual/smoke-median cost ratio 1.07)
[2026-09-26 13:30:02] 734/1500 BACE_A_pso_s13 (284s) | elapsed session 3h20m, total 3h20m | ETA 9h09m (actual/smoke-median cost ratio 1.07)
[2026-09-26 13:30:08] 735/1500 BACE_A_pso_s16 (200s) | elapsed session 3h20m, total 3h20m | ETA 9h09m (actual/smoke-median cost ratio 1.07)
[2026-09-26 13:30:19] 736/1500 BACE_A_pso_s12 (354s) | elapsed session 3h20m, total 3h20m | ETA 9h09m (actual/smoke-median cost ratio 1.07)
[2026-09-26 13:30:23] 737/1500 BACE_A_pso_s15 (237s) | elapsed session 3h21m, total 3h21m | ETA 9h09m (actual/smoke-median cost ratio 1.07)
[2026-09-26 13:30:48] 738/1500 BACE_A_pso_s18 (201s) | elapsed session 3h21m, total 3h21m | ETA 9h09m (actual/smoke-median cost ratio 1.07)
[2026-09-26 13:30:52] 739/1500 BACE_A_pso_s21 (115s) | elapsed session 3h21m, total 3h21m | ETA 9h08m (actual/smoke-median cost ratio 1.07)
[2026-09-26 13:31:14] 740/1500 BACE_A_pso_s22 (108s) | elapsed session 3h21m, total 3h21m | ETA 9h07m (actual/smoke-median cost ratio 1.07)
[2026-09-26 13:31:19] 741/1500 BACE_A_pso_s19 (203s) | elapsed session 3h21m, total 3h21m | ETA 9h07m (actual/smoke-median cost ratio 1.07)
[2026-09-26 13:31:58] 742/1500 BACE_A_pso_s8 (510s) | elapsed session 3h22m, total 3h22m | ETA 9h08m (actual/smoke-median cost ratio 1.08)
[2026-09-26 13:32:04] 743/1500 BACE_A_pso_s20 (247s) | elapsed session 3h22m, total 3h22m | ETA 9h08m (actual/smoke-median cost ratio 1.08)
[2026-09-26 13:32:47] 744/1500 BACE_A_pso_s25 (147s) | elapsed session 3h23m, total 3h23m | ETA 9h07m (actual/smoke-median cost ratio 1.08)
[2026-09-26 13:33:36] 745/1500 BACE_B_random_s0 (136s) | elapsed session 3h24m, total 3h24m | ETA 9h07m (actual/smoke-median cost ratio 1.08)
[2026-09-26 13:33:39] 746/1500 BACE_A_pso_s28 (167s) | elapsed session 3h24m, total 3h24m | ETA 9h06m (actual/smoke-median cost ratio 1.08)
[2026-09-26 13:33:48] 747/1500 BACE_A_pso_s24 (220s) | elapsed session 3h24m, total 3h24m | ETA 9h06m (actual/smoke-median cost ratio 1.08)
[2026-09-26 13:34:14] 748/1500 BACE_A_pso_s27 (206s) | elapsed session 3h24m, total 3h24m | ETA 9h06m (actual/smoke-median cost ratio 1.08)
[2026-09-26 13:34:19] 749/1500 BACE_B_random_s2 (135s) | elapsed session 3h24m, total 3h24m | ETA 9h06m (actual/smoke-median cost ratio 1.08)
[2026-09-26 13:34:25] 750/1500 BACE_B_random_s1 (147s) | elapsed session 3h25m, total 3h25m | ETA 9h05m (actual/smoke-median cost ratio 1.08)
[2026-09-26 13:34:25] --- checkpoint at 750 runs: median fit time per call, actual vs smoke estimate ---
[2026-09-26 13:34:25]     BBBP          A: actual   1.92 s (n=14503) | smoke   1.98 s | ratio 0.97
[2026-09-26 13:34:25]     BBBP          B: actual   0.88 s (n=14493) | smoke   0.77 s | ratio 1.13
[2026-09-26 13:34:25]     FreeSolv      A: actual   1.08 s (n=14462) | smoke   1.92 s | ratio 0.56
[2026-09-26 13:34:25]     FreeSolv      B: actual   0.72 s (n=14497) | smoke   0.95 s | ratio 0.76
[2026-09-26 13:34:25]     BACE          A: actual   1.87 s (n=14187) | smoke   1.80 s | ratio 1.04
[2026-09-26 13:34:25]     BACE          B: actual   1.05 s (n=300) | smoke   1.48 s | ratio 0.71
[2026-09-26 13:34:32] 751/1500 BACE_A_pso_s23 (270s) | elapsed session 3h25m, total 3h25m | ETA 9h05m (actual/smoke-median cost ratio 1.08)
[2026-09-26 13:35:01] 752/1500 BACE_B_random_s3 (135s) | elapsed session 3h25m, total 3h25m | ETA 9h05m (actual/smoke-median cost ratio 1.08)
[2026-09-26 13:35:50] 753/1500 BACE_B_random_s6 (122s) | elapsed session 3h26m, total 3h26m | ETA 9h04m (actual/smoke-median cost ratio 1.08)
[2026-09-26 13:35:51] 754/1500 BACE_B_random_s4 (135s) | elapsed session 3h26m, total 3h26m | ETA 9h04m (actual/smoke-median cost ratio 1.08)
[2026-09-26 13:35:53] 755/1500 BACE_A_pso_s26 (330s) | elapsed session 3h26m, total 3h26m | ETA 9h04m (actual/smoke-median cost ratio 1.08)
[2026-09-26 13:36:04] 756/1500 BACE_B_random_s5 (145s) | elapsed session 3h26m, total 3h26m | ETA 9h04m (actual/smoke-median cost ratio 1.08)
[2026-09-26 13:36:14] 757/1500 BACE_B_random_s7 (120s) | elapsed session 3h26m, total 3h26m | ETA 9h04m (actual/smoke-median cost ratio 1.08)
[2026-09-26 13:36:26] 758/1500 BACE_B_random_s10 (113s) | elapsed session 3h27m, total 3h27m | ETA 9h03m (actual/smoke-median cost ratio 1.08)
[2026-09-26 13:36:27] 759/1500 BACE_B_random_s9 (122s) | elapsed session 3h27m, total 3h27m | ETA 9h03m (actual/smoke-median cost ratio 1.08)
[2026-09-26 13:36:34] 760/1500 BACE_B_random_s8 (135s) | elapsed session 3h27m, total 3h27m | ETA 9h02m (actual/smoke-median cost ratio 1.08)
[2026-09-26 13:36:56] 761/1500 BACE_B_random_s11 (115s) | elapsed session 3h27m, total 3h27m | ETA 9h02m (actual/smoke-median cost ratio 1.07)
[2026-09-26 13:37:05] 762/1500 BACE_A_pso_s29 (352s) | elapsed session 3h27m, total 3h27m | ETA 9h02m (actual/smoke-median cost ratio 1.08)
[2026-09-26 13:37:51] 763/1500 BACE_B_random_s13 (120s) | elapsed session 3h28m, total 3h28m | ETA 9h02m (actual/smoke-median cost ratio 1.08)
[2026-09-26 13:41:13] 764/1500 BACE_B_random_s14 (122s) | elapsed session 3h31m, total 3h31m | ETA 9h01m (actual/smoke-median cost ratio 1.08)
[2026-09-26 13:41:13] 765/1500 BACE_B_random_s12 (137s) | elapsed session 3h31m, total 3h31m | ETA 9h01m (actual/smoke-median cost ratio 1.08)
[2026-09-26 13:41:13] 766/1500 BACE_B_random_s18 (112s) | elapsed session 3h31m, total 3h31m | ETA 9h00m (actual/smoke-median cost ratio 1.07)
[2026-09-26 13:41:13] 767/1500 BACE_B_random_s15 (146s) | elapsed session 3h31m, total 3h31m | ETA 9h00m (actual/smoke-median cost ratio 1.07)
[2026-09-26 13:41:13] 768/1500 BACE_B_random_s16 (139s) | elapsed session 3h31m, total 3h31m | ETA 9h00m (actual/smoke-median cost ratio 1.07)
[2026-09-26 13:41:13] 769/1500 BACE_B_random_s17 (138s) | elapsed session 3h31m, total 3h31m | ETA 8h59m (actual/smoke-median cost ratio 1.07)
[2026-09-26 13:41:13] 770/1500 BACE_B_random_s20 (111s) | elapsed session 3h31m, total 3h31m | ETA 8h59m (actual/smoke-median cost ratio 1.07)
[2026-09-26 13:41:13] 771/1500 BACE_B_random_s19 (153s) | elapsed session 3h31m, total 3h31m | ETA 8h58m (actual/smoke-median cost ratio 1.07)
[2026-09-26 13:41:13] 772/1500 BACE_B_random_s21 (143s) | elapsed session 3h31m, total 3h31m | ETA 8h58m (actual/smoke-median cost ratio 1.07)
[2026-09-26 13:41:13] 773/1500 BACE_B_random_s23 (132s) | elapsed session 3h31m, total 3h31m | ETA 8h58m (actual/smoke-median cost ratio 1.07)
[2026-09-26 13:41:13] 774/1500 BACE_B_random_s24 (120s) | elapsed session 3h31m, total 3h31m | ETA 8h57m (actual/smoke-median cost ratio 1.07)
[2026-09-26 13:41:13] 775/1500 BACE_B_random_s22 (140s) | elapsed session 3h31m, total 3h31m | ETA 8h57m (actual/smoke-median cost ratio 1.07)
[2026-09-26 13:41:13] 776/1500 BACE_B_random_s25 (119s) | elapsed session 3h31m, total 3h31m | ETA 8h56m (actual/smoke-median cost ratio 1.07)
[2026-09-26 13:41:13] 777/1500 BACE_B_random_s27 (107s) | elapsed session 3h31m, total 3h31m | ETA 8h56m (actual/smoke-median cost ratio 1.07)
[2026-09-26 13:41:13] 778/1500 BACE_B_random_s26 (123s) | elapsed session 3h31m, total 3h31m | ETA 8h56m (actual/smoke-median cost ratio 1.07)
[2026-09-26 13:41:13] 779/1500 BACE_B_tpe_s0 (95s) | elapsed session 3h31m, total 3h31m | ETA 8h55m (actual/smoke-median cost ratio 1.07)
[2026-09-26 13:41:13] 780/1500 BACE_B_random_s28 (118s) | elapsed session 3h31m, total 3h31m | ETA 8h54m (actual/smoke-median cost ratio 1.07)
[2026-09-26 13:41:13] 781/1500 BACE_B_random_s29 (126s) | elapsed session 3h31m, total 3h31m | ETA 8h54m (actual/smoke-median cost ratio 1.07)
[2026-09-26 13:41:20] 782/1500 BACE_B_tpe_s1 (112s) | elapsed session 3h31m, total 3h31m | ETA 8h54m (actual/smoke-median cost ratio 1.07)
[2026-09-26 13:41:21] 783/1500 BACE_B_tpe_s2 (74s) | elapsed session 3h31m, total 3h31m | ETA 8h53m (actual/smoke-median cost ratio 1.07)
[2026-09-26 13:41:44] 784/1500 BACE_B_tpe_s7 (70s) | elapsed session 3h32m, total 3h32m | ETA 8h52m (actual/smoke-median cost ratio 1.07)
[2026-09-26 13:41:59] 785/1500 BACE_B_tpe_s3 (112s) | elapsed session 3h32m, total 3h32m | ETA 8h52m (actual/smoke-median cost ratio 1.07)
[2026-09-26 13:42:14] 786/1500 BACE_B_tpe_s4 (122s) | elapsed session 3h32m, total 3h32m | ETA 8h51m (actual/smoke-median cost ratio 1.07)
[2026-09-26 13:42:21] 787/1500 BACE_B_tpe_s6 (121s) | elapsed session 3h32m, total 3h32m | ETA 8h51m (actual/smoke-median cost ratio 1.07)
[2026-09-26 13:42:26] 788/1500 BACE_B_tpe_s9 (104s) | elapsed session 3h33m, total 3h33m | ETA 8h50m (actual/smoke-median cost ratio 1.07)
[2026-09-26 13:42:51] 789/1500 BACE_B_tpe_s10 (118s) | elapsed session 3h33m, total 3h33m | ETA 8h50m (actual/smoke-median cost ratio 1.07)
[2026-09-26 13:43:04] 790/1500 BACE_B_tpe_s12 (103s) | elapsed session 3h33m, total 3h33m | ETA 8h49m (actual/smoke-median cost ratio 1.07)
[2026-09-26 13:43:19] 791/1500 BACE_B_tpe_s14 (80s) | elapsed session 3h33m, total 3h33m | ETA 8h48m (actual/smoke-median cost ratio 1.06)
[2026-09-26 13:43:31] 792/1500 BACE_B_tpe_s15 (77s) | elapsed session 3h34m, total 3h34m | ETA 8h48m (actual/smoke-median cost ratio 1.06)
[2026-09-26 13:43:31] 793/1500 BACE_B_tpe_s11 (131s) | elapsed session 3h34m, total 3h34m | ETA 8h47m (actual/smoke-median cost ratio 1.06)
[2026-09-26 13:43:32] 794/1500 BACE_B_tpe_s13 (108s) | elapsed session 3h34m, total 3h34m | ETA 8h47m (actual/smoke-median cost ratio 1.06)
[2026-09-26 13:43:47] 795/1500 BACE_B_tpe_s17 (81s) | elapsed session 3h34m, total 3h34m | ETA 8h46m (actual/smoke-median cost ratio 1.06)
[2026-09-26 13:44:03] 796/1500 BACE_B_tpe_s18 (72s) | elapsed session 3h34m, total 3h34m | ETA 8h45m (actual/smoke-median cost ratio 1.06)
[2026-09-26 13:44:06] 797/1500 BACE_B_tpe_s16 (105s) | elapsed session 3h34m, total 3h34m | ETA 8h45m (actual/smoke-median cost ratio 1.06)
[2026-09-26 13:44:28] 798/1500 BACE_B_tpe_s8 (226s) | elapsed session 3h35m, total 3h35m | ETA 8h45m (actual/smoke-median cost ratio 1.06)
[2026-09-26 13:44:39] 799/1500 BACE_B_tpe_s19 (96s) | elapsed session 3h35m, total 3h35m | ETA 8h44m (actual/smoke-median cost ratio 1.06)
[2026-09-26 13:44:43] 800/1500 BACE_B_tpe_s21 (72s) | elapsed session 3h35m, total 3h35m | ETA 8h43m (actual/smoke-median cost ratio 1.06)
[2026-09-26 13:44:43] --- checkpoint at 800 runs: median fit time per call, actual vs smoke estimate ---
[2026-09-26 13:44:43]     BBBP          A: actual   1.92 s (n=14503) | smoke   1.98 s | ratio 0.97
[2026-09-26 13:44:43]     BBBP          B: actual   0.88 s (n=14493) | smoke   0.77 s | ratio 1.13
[2026-09-26 13:44:43]     FreeSolv      A: actual   1.08 s (n=14462) | smoke   1.92 s | ratio 0.56
[2026-09-26 13:44:43]     FreeSolv      B: actual   0.72 s (n=14497) | smoke   0.95 s | ratio 0.76
[2026-09-26 13:44:43]     BACE          A: actual   1.89 s (n=14487) | smoke   1.80 s | ratio 1.05
[2026-09-26 13:44:43]     BACE          B: actual   0.87 s (n=5000) | smoke   1.48 s | ratio 0.59
[2026-09-26 13:45:03] 801/1500 BACE_B_tpe_s23 (92s) | elapsed session 3h35m, total 3h35m | ETA 8h43m (actual/smoke-median cost ratio 1.06)
[2026-09-26 13:45:23] 802/1500 BACE_B_tpe_s5 (306s) | elapsed session 3h36m, total 3h36m | ETA 8h43m (actual/smoke-median cost ratio 1.06)
[2026-09-26 13:45:43] 803/1500 BACE_B_tpe_s22 (132s) | elapsed session 3h36m, total 3h36m | ETA 8h43m (actual/smoke-median cost ratio 1.06)
[2026-09-26 13:46:08] 804/1500 BACE_B_tpe_s20 (170s) | elapsed session 3h36m, total 3h36m | ETA 8h42m (actual/smoke-median cost ratio 1.06)
[2026-09-26 13:46:33] 805/1500 BACE_B_gwo_s1 (69s) | elapsed session 3h37m, total 3h37m | ETA 8h42m (actual/smoke-median cost ratio 1.06)
[2026-09-26 13:46:37] 806/1500 BACE_B_tpe_s24 (170s) | elapsed session 3h37m, total 3h37m | ETA 8h41m (actual/smoke-median cost ratio 1.06)
[2026-09-26 13:46:44] 807/1500 BACE_B_gwo_s0 (101s) | elapsed session 3h37m, total 3h37m | ETA 8h41m (actual/smoke-median cost ratio 1.06)
[2026-09-26 13:46:47] 808/1500 BACE_B_tpe_s25 (164s) | elapsed session 3h37m, total 3h37m | ETA 8h41m (actual/smoke-median cost ratio 1.06)
[2026-09-26 13:46:55] 809/1500 BACE_B_tpe_s26 (169s) | elapsed session 3h37m, total 3h37m | ETA 8h40m (actual/smoke-median cost ratio 1.06)
[2026-09-26 13:47:05] 810/1500 BACE_B_gwo_s2 (81s) | elapsed session 3h37m, total 3h37m | ETA 8h40m (actual/smoke-median cost ratio 1.06)
[2026-09-26 13:47:12] 811/1500 BACE_B_tpe_s27 (164s) | elapsed session 3h37m, total 3h37m | ETA 8h39m (actual/smoke-median cost ratio 1.06)
[2026-09-26 13:47:13] 812/1500 BACE_B_tpe_s28 (153s) | elapsed session 3h37m, total 3h37m | ETA 8h39m (actual/smoke-median cost ratio 1.06)
[2026-09-26 13:47:23] 813/1500 BACE_B_tpe_s29 (160s) | elapsed session 3h38m, total 3h38m | ETA 8h39m (actual/smoke-median cost ratio 1.06)
[2026-09-26 13:47:29] 814/1500 BACE_B_gwo_s3 (81s) | elapsed session 3h38m, total 3h38m | ETA 8h38m (actual/smoke-median cost ratio 1.06)
[2026-09-26 13:47:50] 815/1500 BACE_B_gwo_s7 (62s) | elapsed session 3h38m, total 3h38m | ETA 8h38m (actual/smoke-median cost ratio 1.06)
[2026-09-26 14:21:43] 816/1500 BACE_B_gwo_s4 (2125s) | elapsed session 4h12m, total 4h12m | ETA 8h45m (actual/smoke-median cost ratio 1.07)
[2026-09-26 14:22:02] 817/1500 BACE_B_gwo_s11 (2104s) | elapsed session 4h12m, total 4h12m | ETA 8h53m (actual/smoke-median cost ratio 1.09)
[2026-09-26 14:22:28] 818/1500 BACE_B_gwo_s9 (2139s) | elapsed session 4h13m, total 4h13m | ETA 9h00m (actual/smoke-median cost ratio 1.10)
[2026-09-26 14:22:39] 819/1500 BACE_B_gwo_s13 (2125s) | elapsed session 4h13m, total 4h13m | ETA 9h08m (actual/smoke-median cost ratio 1.12)
[2026-09-26 14:22:50] 820/1500 BACE_B_gwo_s12 (2142s) | elapsed session 4h13m, total 4h13m | ETA 9h15m (actual/smoke-median cost ratio 1.14)
[2026-09-26 14:22:55] 821/1500 BACE_B_gwo_s14 (2121s) | elapsed session 4h13m, total 4h13m | ETA 9h22m (actual/smoke-median cost ratio 1.15)
[2026-09-26 14:23:11] 822/1500 BACE_B_gwo_s8 (2191s) | elapsed session 4h13m, total 4h13m | ETA 9h30m (actual/smoke-median cost ratio 1.17)
[2026-09-26 14:23:12] 823/1500 BACE_B_gwo_s10 (2174s) | elapsed session 4h13m, total 4h13m | ETA 9h38m (actual/smoke-median cost ratio 1.18)
[2026-09-26 14:23:14] 824/1500 BACE_B_gwo_s6 (2204s) | elapsed session 4h13m, total 4h13m | ETA 9h45m (actual/smoke-median cost ratio 1.20)
[2026-09-26 14:23:28] 825/1500 BACE_B_gwo_s16 (86s) | elapsed session 4h14m, total 4h14m | ETA 9h45m (actual/smoke-median cost ratio 1.20)
[2026-09-26 14:23:33] 826/1500 BACE_B_gwo_s18 (54s) | elapsed session 4h14m, total 4h14m | ETA 9h44m (actual/smoke-median cost ratio 1.20)
[2026-09-26 14:23:39] 827/1500 BACE_B_gwo_s5 (2237s) | elapsed session 4h14m, total 4h14m | ETA 9h51m (actual/smoke-median cost ratio 1.21)
[2026-09-26 14:23:56] 828/1500 BACE_B_gwo_s19 (66s) | elapsed session 4h14m, total 4h14m | ETA 9h51m (actual/smoke-median cost ratio 1.21)
[2026-09-26 14:24:01] 829/1500 BACE_B_gwo_s17 (93s) | elapsed session 4h14m, total 4h14m | ETA 9h50m (actual/smoke-median cost ratio 1.21)
[2026-09-26 14:24:14] 830/1500 BACE_B_gwo_s22 (62s) | elapsed session 4h14m, total 4h14m | ETA 9h49m (actual/smoke-median cost ratio 1.21)
[2026-09-26 14:24:26] 831/1500 BACE_B_gwo_s21 (75s) | elapsed session 4h15m, total 4h15m | ETA 9h49m (actual/smoke-median cost ratio 1.21)
[2026-09-26 14:24:32] 832/1500 BACE_B_gwo_s15 (169s) | elapsed session 4h15m, total 4h15m | ETA 9h48m (actual/smoke-median cost ratio 1.21)
[2026-09-26 14:25:19] 833/1500 BACE_B_gwo_s28 (78s) | elapsed session 4h15m, total 4h15m | ETA 9h47m (actual/smoke-median cost ratio 1.21)
[2026-09-26 14:25:24] 834/1500 BACE_B_gwo_s27 (88s) | elapsed session 4h16m, total 4h16m | ETA 9h47m (actual/smoke-median cost ratio 1.21)
[2026-09-26 14:25:31] 835/1500 BACE_B_gwo_s24 (123s) | elapsed session 4h16m, total 4h16m | ETA 9h46m (actual/smoke-median cost ratio 1.21)
[2026-09-26 14:25:36] 836/1500 BACE_B_gwo_s20 (161s) | elapsed session 4h16m, total 4h16m | ETA 9h46m (actual/smoke-median cost ratio 1.21)
[2026-09-26 14:25:51] 837/1500 BACE_B_gwo_s26 (131s) | elapsed session 4h16m, total 4h16m | ETA 9h45m (actual/smoke-median cost ratio 1.21)
[2026-09-26 14:25:57] 838/1500 BACE_B_gwo_s23 (163s) | elapsed session 4h16m, total 4h16m | ETA 9h45m (actual/smoke-median cost ratio 1.21)
[2026-09-26 14:25:57] 839/1500 BACE_B_woa_s0 (91s) | elapsed session 4h16m, total 4h16m | ETA 9h44m (actual/smoke-median cost ratio 1.21)
[2026-09-26 14:26:35] 840/1500 BACE_B_woa_s1 (123s) | elapsed session 4h17m, total 4h17m | ETA 9h44m (actual/smoke-median cost ratio 1.21)
[2026-09-26 14:26:50] 841/1500 BACE_B_woa_s3 (86s) | elapsed session 4h17m, total 4h17m | ETA 9h43m (actual/smoke-median cost ratio 1.21)
[2026-09-26 14:26:54] 842/1500 BACE_B_woa_s7 (57s) | elapsed session 4h17m, total 4h17m | ETA 9h42m (actual/smoke-median cost ratio 1.21)
[2026-09-26 14:27:03] 843/1500 BACE_B_gwo_s25 (210s) | elapsed session 4h17m, total 4h17m | ETA 9h42m (actual/smoke-median cost ratio 1.21)
[2026-09-26 14:27:03] 844/1500 BACE_B_gwo_s29 (169s) | elapsed session 4h17m, total 4h17m | ETA 9h42m (actual/smoke-median cost ratio 1.21)
[2026-09-26 14:27:05] 845/1500 BACE_B_woa_s4 (93s) | elapsed session 4h17m, total 4h17m | ETA 9h41m (actual/smoke-median cost ratio 1.20)
[2026-09-26 14:27:15] 846/1500 BACE_B_woa_s2 (117s) | elapsed session 4h17m, total 4h17m | ETA 9h41m (actual/smoke-median cost ratio 1.20)
[2026-09-26 14:27:26] 847/1500 BACE_B_woa_s9 (50s) | elapsed session 4h18m, total 4h18m | ETA 9h40m (actual/smoke-median cost ratio 1.20)
[2026-09-26 14:27:30] 848/1500 BACE_B_woa_s6 (100s) | elapsed session 4h18m, total 4h18m | ETA 9h39m (actual/smoke-median cost ratio 1.20)
[2026-09-26 14:28:05] 849/1500 BACE_B_woa_s5 (149s) | elapsed session 4h18m, total 4h18m | ETA 9h39m (actual/smoke-median cost ratio 1.20)
[2026-09-26 14:28:10] 850/1500 BACE_B_woa_s11 (76s) | elapsed session 4h18m, total 4h18m | ETA 9h38m (actual/smoke-median cost ratio 1.20)
[2026-09-26 14:28:10] --- checkpoint at 850 runs: median fit time per call, actual vs smoke estimate ---
[2026-09-26 14:28:10]     BBBP          A: actual   1.92 s (n=14503) | smoke   1.98 s | ratio 0.97
[2026-09-26 14:28:10]     BBBP          B: actual   0.88 s (n=14493) | smoke   0.77 s | ratio 1.13
[2026-09-26 14:28:10]     FreeSolv      A: actual   1.08 s (n=14462) | smoke   1.92 s | ratio 0.56
[2026-09-26 14:28:10]     FreeSolv      B: actual   0.72 s (n=14497) | smoke   0.95 s | ratio 0.76
[2026-09-26 14:28:10]     BACE          A: actual   1.89 s (n=14487) | smoke   1.80 s | ratio 1.05
[2026-09-26 14:28:10]     BACE          B: actual   0.93 s (n=9649) | smoke   1.48 s | ratio 0.63
[2026-09-26 14:28:14] 851/1500 BACE_B_woa_s13 (71s) | elapsed session 4h18m, total 4h18m | ETA 9h38m (actual/smoke-median cost ratio 1.20)
[2026-09-26 14:28:27] 852/1500 BACE_B_woa_s17 (57s) | elapsed session 4h19m, total 4h19m | ETA 9h37m (actual/smoke-median cost ratio 1.20)
[2026-09-26 14:28:31] 853/1500 BACE_B_woa_s15 (75s) | elapsed session 4h19m, total 4h19m | ETA 9h36m (actual/smoke-median cost ratio 1.20)
[2026-09-26 14:28:35] 854/1500 BACE_B_woa_s10 (104s) | elapsed session 4h19m, total 4h19m | ETA 9h36m (actual/smoke-median cost ratio 1.20)
[2026-09-26 14:28:40] 855/1500 BACE_B_woa_s18 (35s) | elapsed session 4h19m, total 4h19m | ETA 9h35m (actual/smoke-median cost ratio 1.20)
[2026-09-26 14:28:43] 856/1500 BACE_B_woa_s16 (78s) | elapsed session 4h19m, total 4h19m | ETA 9h34m (actual/smoke-median cost ratio 1.20)
[2026-09-26 14:29:03] 857/1500 BACE_B_woa_s20 (49s) | elapsed session 4h19m, total 4h19m | ETA 9h33m (actual/smoke-median cost ratio 1.20)
[2026-09-26 14:29:04] 858/1500 BACE_B_woa_s19 (55s) | elapsed session 4h19m, total 4h19m | ETA 9h32m (actual/smoke-median cost ratio 1.19)
[2026-09-26 14:29:16] 859/1500 BACE_B_woa_s21 (49s) | elapsed session 4h19m, total 4h19m | ETA 9h32m (actual/smoke-median cost ratio 1.19)
[2026-09-26 14:29:27] 860/1500 BACE_B_woa_s22 (57s) | elapsed session 4h20m, total 4h20m | ETA 9h31m (actual/smoke-median cost ratio 1.19)
[2026-09-26 14:29:39] 861/1500 BACE_B_woa_s8 (222s) | elapsed session 4h20m, total 4h20m | ETA 9h31m (actual/smoke-median cost ratio 1.19)
[2026-09-26 14:29:46] 862/1500 BACE_B_woa_s12 (164s) | elapsed session 4h20m, total 4h20m | ETA 9h30m (actual/smoke-median cost ratio 1.19)
[2026-09-26 14:29:57] 863/1500 BACE_B_woa_s23 (82s) | elapsed session 4h20m, total 4h20m | ETA 9h30m (actual/smoke-median cost ratio 1.19)
[2026-09-26 14:29:57] 864/1500 BACE_B_woa_s28 (41s) | elapsed session 4h20m, total 4h20m | ETA 9h29m (actual/smoke-median cost ratio 1.19)
[2026-09-26 14:30:19] 865/1500 BACE_B_woa_s24 (99s) | elapsed session 4h20m, total 4h20m | ETA 9h28m (actual/smoke-median cost ratio 1.19)
[2026-09-26 14:30:23] 866/1500 BACE_B_woa_s14 (198s) | elapsed session 4h21m, total 4h21m | ETA 9h28m (actual/smoke-median cost ratio 1.19)
[2026-09-26 14:30:57] 867/1500 BACE_B_woa_s26 (114s) | elapsed session 4h21m, total 4h21m | ETA 9h28m (actual/smoke-median cost ratio 1.19)
[2026-09-26 14:31:08] 868/1500 BACE_B_woa_s27 (124s) | elapsed session 4h21m, total 4h21m | ETA 9h27m (actual/smoke-median cost ratio 1.19)
[2026-09-26 14:31:27] 869/1500 BACE_B_pso_s3 (89s) | elapsed session 4h22m, total 4h22m | ETA 9h27m (actual/smoke-median cost ratio 1.19)
[2026-09-26 14:31:32] 870/1500 BACE_B_pso_s0 (113s) | elapsed session 4h22m, total 4h22m | ETA 9h26m (actual/smoke-median cost ratio 1.19)
[2026-09-26 14:31:40] 871/1500 BACE_B_woa_s25 (176s) | elapsed session 4h22m, total 4h22m | ETA 9h26m (actual/smoke-median cost ratio 1.19)
[2026-09-26 14:31:52] 872/1500 BACE_B_pso_s1 (125s) | elapsed session 4h22m, total 4h22m | ETA 9h25m (actual/smoke-median cost ratio 1.19)
[2026-09-26 14:32:05] 873/1500 BACE_B_pso_s2 (129s) | elapsed session 4h22m, total 4h22m | ETA 9h25m (actual/smoke-median cost ratio 1.19)
[2026-09-26 14:32:23] 874/1500 BACE_B_pso_s7 (75s) | elapsed session 4h23m, total 4h23m | ETA 9h24m (actual/smoke-median cost ratio 1.19)
[2026-09-26 14:32:24] 875/1500 BACE_B_pso_s4 (125s) | elapsed session 4h23m, total 4h23m | ETA 9h24m (actual/smoke-median cost ratio 1.19)
[2026-09-26 14:32:25] 876/1500 BACE_B_pso_s6 (88s) | elapsed session 4h23m, total 4h23m | ETA 9h23m (actual/smoke-median cost ratio 1.19)
[2026-09-26 14:32:53] 877/1500 BACE_B_pso_s9 (81s) | elapsed session 4h23m, total 4h23m | ETA 9h22m (actual/smoke-median cost ratio 1.19)
[2026-09-26 14:32:56] 878/1500 BACE_B_woa_s29 (209s) | elapsed session 4h23m, total 4h23m | ETA 9h22m (actual/smoke-median cost ratio 1.19)
[2026-09-26 14:33:43] 879/1500 BACE_B_pso_s10 (123s) | elapsed session 4h24m, total 4h24m | ETA 9h22m (actual/smoke-median cost ratio 1.18)
[2026-09-26 14:33:52] 880/1500 BACE_B_pso_s11 (120s) | elapsed session 4h24m, total 4h24m | ETA 9h21m (actual/smoke-median cost ratio 1.18)
[2026-09-26 14:34:13] 881/1500 BACE_B_pso_s12 (128s) | elapsed session 4h24m, total 4h24m | ETA 9h21m (actual/smoke-median cost ratio 1.18)
[2026-09-26 14:34:14] 882/1500 BACE_B_pso_s13 (111s) | elapsed session 4h24m, total 4h24m | ETA 9h20m (actual/smoke-median cost ratio 1.18)
[2026-09-26 14:34:31] 883/1500 BACE_B_pso_s16 (98s) | elapsed session 4h25m, total 4h25m | ETA 9h20m (actual/smoke-median cost ratio 1.18)
[2026-09-26 14:34:34] 884/1500 BACE_B_pso_s18 (51s) | elapsed session 4h25m, total 4h25m | ETA 9h19m (actual/smoke-median cost ratio 1.18)
[2026-09-26 14:34:36] 885/1500 BACE_B_pso_s15 (131s) | elapsed session 4h25m, total 4h25m | ETA 9h18m (actual/smoke-median cost ratio 1.18)
[2026-09-26 14:34:37] 886/1500 BACE_B_pso_s8 (190s) | elapsed session 4h25m, total 4h25m | ETA 9h18m (actual/smoke-median cost ratio 1.18)
[2026-09-26 14:34:40] 887/1500 BACE_B_pso_s5 (257s) | elapsed session 4h25m, total 4h25m | ETA 9h18m (actual/smoke-median cost ratio 1.18)
[2026-09-26 14:34:45] 888/1500 BACE_B_pso_s17 (109s) | elapsed session 4h25m, total 4h25m | ETA 9h18m (actual/smoke-median cost ratio 1.18)
[2026-09-26 14:35:02] 889/1500 BACE_B_pso_s14 (158s) | elapsed session 4h25m, total 4h25m | ETA 9h17m (actual/smoke-median cost ratio 1.18)
[2026-09-26 14:35:28] 890/1500 BACE_B_pso_s19 (96s) | elapsed session 4h26m, total 4h26m | ETA 9h17m (actual/smoke-median cost ratio 1.18)
[2026-09-26 14:35:40] 891/1500 BACE_B_pso_s21 (86s) | elapsed session 4h26m, total 4h26m | ETA 9h16m (actual/smoke-median cost ratio 1.18)
[2026-09-26 14:35:46] 892/1500 BACE_B_pso_s20 (93s) | elapsed session 4h26m, total 4h26m | ETA 9h15m (actual/smoke-median cost ratio 1.18)
[2026-09-26 14:36:19] 893/1500 BACE_B_pso_s23 (105s) | elapsed session 4h26m, total 4h26m | ETA 9h15m (actual/smoke-median cost ratio 1.18)
[2026-09-26 14:36:34] 894/1500 BACE_B_pso_s28 (92s) | elapsed session 4h27m, total 4h27m | ETA 9h14m (actual/smoke-median cost ratio 1.18)
[2026-09-26 14:36:41] 895/1500 BACE_B_pso_s25 (124s) | elapsed session 4h27m, total 4h27m | ETA 9h14m (actual/smoke-median cost ratio 1.18)
[2026-09-26 14:36:55] 896/1500 BACE_B_pso_s24 (139s) | elapsed session 4h27m, total 4h27m | ETA 9h13m (actual/smoke-median cost ratio 1.18)
[2026-09-26 14:36:59] 897/1500 BACE_B_pso_s26 (139s) | elapsed session 4h27m, total 4h27m | ETA 9h13m (actual/smoke-median cost ratio 1.18)
[2026-09-26 14:37:07] 898/1500 BACE_B_pso_s22 (156s) | elapsed session 4h27m, total 4h27m | ETA 9h13m (actual/smoke-median cost ratio 1.18)
[2026-09-26 14:38:02] 899/1500 BACE_B_pso_s27 (197s) | elapsed session 4h28m, total 4h28m | ETA 9h12m (actual/smoke-median cost ratio 1.18)
[2026-09-26 14:38:27] 900/1500 BACE_B_pso_s29 (179s) | elapsed session 4h29m, total 4h29m | ETA 9h12m (actual/smoke-median cost ratio 1.18)
[2026-09-26 14:38:27] BACE complete: 300/300 runs
[2026-09-26 14:38:27] --- checkpoint at 900 runs: median fit time per call, actual vs smoke estimate ---
[2026-09-26 14:38:27]     BBBP          A: actual   1.92 s (n=14503) | smoke   1.98 s | ratio 0.97
[2026-09-26 14:38:27]     BBBP          B: actual   0.88 s (n=14493) | smoke   0.77 s | ratio 1.13
[2026-09-26 14:38:27]     FreeSolv      A: actual   1.08 s (n=14462) | smoke   1.92 s | ratio 0.56
[2026-09-26 14:38:27]     FreeSolv      B: actual   0.72 s (n=14497) | smoke   0.95 s | ratio 0.76
[2026-09-26 14:38:27]     BACE          A: actual   1.89 s (n=14487) | smoke   1.80 s | ratio 1.05
[2026-09-26 14:38:27]     BACE          B: actual   0.94 s (n=14514) | smoke   1.48 s | ratio 0.63
[2026-09-26 14:42:11] 901/1500 ESOL_A_random_s0 (391s) | elapsed session 4h32m, total 4h32m | ETA 9h10m (actual/smoke-median cost ratio 1.18)
[2026-09-26 14:43:09] 902/1500 ESOL_A_random_s5 (374s) | elapsed session 4h33m, total 4h33m | ETA 9h09m (actual/smoke-median cost ratio 1.17)
[2026-09-26 14:43:24] 903/1500 ESOL_A_random_s3 (410s) | elapsed session 4h34m, total 4h34m | ETA 9h07m (actual/smoke-median cost ratio 1.17)
[2026-09-26 14:43:59] 904/1500 ESOL_A_random_s7 (412s) | elapsed session 4h34m, total 4h34m | ETA 9h06m (actual/smoke-median cost ratio 1.17)
[2026-09-26 14:44:04] 905/1500 ESOL_A_random_s2 (465s) | elapsed session 4h34m, total 4h34m | ETA 9h05m (actual/smoke-median cost ratio 1.17)
[2026-09-26 14:44:09] 906/1500 ESOL_A_random_s1 (503s) | elapsed session 4h34m, total 4h34m | ETA 9h03m (actual/smoke-median cost ratio 1.17)
[2026-09-26 14:44:13] 907/1500 ESOL_A_random_s6 (434s) | elapsed session 4h34m, total 4h34m | ETA 9h02m (actual/smoke-median cost ratio 1.17)
[2026-09-26 14:44:24] 908/1500 ESOL_A_random_s9 (358s) | elapsed session 4h35m, total 4h35m | ETA 9h00m (actual/smoke-median cost ratio 1.17)
[2026-09-26 14:44:28] 909/1500 ESOL_A_random_s8 (387s) | elapsed session 4h35m, total 4h35m | ETA 8h59m (actual/smoke-median cost ratio 1.17)
[2026-09-26 14:45:35] 910/1500 ESOL_A_random_s4 (534s) | elapsed session 4h36m, total 4h36m | ETA 8h58m (actual/smoke-median cost ratio 1.17)
[2026-09-26 14:48:53] 911/1500 ESOL_A_random_s10 (402s) | elapsed session 4h39m, total 4h39m | ETA 8h56m (actual/smoke-median cost ratio 1.17)
[2026-09-26 14:50:36] 912/1500 ESOL_A_random_s15 (387s) | elapsed session 4h41m, total 4h41m | ETA 8h55m (actual/smoke-median cost ratio 1.17)
[2026-09-26 14:51:03] 913/1500 ESOL_A_random_s16 (410s) | elapsed session 4h41m, total 4h41m | ETA 8h53m (actual/smoke-median cost ratio 1.16)
[2026-09-26 14:51:16] 914/1500 ESOL_A_random_s11 (487s) | elapsed session 4h41m, total 4h41m | ETA 8h52m (actual/smoke-median cost ratio 1.16)
[2026-09-26 14:51:17] 915/1500 ESOL_A_random_s13 (439s) | elapsed session 4h41m, total 4h41m | ETA 8h51m (actual/smoke-median cost ratio 1.16)
[2026-09-26 14:51:38] 916/1500 ESOL_A_random_s18 (429s) | elapsed session 4h42m, total 4h42m | ETA 8h50m (actual/smoke-median cost ratio 1.16)
[2026-09-26 14:51:39] 917/1500 ESOL_A_random_s14 (455s) | elapsed session 4h42m, total 4h42m | ETA 8h48m (actual/smoke-median cost ratio 1.16)
[2026-09-26 14:52:51] 918/1500 ESOL_A_random_s19 (436s) | elapsed session 4h43m, total 4h43m | ETA 8h47m (actual/smoke-median cost ratio 1.16)
[2026-09-26 14:54:20] 919/1500 ESOL_A_random_s12 (672s) | elapsed session 4h44m, total 4h44m | ETA 8h46m (actual/smoke-median cost ratio 1.16)
[2026-09-26 14:54:56] 920/1500 ESOL_A_random_s17 (647s) | elapsed session 4h45m, total 4h45m | ETA 8h46m (actual/smoke-median cost ratio 1.16)
[2026-09-26 14:56:24] 921/1500 ESOL_A_random_s20 (466s) | elapsed session 4h47m, total 4h47m | ETA 8h44m (actual/smoke-median cost ratio 1.16)
[2026-09-26 14:58:12] 922/1500 ESOL_A_random_s21 (471s) | elapsed session 4h48m, total 4h48m | ETA 8h43m (actual/smoke-median cost ratio 1.16)
[2026-09-26 14:58:44] 923/1500 ESOL_A_random_s24 (462s) | elapsed session 4h49m, total 4h49m | ETA 8h42m (actual/smoke-median cost ratio 1.16)
[2026-09-26 14:59:16] 924/1500 ESOL_A_random_s22 (508s) | elapsed session 4h49m, total 4h49m | ETA 8h41m (actual/smoke-median cost ratio 1.16)
[2026-09-26 14:59:24] 925/1500 ESOL_A_random_s23 (503s) | elapsed session 4h50m, total 4h50m | ETA 8h40m (actual/smoke-median cost ratio 1.16)
[2026-09-26 14:59:34] 926/1500 ESOL_A_random_s26 (490s) | elapsed session 4h50m, total 4h50m | ETA 8h39m (actual/smoke-median cost ratio 1.16)
[2026-09-26 14:59:48] 927/1500 ESOL_A_random_s25 (505s) | elapsed session 4h50m, total 4h50m | ETA 8h38m (actual/smoke-median cost ratio 1.16)
[2026-09-26 15:00:37] 928/1500 ESOL_A_random_s27 (481s) | elapsed session 4h51m, total 4h51m | ETA 8h36m (actual/smoke-median cost ratio 1.16)
[2026-09-26 15:03:23] 929/1500 ESOL_A_random_s28 (543s) | elapsed session 4h54m, total 4h54m | ETA 8h35m (actual/smoke-median cost ratio 1.16)
[2026-09-26 15:03:45] 930/1500 ESOL_A_random_s29 (529s) | elapsed session 4h54m, total 4h54m | ETA 8h34m (actual/smoke-median cost ratio 1.16)
[2026-09-26 15:04:58] 931/1500 ESOL_A_tpe_s5 (324s) | elapsed session 4h55m, total 4h55m | ETA 8h33m (actual/smoke-median cost ratio 1.16)
[2026-09-26 15:07:38] 932/1500 ESOL_A_tpe_s8 (254s) | elapsed session 4h58m, total 4h58m | ETA 8h31m (actual/smoke-median cost ratio 1.15)
[2026-09-26 15:07:45] 933/1500 ESOL_A_tpe_s9 (240s) | elapsed session 4h58m, total 4h58m | ETA 8h29m (actual/smoke-median cost ratio 1.15)
[2026-09-26 15:08:41] 934/1500 ESOL_A_tpe_s2 (596s) | elapsed session 4h59m, total 4h59m | ETA 8h28m (actual/smoke-median cost ratio 1.15)
[2026-09-26 15:09:03] 935/1500 ESOL_A_tpe_s7 (506s) | elapsed session 4h59m, total 4h59m | ETA 8h27m (actual/smoke-median cost ratio 1.15)
[2026-09-26 15:11:20] 936/1500 ESOL_A_tpe_s10 (382s) | elapsed session 5h01m, total 5h01m | ETA 8h26m (actual/smoke-median cost ratio 1.15)
[2026-09-26 15:13:50] 937/1500 ESOL_A_tpe_s4 (867s) | elapsed session 5h04m, total 5h04m | ETA 8h26m (actual/smoke-median cost ratio 1.15)
[2026-09-26 15:16:42] 938/1500 ESOL_A_tpe_s3 (1046s) | elapsed session 5h07m, total 5h07m | ETA 8h26m (actual/smoke-median cost ratio 1.16)
[2026-09-26 15:17:01] 939/1500 ESOL_A_tpe_s0 (1237s) | elapsed session 5h07m, total 5h07m | ETA 8h27m (actual/smoke-median cost ratio 1.16)
[2026-09-26 15:19:52] 940/1500 ESOL_A_tpe_s17 (191s) | elapsed session 5h10m, total 5h10m | ETA 8h25m (actual/smoke-median cost ratio 1.16)
[2026-09-26 15:21:25] 941/1500 ESOL_A_tpe_s6 (1297s) | elapsed session 5h12m, total 5h12m | ETA 8h26m (actual/smoke-median cost ratio 1.16)
[2026-09-26 15:22:27] 942/1500 ESOL_A_tpe_s15 (667s) | elapsed session 5h13m, total 5h13m | ETA 8h26m (actual/smoke-median cost ratio 1.16)
[2026-09-26 15:24:02] 943/1500 ESOL_A_tpe_s16 (611s) | elapsed session 5h14m, total 5h14m | ETA 8h25m (actual/smoke-median cost ratio 1.16)
[2026-09-26 15:26:01] 944/1500 ESOL_A_tpe_s13 (1040s) | elapsed session 5h16m, total 5h16m | ETA 8h25m (actual/smoke-median cost ratio 1.17)
[2026-09-26 15:26:08] 945/1500 ESOL_A_tpe_s11 (1111s) | elapsed session 5h16m, total 5h16m | ETA 8h26m (actual/smoke-median cost ratio 1.17)
[2026-09-26 15:28:57] 946/1500 ESOL_A_tpe_s12 (1272s) | elapsed session 5h19m, total 5h19m | ETA 8h27m (actual/smoke-median cost ratio 1.17)
[2026-09-26 15:29:34] 947/1500 ESOL_A_tpe_s22 (332s) | elapsed session 5h20m, total 5h20m | ETA 8h25m (actual/smoke-median cost ratio 1.17)
[2026-09-26 15:29:44] 948/1500 ESOL_A_tpe_s18 (763s) | elapsed session 5h20m, total 5h20m | ETA 8h25m (actual/smoke-median cost ratio 1.17)
[2026-09-26 15:30:14] 949/1500 ESOL_A_tpe_s14 (1272s) | elapsed session 5h20m, total 5h20m | ETA 8h26m (actual/smoke-median cost ratio 1.18)
[2026-09-26 15:33:13] 950/1500 ESOL_A_tpe_s23 (432s) | elapsed session 5h23m, total 5h23m | ETA 8h24m (actual/smoke-median cost ratio 1.18)
[2026-09-26 15:33:13] --- checkpoint at 950 runs: median fit time per call, actual vs smoke estimate ---
[2026-09-26 15:33:13]     BBBP          A: actual   1.92 s (n=14503) | smoke   1.98 s | ratio 0.97
[2026-09-26 15:33:13]     BBBP          B: actual   0.88 s (n=14493) | smoke   0.77 s | ratio 1.13
[2026-09-26 15:33:13]     FreeSolv      A: actual   1.08 s (n=14462) | smoke   1.92 s | ratio 0.56
[2026-09-26 15:33:13]     FreeSolv      B: actual   0.72 s (n=14497) | smoke   0.95 s | ratio 0.76
[2026-09-26 15:33:13]     BACE          A: actual   1.89 s (n=14487) | smoke   1.80 s | ratio 1.05
[2026-09-26 15:33:13]     BACE          B: actual   0.94 s (n=14514) | smoke   1.48 s | ratio 0.63
[2026-09-26 15:33:13]     ESOL          A: actual   3.49 s (n=5000) | smoke   4.78 s | ratio 0.73
[2026-09-26 15:35:38] 951/1500 ESOL_A_tpe_s29 (145s) | elapsed session 5h26m, total 5h26m | ETA 8h22m (actual/smoke-median cost ratio 1.17)
[2026-09-26 15:35:41] 952/1500 ESOL_A_tpe_s20 (857s) | elapsed session 5h26m, total 5h26m | ETA 8h22m (actual/smoke-median cost ratio 1.18)
[2026-09-26 15:38:02] 953/1500 ESOL_A_tpe_s19 (1090s) | elapsed session 5h28m, total 5h28m | ETA 8h22m (actual/smoke-median cost ratio 1.18)
[2026-09-26 15:38:12] 954/1500 ESOL_A_tpe_s24 (724s) | elapsed session 5h28m, total 5h28m | ETA 8h22m (actual/smoke-median cost ratio 1.18)
[2026-09-26 15:38:38] 955/1500 ESOL_A_tpe_s1 (2425s) | elapsed session 5h29m, total 5h29m | ETA 8h26m (actual/smoke-median cost ratio 1.19)
[2026-09-26 15:40:54] 956/1500 ESOL_A_tpe_s25 (717s) | elapsed session 5h31m, total 5h31m | ETA 8h25m (actual/smoke-median cost ratio 1.19)
[2026-09-26 15:41:15] 957/1500 ESOL_A_tpe_s26 (701s) | elapsed session 5h31m, total 5h31m | ETA 8h25m (actual/smoke-median cost ratio 1.19)
[2026-09-26 15:47:03] 958/1500 ESOL_A_gwo_s2 (541s) | elapsed session 5h37m, total 5h37m | ETA 8h24m (actual/smoke-median cost ratio 1.19)
[2026-09-26 15:48:18] 959/1500 ESOL_A_gwo_s0 (760s) | elapsed session 5h38m, total 5h38m | ETA 8h23m (actual/smoke-median cost ratio 1.19)
[2026-09-26 15:48:47] 960/1500 ESOL_A_tpe_s27 (1142s) | elapsed session 5h39m, total 5h39m | ETA 8h23m (actual/smoke-median cost ratio 1.20)
[2026-09-26 15:49:41] 961/1500 ESOL_A_gwo_s5 (527s) | elapsed session 5h40m, total 5h40m | ETA 8h22m (actual/smoke-median cost ratio 1.20)
[2026-09-26 15:50:01] 962/1500 ESOL_A_gwo_s4 (684s) | elapsed session 5h40m, total 5h40m | ETA 8h22m (actual/smoke-median cost ratio 1.20)
[2026-09-26 15:50:40] 963/1500 ESOL_A_tpe_s21 (1693s) | elapsed session 5h41m, total 5h41m | ETA 8h24m (actual/smoke-median cost ratio 1.20)
[2026-09-26 15:51:34] 964/1500 ESOL_A_gwo_s1 (953s) | elapsed session 5h42m, total 5h42m | ETA 8h23m (actual/smoke-median cost ratio 1.21)
[2026-09-26 15:51:51] 965/1500 ESOL_A_gwo_s8 (213s) | elapsed session 5h42m, total 5h42m | ETA 8h22m (actual/smoke-median cost ratio 1.20)
[2026-09-26 15:52:17] 966/1500 ESOL_A_gwo_s6 (663s) | elapsed session 5h42m, total 5h42m | ETA 8h21m (actual/smoke-median cost ratio 1.21)
[2026-09-26 15:55:57] 967/1500 ESOL_A_gwo_s14 (246s) | elapsed session 5h46m, total 5h46m | ETA 8h19m (actual/smoke-median cost ratio 1.20)
[2026-09-26 15:57:45] 968/1500 ESOL_A_gwo_s3 (1173s) | elapsed session 5h48m, total 5h48m | ETA 8h19m (actual/smoke-median cost ratio 1.21)
[2026-09-26 15:58:13] 969/1500 ESOL_A_gwo_s9 (566s) | elapsed session 5h48m, total 5h48m | ETA 8h18m (actual/smoke-median cost ratio 1.21)
[2026-09-26 16:00:31] 970/1500 ESOL_A_gwo_s10 (650s) | elapsed session 5h51m, total 5h51m | ETA 8h18m (actual/smoke-median cost ratio 1.21)
[2026-09-26 16:01:05] 971/1500 ESOL_A_gwo_s18 (172s) | elapsed session 5h51m, total 5h51m | ETA 8h16m (actual/smoke-median cost ratio 1.20)
[2026-09-26 16:01:17] 972/1500 ESOL_A_gwo_s7 (855s) | elapsed session 5h51m, total 5h51m | ETA 8h15m (actual/smoke-median cost ratio 1.21)
[2026-09-26 16:03:37] 973/1500 ESOL_A_gwo_s20 (152s) | elapsed session 5h54m, total 5h54m | ETA 8h13m (actual/smoke-median cost ratio 1.20)
[2026-09-26 16:03:53] 974/1500 ESOL_A_gwo_s17 (368s) | elapsed session 5h54m, total 5h54m | ETA 8h12m (actual/smoke-median cost ratio 1.20)
[2026-09-26 16:04:05] 975/1500 ESOL_A_gwo_s13 (751s) | elapsed session 5h54m, total 5h54m | ETA 8h11m (actual/smoke-median cost ratio 1.20)
[2026-09-26 16:05:04] 976/1500 ESOL_A_gwo_s19 (274s) | elapsed session 5h55m, total 5h55m | ETA 8h10m (actual/smoke-median cost ratio 1.20)
[2026-09-26 16:05:43] 977/1500 ESOL_A_gwo_s15 (806s) | elapsed session 5h56m, total 5h56m | ETA 8h09m (actual/smoke-median cost ratio 1.20)
[2026-09-26 16:06:37] 978/1500 ESOL_A_gwo_s12 (957s) | elapsed session 5h57m, total 5h57m | ETA 8h09m (actual/smoke-median cost ratio 1.21)
[2026-09-26 16:09:16] 979/1500 ESOL_A_gwo_s16 (799s) | elapsed session 5h59m, total 5h59m | ETA 8h09m (actual/smoke-median cost ratio 1.21)
[2026-09-26 16:09:42] 980/1500 ESOL_A_gwo_s11 (1180s) | elapsed session 6h00m, total 6h00m | ETA 8h09m (actual/smoke-median cost ratio 1.21)
[2026-09-26 16:11:54] 981/1500 ESOL_A_gwo_s21 (637s) | elapsed session 6h02m, total 6h02m | ETA 8h08m (actual/smoke-median cost ratio 1.21)
[2026-09-26 16:12:16] 982/1500 ESOL_A_gwo_s25 (432s) | elapsed session 6h02m, total 6h02m | ETA 8h07m (actual/smoke-median cost ratio 1.21)
[2026-09-26 16:13:14] 983/1500 ESOL_A_gwo_s22 (577s) | elapsed session 6h03m, total 6h03m | ETA 8h06m (actual/smoke-median cost ratio 1.21)
[2026-09-26 16:14:30] 984/1500 ESOL_A_gwo_s27 (474s) | elapsed session 6h05m, total 6h05m | ETA 8h05m (actual/smoke-median cost ratio 1.21)
[2026-09-26 16:14:44] 985/1500 ESOL_A_gwo_s23 (651s) | elapsed session 6h05m, total 6h05m | ETA 8h04m (actual/smoke-median cost ratio 1.21)
[2026-09-26 16:15:51] 986/1500 ESOL_A_gwo_s29 (370s) | elapsed session 6h06m, total 6h06m | ETA 8h02m (actual/smoke-median cost ratio 1.21)
[2026-09-26 16:17:52] 987/1500 ESOL_A_woa_s4 (187s) | elapsed session 6h08m, total 6h08m | ETA 8h00m (actual/smoke-median cost ratio 1.21)
[2026-09-26 16:17:56] 988/1500 ESOL_A_tpe_s28 (2862s) | elapsed session 6h08m, total 6h08m | ETA 8h05m (actual/smoke-median cost ratio 1.22)
[2026-09-26 16:20:31] 989/1500 ESOL_A_woa_s2 (437s) | elapsed session 6h11m, total 6h11m | ETA 8h03m (actual/smoke-median cost ratio 1.22)
[2026-09-26 16:21:09] 990/1500 ESOL_A_gwo_s26 (926s) | elapsed session 6h11m, total 6h11m | ETA 8h03m (actual/smoke-median cost ratio 1.22)
[2026-09-26 16:21:46] 991/1500 ESOL_A_gwo_s24 (1060s) | elapsed session 6h12m, total 6h12m | ETA 8h03m (actual/smoke-median cost ratio 1.22)
[2026-09-26 16:22:06] 992/1500 ESOL_A_woa_s8 (95s) | elapsed session 6h12m, total 6h12m | ETA 8h01m (actual/smoke-median cost ratio 1.22)
[2026-09-26 16:22:18] 993/1500 ESOL_A_woa_s5 (387s) | elapsed session 6h12m, total 6h12m | ETA 8h00m (actual/smoke-median cost ratio 1.22)
[2026-09-26 16:23:14] 994/1500 ESOL_A_woa_s7 (318s) | elapsed session 6h13m, total 6h13m | ETA 7h58m (actual/smoke-median cost ratio 1.22)
[2026-09-26 16:23:38] 995/1500 ESOL_A_woa_s0 (704s) | elapsed session 6h14m, total 6h14m | ETA 7h57m (actual/smoke-median cost ratio 1.22)
[2026-09-26 16:24:28] 996/1500 ESOL_A_woa_s9 (199s) | elapsed session 6h15m, total 6h15m | ETA 7h55m (actual/smoke-median cost ratio 1.21)
[2026-09-26 16:24:57] 997/1500 ESOL_A_woa_s6 (425s) | elapsed session 6h15m, total 6h15m | ETA 7h54m (actual/smoke-median cost ratio 1.21)
[2026-09-26 16:27:31] 998/1500 ESOL_A_woa_s10 (346s) | elapsed session 6h18m, total 6h18m | ETA 7h53m (actual/smoke-median cost ratio 1.21)
[2026-09-26 16:28:45] 999/1500 ESOL_A_gwo_s28 (1169s) | elapsed session 6h19m, total 6h19m | ETA 7h53m (actual/smoke-median cost ratio 1.22)
[2026-09-26 16:29:31] 1000/1500 ESOL_A_woa_s17 (119s) | elapsed session 6h20m, total 6h20m | ETA 7h51m (actual/smoke-median cost ratio 1.21)
[2026-09-26 16:29:31] --- checkpoint at 1000 runs: median fit time per call, actual vs smoke estimate ---
[2026-09-26 16:29:31]     BBBP          A: actual   1.92 s (n=14503) | smoke   1.98 s | ratio 0.97
[2026-09-26 16:29:31]     BBBP          B: actual   0.88 s (n=14493) | smoke   0.77 s | ratio 1.13
[2026-09-26 16:29:31]     FreeSolv      A: actual   1.08 s (n=14462) | smoke   1.92 s | ratio 0.56
[2026-09-26 16:29:31]     FreeSolv      B: actual   0.72 s (n=14497) | smoke   0.95 s | ratio 0.76
[2026-09-26 16:29:31]     BACE          A: actual   1.89 s (n=14487) | smoke   1.80 s | ratio 1.05
[2026-09-26 16:29:31]     BACE          B: actual   0.94 s (n=14514) | smoke   1.48 s | ratio 0.63
[2026-09-26 16:29:31]     ESOL          A: actual   4.27 s (n=9661) | smoke   4.78 s | ratio 0.89
[2026-09-26 16:30:46] 1001/1500 ESOL_A_woa_s18 (122s) | elapsed session 6h21m, total 6h21m | ETA 7h49m (actual/smoke-median cost ratio 1.21)
[2026-09-26 16:31:12] 1002/1500 ESOL_A_woa_s13 (478s) | elapsed session 6h21m, total 6h21m | ETA 7h48m (actual/smoke-median cost ratio 1.21)
[2026-09-26 16:31:41] 1003/1500 ESOL_A_woa_s15 (433s) | elapsed session 6h22m, total 6h22m | ETA 7h46m (actual/smoke-median cost ratio 1.21)
[2026-09-26 16:33:02] 1004/1500 ESOL_A_woa_s16 (485s) | elapsed session 6h23m, total 6h23m | ETA 7h45m (actual/smoke-median cost ratio 1.21)
[2026-09-26 16:33:20] 1005/1500 ESOL_A_woa_s20 (154s) | elapsed session 6h23m, total 6h23m | ETA 7h43m (actual/smoke-median cost ratio 1.21)
[2026-09-26 16:33:47] 1006/1500 ESOL_A_woa_s3 (1156s) | elapsed session 6h24m, total 6h24m | ETA 7h44m (actual/smoke-median cost ratio 1.21)
[2026-09-26 16:34:06] 1007/1500 ESOL_A_woa_s11 (720s) | elapsed session 6h24m, total 6h24m | ETA 7h43m (actual/smoke-median cost ratio 1.21)
[2026-09-26 16:34:06] 1008/1500 ESOL_A_woa_s14 (628s) | elapsed session 6h24m, total 6h24m | ETA 7h42m (actual/smoke-median cost ratio 1.21)
[2026-09-26 16:34:33] 1009/1500 ESOL_A_woa_s12 (735s) | elapsed session 6h25m, total 6h25m | ETA 7h41m (actual/smoke-median cost ratio 1.21)
[2026-09-26 16:34:38] 1010/1500 ESOL_A_woa_s19 (307s) | elapsed session 6h25m, total 6h25m | ETA 7h40m (actual/smoke-median cost ratio 1.21)
[2026-09-26 16:36:05] 1011/1500 ESOL_A_woa_s29 (87s) | elapsed session 6h26m, total 6h26m | ETA 7h38m (actual/smoke-median cost ratio 1.21)
[2026-09-26 16:36:47] 1012/1500 ESOL_A_woa_s22 (306s) | elapsed session 6h27m, total 6h27m | ETA 7h36m (actual/smoke-median cost ratio 1.21)
[2026-09-26 16:37:16] 1013/1500 ESOL_A_woa_s27 (190s) | elapsed session 6h27m, total 6h27m | ETA 7h35m (actual/smoke-median cost ratio 1.20)
[2026-09-26 16:38:07] 1014/1500 ESOL_A_woa_s23 (305s) | elapsed session 6h28m, total 6h28m | ETA 7h33m (actual/smoke-median cost ratio 1.20)
[2026-09-26 16:40:26] 1015/1500 ESOL_A_woa_s26 (381s) | elapsed session 6h31m, total 6h31m | ETA 7h32m (actual/smoke-median cost ratio 1.20)
[2026-09-26 16:41:23] 1016/1500 ESOL_A_woa_s24 (483s) | elapsed session 6h32m, total 6h32m | ETA 7h31m (actual/smoke-median cost ratio 1.20)
[2026-09-26 16:42:11] 1017/1500 ESOL_A_pso_s3 (244s) | elapsed session 6h32m, total 6h32m | ETA 7h29m (actual/smoke-median cost ratio 1.20)
[2026-09-26 16:45:20] 1018/1500 ESOL_A_pso_s4 (294s) | elapsed session 6h35m, total 6h35m | ETA 7h27m (actual/smoke-median cost ratio 1.20)
[2026-09-26 16:46:06] 1019/1500 ESOL_A_woa_s1 (2030s) | elapsed session 6h36m, total 6h36m | ETA 7h29m (actual/smoke-median cost ratio 1.21)
[2026-09-26 16:48:02] 1020/1500 ESOL_A_pso_s8 (116s) | elapsed session 6h38m, total 6h38m | ETA 7h27m (actual/smoke-median cost ratio 1.20)
[2026-09-26 16:48:25] 1021/1500 ESOL_A_pso_s5 (422s) | elapsed session 6h39m, total 6h39m | ETA 7h26m (actual/smoke-median cost ratio 1.20)
[2026-09-26 16:49:11] 1022/1500 ESOL_A_pso_s2 (715s) | elapsed session 6h39m, total 6h39m | ETA 7h25m (actual/smoke-median cost ratio 1.20)
[2026-09-26 16:49:45] 1023/1500 ESOL_A_pso_s6 (454s) | elapsed session 6h40m, total 6h40m | ETA 7h24m (actual/smoke-median cost ratio 1.20)
[2026-09-26 16:49:58] 1024/1500 ESOL_A_woa_s21 (1126s) | elapsed session 6h40m, total 6h40m | ETA 7h24m (actual/smoke-median cost ratio 1.20)
[2026-09-26 16:50:51] 1025/1500 ESOL_A_woa_s25 (1024s) | elapsed session 6h41m, total 6h41m | ETA 7h24m (actual/smoke-median cost ratio 1.21)
[2026-09-26 16:51:21] 1026/1500 ESOL_A_pso_s0 (915s) | elapsed session 6h41m, total 6h41m | ETA 7h24m (actual/smoke-median cost ratio 1.21)
[2026-09-26 16:51:26] 1027/1500 ESOL_A_pso_s7 (366s) | elapsed session 6h42m, total 6h42m | ETA 7h22m (actual/smoke-median cost ratio 1.21)
[2026-09-26 16:58:29] 1028/1500 ESOL_A_pso_s1 (1302s) | elapsed session 6h49m, total 6h49m | ETA 7h23m (actual/smoke-median cost ratio 1.21)
[2026-09-26 16:58:50] 1029/1500 ESOL_A_pso_s9 (648s) | elapsed session 6h49m, total 6h49m | ETA 7h22m (actual/smoke-median cost ratio 1.21)
[2026-09-26 16:59:11] 1030/1500 ESOL_A_pso_s10 (646s) | elapsed session 6h49m, total 6h49m | ETA 7h21m (actual/smoke-median cost ratio 1.21)
[2026-09-26 16:59:25] 1031/1500 ESOL_A_pso_s13 (567s) | elapsed session 6h50m, total 6h50m | ETA 7h20m (actual/smoke-median cost ratio 1.21)
[2026-09-26 17:00:08] 1032/1500 ESOL_A_woa_s28 (1534s) | elapsed session 6h50m, total 6h50m | ETA 7h21m (actual/smoke-median cost ratio 1.22)
[2026-09-26 17:01:00] 1033/1500 ESOL_A_pso_s15 (579s) | elapsed session 6h51m, total 6h51m | ETA 7h20m (actual/smoke-median cost ratio 1.22)
[2026-09-26 17:01:02] 1034/1500 ESOL_A_pso_s14 (611s) | elapsed session 6h51m, total 6h51m | ETA 7h19m (actual/smoke-median cost ratio 1.22)
[2026-09-26 17:02:49] 1035/1500 ESOL_A_pso_s17 (261s) | elapsed session 6h53m, total 6h53m | ETA 7h17m (actual/smoke-median cost ratio 1.21)
[2026-09-26 17:02:58] 1036/1500 ESOL_A_pso_s12 (794s) | elapsed session 6h53m, total 6h53m | ETA 7h17m (actual/smoke-median cost ratio 1.22)
[2026-09-26 17:03:07] 1037/1500 ESOL_A_pso_s18 (257s) | elapsed session 6h53m, total 6h53m | ETA 7h15m (actual/smoke-median cost ratio 1.21)
[2026-09-26 17:03:31] 1038/1500 ESOL_A_pso_s11 (861s) | elapsed session 6h54m, total 6h54m | ETA 7h14m (actual/smoke-median cost ratio 1.22)
[2026-09-26 17:05:28] 1039/1500 ESOL_A_pso_s22 (268s) | elapsed session 6h56m, total 6h56m | ETA 7h13m (actual/smoke-median cost ratio 1.21)
[2026-09-26 17:06:38] 1040/1500 ESOL_A_pso_s19 (447s) | elapsed session 6h57m, total 6h57m | ETA 7h12m (actual/smoke-median cost ratio 1.21)
[2026-09-26 17:06:59] 1041/1500 ESOL_A_pso_s20 (454s) | elapsed session 6h57m, total 6h57m | ETA 7h11m (actual/smoke-median cost ratio 1.21)
[2026-09-26 17:08:50] 1042/1500 ESOL_A_pso_s16 (1044s) | elapsed session 6h59m, total 6h59m | ETA 7h10m (actual/smoke-median cost ratio 1.21)
[2026-09-26 17:09:09] 1043/1500 ESOL_A_pso_s25 (370s) | elapsed session 6h59m, total 6h59m | ETA 7h09m (actual/smoke-median cost ratio 1.21)
[2026-09-26 17:09:20] 1044/1500 ESOL_A_pso_s27 (349s) | elapsed session 6h59m, total 6h59m | ETA 7h08m (actual/smoke-median cost ratio 1.21)
[2026-09-26 17:10:32] 1045/1500 ESOL_B_random_s0 (213s) | elapsed session 7h01m, total 7h01m | ETA 7h07m (actual/smoke-median cost ratio 1.21)
[2026-09-26 17:11:51] 1046/1500 ESOL_A_pso_s21 (704s) | elapsed session 7h02m, total 7h02m | ETA 7h06m (actual/smoke-median cost ratio 1.21)
[2026-09-26 17:12:27] 1047/1500 ESOL_A_pso_s23 (686s) | elapsed session 7h03m, total 7h03m | ETA 7h06m (actual/smoke-median cost ratio 1.21)
[2026-09-26 17:12:36] 1048/1500 ESOL_B_random_s3 (196s) | elapsed session 7h03m, total 7h03m | ETA 7h05m (actual/smoke-median cost ratio 1.21)
[2026-09-26 17:12:52] 1049/1500 ESOL_B_random_s2 (223s) | elapsed session 7h03m, total 7h03m | ETA 7h05m (actual/smoke-median cost ratio 1.21)
[2026-09-26 17:13:01] 1050/1500 ESOL_B_random_s1 (251s) | elapsed session 7h03m, total 7h03m | ETA 7h04m (actual/smoke-median cost ratio 1.21)
[2026-09-26 17:13:01] --- checkpoint at 1050 runs: median fit time per call, actual vs smoke estimate ---
[2026-09-26 17:13:01]     BBBP          A: actual   1.92 s (n=14503) | smoke   1.98 s | ratio 0.97
[2026-09-26 17:13:01]     BBBP          B: actual   0.88 s (n=14493) | smoke   0.77 s | ratio 1.13
[2026-09-26 17:13:01]     FreeSolv      A: actual   1.08 s (n=14462) | smoke   1.92 s | ratio 0.56
[2026-09-26 17:13:01]     FreeSolv      B: actual   0.72 s (n=14497) | smoke   0.95 s | ratio 0.76
[2026-09-26 17:13:01]     BACE          A: actual   1.89 s (n=14487) | smoke   1.80 s | ratio 1.05
[2026-09-26 17:13:01]     BACE          B: actual   0.94 s (n=14514) | smoke   1.48 s | ratio 0.63
[2026-09-26 17:13:01]     ESOL          A: actual   4.28 s (n=14098) | smoke   4.78 s | ratio 0.89
[2026-09-26 17:13:01]     ESOL          B: actual   1.40 s (n=400) | smoke   2.07 s | ratio 0.68
[2026-09-26 17:13:10] 1051/1500 ESOL_A_pso_s29 (392s) | elapsed session 7h03m, total 7h03m | ETA 7h03m (actual/smoke-median cost ratio 1.21)
[2026-09-26 17:13:14] 1052/1500 ESOL_A_pso_s24 (625s) | elapsed session 7h03m, total 7h03m | ETA 7h02m (actual/smoke-median cost ratio 1.21)
[2026-09-26 17:13:26] 1053/1500 ESOL_A_pso_s26 (619s) | elapsed session 7h04m, total 7h04m | ETA 7h01m (actual/smoke-median cost ratio 1.21)
[2026-09-26 17:14:58] 1054/1500 ESOL_B_random_s4 (266s) | elapsed session 7h05m, total 7h05m | ETA 7h01m (actual/smoke-median cost ratio 1.21)
[2026-09-26 17:15:32] 1055/1500 ESOL_B_random_s6 (185s) | elapsed session 7h06m, total 7h06m | ETA 7h00m (actual/smoke-median cost ratio 1.21)
[2026-09-26 17:15:51] 1056/1500 ESOL_B_random_s5 (240s) | elapsed session 7h06m, total 7h06m | ETA 7h00m (actual/smoke-median cost ratio 1.21)
[2026-09-26 17:16:51] 1057/1500 ESOL_B_random_s8 (239s) | elapsed session 7h07m, total 7h07m | ETA 6h59m (actual/smoke-median cost ratio 1.21)
[2026-09-26 17:16:51] 1058/1500 ESOL_B_random_s10 (221s) | elapsed session 7h07m, total 7h07m | ETA 6h59m (actual/smoke-median cost ratio 1.21)
[2026-09-26 17:16:52] 1059/1500 ESOL_B_random_s7 (255s) | elapsed session 7h07m, total 7h07m | ETA 6h58m (actual/smoke-median cost ratio 1.21)
[2026-09-26 17:17:11] 1060/1500 ESOL_B_random_s12 (224s) | elapsed session 7h07m, total 7h07m | ETA 6h58m (actual/smoke-median cost ratio 1.21)
[2026-09-26 17:17:13] 1061/1500 ESOL_B_random_s11 (239s) | elapsed session 7h07m, total 7h07m | ETA 6h57m (actual/smoke-median cost ratio 1.21)
[2026-09-26 17:17:16] 1062/1500 ESOL_B_random_s9 (255s) | elapsed session 7h07m, total 7h07m | ETA 6h57m (actual/smoke-median cost ratio 1.21)
[2026-09-26 17:18:59] 1063/1500 ESOL_B_random_s13 (241s) | elapsed session 7h09m, total 7h09m | ETA 6h56m (actual/smoke-median cost ratio 1.21)
[2026-09-26 17:20:05] 1064/1500 ESOL_B_random_s14 (273s) | elapsed session 7h10m, total 7h10m | ETA 6h56m (actual/smoke-median cost ratio 1.21)
[2026-09-26 17:20:27] 1065/1500 ESOL_B_random_s16 (216s) | elapsed session 7h11m, total 7h11m | ETA 6h56m (actual/smoke-median cost ratio 1.21)
[2026-09-26 17:20:28] 1066/1500 ESOL_B_random_s15 (276s) | elapsed session 7h11m, total 7h11m | ETA 6h55m (actual/smoke-median cost ratio 1.21)
[2026-09-26 17:20:52] 1067/1500 ESOL_B_random_s17 (241s) | elapsed session 7h11m, total 7h11m | ETA 6h55m (actual/smoke-median cost ratio 1.21)
[2026-09-26 17:20:52] 1068/1500 ESOL_B_random_s18 (240s) | elapsed session 7h11m, total 7h11m | ETA 6h54m (actual/smoke-median cost ratio 1.21)
[2026-09-26 17:20:56] 1069/1500 ESOL_B_random_s21 (220s) | elapsed session 7h11m, total 7h11m | ETA 6h54m (actual/smoke-median cost ratio 1.21)
[2026-09-26 17:21:22] 1070/1500 ESOL_B_random_s19 (252s) | elapsed session 7h12m, total 7h12m | ETA 6h53m (actual/smoke-median cost ratio 1.21)
[2026-09-26 17:22:14] 1071/1500 ESOL_B_random_s20 (300s) | elapsed session 7h12m, total 7h12m | ETA 6h53m (actual/smoke-median cost ratio 1.21)
[2026-09-26 17:23:06] 1072/1500 ESOL_B_random_s22 (247s) | elapsed session 7h13m, total 7h13m | ETA 6h53m (actual/smoke-median cost ratio 1.21)
[2026-09-26 17:23:44] 1073/1500 ESOL_B_random_s23 (219s) | elapsed session 7h14m, total 7h14m | ETA 6h52m (actual/smoke-median cost ratio 1.21)
[2026-09-26 17:23:49] 1074/1500 ESOL_B_random_s24 (202s) | elapsed session 7h14m, total 7h14m | ETA 6h52m (actual/smoke-median cost ratio 1.21)
[2026-09-26 17:24:27] 1075/1500 ESOL_B_random_s25 (239s) | elapsed session 7h15m, total 7h15m | ETA 6h51m (actual/smoke-median cost ratio 1.21)
[2026-09-26 17:24:51] 1076/1500 ESOL_B_random_s26 (240s) | elapsed session 7h15m, total 7h15m | ETA 6h51m (actual/smoke-median cost ratio 1.21)
[2026-09-26 17:24:52] 1077/1500 ESOL_B_random_s29 (210s) | elapsed session 7h15m, total 7h15m | ETA 6h50m (actual/smoke-median cost ratio 1.21)
[2026-09-26 17:25:10] 1078/1500 ESOL_B_tpe_s0 (176s) | elapsed session 7h15m, total 7h15m | ETA 6h50m (actual/smoke-median cost ratio 1.21)
[2026-09-26 17:25:14] 1079/1500 ESOL_B_random_s28 (258s) | elapsed session 7h15m, total 7h15m | ETA 6h49m (actual/smoke-median cost ratio 1.21)
[2026-09-26 17:25:36] 1080/1500 ESOL_B_random_s27 (283s) | elapsed session 7h16m, total 7h16m | ETA 6h49m (actual/smoke-median cost ratio 1.21)
[2026-09-26 17:26:07] 1081/1500 ESOL_B_tpe_s2 (143s) | elapsed session 7h16m, total 7h16m | ETA 6h48m (actual/smoke-median cost ratio 1.21)
[2026-09-26 17:27:23] 1082/1500 ESOL_B_tpe_s10 (76s) | elapsed session 7h18m, total 7h18m | ETA 6h47m (actual/smoke-median cost ratio 1.21)
[2026-09-26 17:27:31] 1083/1500 ESOL_B_tpe_s1 (265s) | elapsed session 7h18m, total 7h18m | ETA 6h47m (actual/smoke-median cost ratio 1.21)
[2026-09-26 17:28:38] 1084/1500 ESOL_B_tpe_s7 (209s) | elapsed session 7h19m, total 7h19m | ETA 6h46m (actual/smoke-median cost ratio 1.21)
[2026-09-26 17:28:55] 1085/1500 ESOL_B_tpe_s3 (306s) | elapsed session 7h19m, total 7h19m | ETA 6h46m (actual/smoke-median cost ratio 1.21)
[2026-09-26 17:29:09] 1086/1500 ESOL_B_tpe_s6 (257s) | elapsed session 7h19m, total 7h19m | ETA 6h46m (actual/smoke-median cost ratio 1.21)
[2026-09-26 17:30:13] 1087/1500 ESOL_B_tpe_s5 (321s) | elapsed session 7h20m, total 7h20m | ETA 6h45m (actual/smoke-median cost ratio 1.21)
[2026-09-26 17:30:21] 1088/1500 ESOL_B_tpe_s8 (306s) | elapsed session 7h20m, total 7h20m | ETA 6h45m (actual/smoke-median cost ratio 1.21)
[2026-09-26 17:31:27] 1089/1500 ESOL_B_tpe_s13 (168s) | elapsed session 7h22m, total 7h22m | ETA 6h44m (actual/smoke-median cost ratio 1.21)
[2026-09-26 17:32:13] 1090/1500 ESOL_B_tpe_s11 (291s) | elapsed session 7h22m, total 7h22m | ETA 6h44m (actual/smoke-median cost ratio 1.21)
[2026-09-26 17:32:27] 1091/1500 ESOL_A_pso_s28 (1619s) | elapsed session 7h23m, total 7h23m | ETA 6h45m (actual/smoke-median cost ratio 1.21)
[2026-09-26 17:32:27] 1092/1500 ESOL_B_tpe_s12 (297s) | elapsed session 7h23m, total 7h23m | ETA 6h44m (actual/smoke-median cost ratio 1.21)
[2026-09-26 17:33:53] 1093/1500 ESOL_B_tpe_s9 (498s) | elapsed session 7h24m, total 7h24m | ETA 6h44m (actual/smoke-median cost ratio 1.21)
[2026-09-26 17:33:57] 1094/1500 ESOL_B_tpe_s4 (570s) | elapsed session 7h24m, total 7h24m | ETA 6h44m (actual/smoke-median cost ratio 1.22)
[2026-09-26 17:34:10] 1095/1500 ESOL_B_tpe_s16 (237s) | elapsed session 7h24m, total 7h24m | ETA 6h44m (actual/smoke-median cost ratio 1.22)
[2026-09-26 17:34:20] 1096/1500 ESOL_B_tpe_s14 (325s) | elapsed session 7h24m, total 7h24m | ETA 6h43m (actual/smoke-median cost ratio 1.22)
[2026-09-26 17:36:18] 1097/1500 ESOL_B_tpe_s15 (429s) | elapsed session 7h26m, total 7h26m | ETA 6h43m (actual/smoke-median cost ratio 1.22)
[2026-09-26 17:36:54] 1098/1500 ESOL_B_tpe_s24 (164s) | elapsed session 7h27m, total 7h27m | ETA 6h42m (actual/smoke-median cost ratio 1.22)
[2026-09-26 17:37:54] 1099/1500 ESOL_B_tpe_s18 (387s) | elapsed session 7h28m, total 7h28m | ETA 6h42m (actual/smoke-median cost ratio 1.22)
[2026-09-26 17:38:12] 1100/1500 ESOL_B_tpe_s20 (344s) | elapsed session 7h28m, total 7h28m | ETA 6h42m (actual/smoke-median cost ratio 1.22)
[2026-09-26 17:38:12] --- checkpoint at 1100 runs: median fit time per call, actual vs smoke estimate ---
[2026-09-26 17:38:12]     BBBP          A: actual   1.92 s (n=14503) | smoke   1.98 s | ratio 0.97
[2026-09-26 17:38:12]     BBBP          B: actual   0.88 s (n=14493) | smoke   0.77 s | ratio 1.13
[2026-09-26 17:38:12]     FreeSolv      A: actual   1.08 s (n=14462) | smoke   1.92 s | ratio 0.56
[2026-09-26 17:38:12]     FreeSolv      B: actual   0.72 s (n=14497) | smoke   0.95 s | ratio 0.76
[2026-09-26 17:38:12]     BACE          A: actual   1.89 s (n=14487) | smoke   1.80 s | ratio 1.05
[2026-09-26 17:38:12]     BACE          B: actual   0.94 s (n=14514) | smoke   1.48 s | ratio 0.63
[2026-09-26 17:38:12]     ESOL          A: actual   4.34 s (n=14498) | smoke   4.78 s | ratio 0.91
[2026-09-26 17:38:12]     ESOL          B: actual   1.68 s (n=5000) | smoke   2.07 s | ratio 0.81
[2026-09-26 17:38:13] 1101/1500 ESOL_B_tpe_s21 (346s) | elapsed session 7h28m, total 7h28m | ETA 6h42m (actual/smoke-median cost ratio 1.22)
[2026-09-26 17:38:43] 1102/1500 ESOL_B_tpe_s25 (263s) | elapsed session 7h29m, total 7h29m | ETA 6h41m (actual/smoke-median cost ratio 1.22)
[2026-09-26 17:38:49] 1103/1500 ESOL_B_tpe_s19 (396s) | elapsed session 7h29m, total 7h29m | ETA 6h41m (actual/smoke-median cost ratio 1.22)
[2026-09-26 17:39:13] 1104/1500 ESOL_B_tpe_s17 (532s) | elapsed session 7h29m, total 7h29m | ETA 6h41m (actual/smoke-median cost ratio 1.22)
[2026-09-26 17:40:05] 1105/1500 ESOL_B_gwo_s2 (76s) | elapsed session 7h30m, total 7h30m | ETA 6h40m (actual/smoke-median cost ratio 1.22)
[2026-09-26 17:40:29] 1106/1500 ESOL_B_gwo_s0 (136s) | elapsed session 7h31m, total 7h31m | ETA 6h39m (actual/smoke-median cost ratio 1.22)
[2026-09-26 17:42:19] 1107/1500 ESOL_B_tpe_s29 (248s) | elapsed session 7h32m, total 7h32m | ETA 6h39m (actual/smoke-median cost ratio 1.22)
[2026-09-26 17:42:29] 1108/1500 ESOL_B_tpe_s23 (512s) | elapsed session 7h33m, total 7h33m | ETA 6h39m (actual/smoke-median cost ratio 1.22)
[2026-09-26 17:42:47] 1109/1500 ESOL_B_gwo_s1 (244s) | elapsed session 7h33m, total 7h33m | ETA 6h38m (actual/smoke-median cost ratio 1.22)
[2026-09-26 17:43:14] 1110/1500 ESOL_B_gwo_s4 (188s) | elapsed session 7h33m, total 7h33m | ETA 6h38m (actual/smoke-median cost ratio 1.22)
[2026-09-26 17:43:23] 1111/1500 ESOL_B_tpe_s27 (389s) | elapsed session 7h34m, total 7h34m | ETA 6h38m (actual/smoke-median cost ratio 1.22)
[2026-09-26 17:44:07] 1112/1500 ESOL_B_tpe_s28 (373s) | elapsed session 7h34m, total 7h34m | ETA 6h37m (actual/smoke-median cost ratio 1.22)
[2026-09-26 17:44:09] 1113/1500 ESOL_B_tpe_s22 (616s) | elapsed session 7h34m, total 7h34m | ETA 6h37m (actual/smoke-median cost ratio 1.22)
[2026-09-26 17:44:11] 1114/1500 ESOL_B_gwo_s5 (222s) | elapsed session 7h34m, total 7h34m | ETA 6h37m (actual/smoke-median cost ratio 1.22)
[2026-09-26 17:44:51] 1115/1500 ESOL_B_tpe_s26 (513s) | elapsed session 7h35m, total 7h35m | ETA 6h37m (actual/smoke-median cost ratio 1.22)
[2026-09-26 17:45:17] 1116/1500 ESOL_B_gwo_s10 (114s) | elapsed session 7h35m, total 7h35m | ETA 6h36m (actual/smoke-median cost ratio 1.22)
[2026-09-26 17:45:30] 1117/1500 ESOL_B_gwo_s11 (83s) | elapsed session 7h36m, total 7h36m | ETA 6h36m (actual/smoke-median cost ratio 1.22)
[2026-09-26 17:47:35] 1118/1500 ESOL_B_gwo_s9 (261s) | elapsed session 7h38m, total 7h38m | ETA 6h35m (actual/smoke-median cost ratio 1.22)
[2026-09-26 17:47:36] 1119/1500 ESOL_B_gwo_s7 (307s) | elapsed session 7h38m, total 7h38m | ETA 6h35m (actual/smoke-median cost ratio 1.22)
[2026-09-26 17:47:40] 1120/1500 ESOL_B_gwo_s3 (507s) | elapsed session 7h38m, total 7h38m | ETA 6h35m (actual/smoke-median cost ratio 1.22)
[2026-09-26 17:48:44] 1121/1500 ESOL_B_gwo_s13 (273s) | elapsed session 7h39m, total 7h39m | ETA 6h34m (actual/smoke-median cost ratio 1.22)
[2026-09-26 17:50:36] 1122/1500 ESOL_B_gwo_s16 (306s) | elapsed session 7h41m, total 7h41m | ETA 6h34m (actual/smoke-median cost ratio 1.22)
[2026-09-26 17:51:00] 1123/1500 ESOL_B_gwo_s14 (370s) | elapsed session 7h41m, total 7h41m | ETA 6h34m (actual/smoke-median cost ratio 1.22)
[2026-09-26 17:51:02] 1124/1500 ESOL_B_gwo_s18 (206s) | elapsed session 7h41m, total 7h41m | ETA 6h33m (actual/smoke-median cost ratio 1.22)
[2026-09-26 17:51:51] 1125/1500 ESOL_B_gwo_s15 (395s) | elapsed session 7h42m, total 7h42m | ETA 6h33m (actual/smoke-median cost ratio 1.22)
[2026-09-26 17:52:23] 1126/1500 ESOL_B_gwo_s6 (603s) | elapsed session 7h43m, total 7h43m | ETA 6h33m (actual/smoke-median cost ratio 1.23)
[2026-09-26 17:53:25] 1127/1500 ESOL_B_gwo_s20 (281s) | elapsed session 7h44m, total 7h44m | ETA 6h33m (actual/smoke-median cost ratio 1.23)
[2026-09-26 17:53:29] 1128/1500 ESOL_B_gwo_s19 (348s) | elapsed session 7h44m, total 7h44m | ETA 6h32m (actual/smoke-median cost ratio 1.23)
[2026-09-26 17:54:20] 1129/1500 ESOL_B_gwo_s21 (224s) | elapsed session 7h44m, total 7h44m | ETA 6h32m (actual/smoke-median cost ratio 1.23)
[2026-09-26 17:54:58] 1130/1500 ESOL_B_gwo_s12 (649s) | elapsed session 7h45m, total 7h45m | ETA 6h32m (actual/smoke-median cost ratio 1.23)
[2026-09-26 17:55:12] 1131/1500 ESOL_B_gwo_s24 (201s) | elapsed session 7h45m, total 7h45m | ETA 6h31m (actual/smoke-median cost ratio 1.23)
[2026-09-26 17:56:37] 1132/1500 ESOL_B_woa_s0 (85s) | elapsed session 7h47m, total 7h47m | ETA 6h31m (actual/smoke-median cost ratio 1.23)
[2026-09-26 17:57:50] 1133/1500 ESOL_B_gwo_s27 (262s) | elapsed session 7h48m, total 7h48m | ETA 6h30m (actual/smoke-median cost ratio 1.23)
[2026-09-26 17:58:20] 1134/1500 ESOL_B_gwo_s29 (202s) | elapsed session 7h48m, total 7h48m | ETA 6h30m (actual/smoke-median cost ratio 1.23)
[2026-09-26 17:58:21] 1135/1500 ESOL_B_gwo_s25 (358s) | elapsed session 7h48m, total 7h48m | ETA 6h30m (actual/smoke-median cost ratio 1.23)
[2026-09-26 17:58:34] 1136/1500 ESOL_B_gwo_s28 (254s) | elapsed session 7h49m, total 7h49m | ETA 6h29m (actual/smoke-median cost ratio 1.23)
[2026-09-26 17:58:53] 1137/1500 ESOL_B_gwo_s23 (471s) | elapsed session 7h49m, total 7h49m | ETA 6h29m (actual/smoke-median cost ratio 1.23)
[2026-09-26 17:59:13] 1138/1500 ESOL_B_gwo_s26 (349s) | elapsed session 7h49m, total 7h49m | ETA 6h29m (actual/smoke-median cost ratio 1.23)
[2026-09-26 17:59:24] 1139/1500 ESOL_B_gwo_s22 (503s) | elapsed session 7h50m, total 7h50m | ETA 6h29m (actual/smoke-median cost ratio 1.23)
[2026-09-26 17:59:24] 1140/1500 ESOL_B_gwo_s17 (710s) | elapsed session 7h50m, total 7h50m | ETA 6h29m (actual/smoke-median cost ratio 1.23)
[2026-09-26 17:59:54] 1141/1500 ESOL_B_woa_s2 (124s) | elapsed session 7h50m, total 7h50m | ETA 6h28m (actual/smoke-median cost ratio 1.23)
[2026-09-26 18:00:31] 1142/1500 ESOL_B_woa_s10 (37s) | elapsed session 7h51m, total 7h51m | ETA 6h28m (actual/smoke-median cost ratio 1.23)
[2026-09-26 18:00:37] 1143/1500 ESOL_B_gwo_s8 (1070s) | elapsed session 7h51m, total 7h51m | ETA 6h28m (actual/smoke-median cost ratio 1.23)
[2026-09-26 18:01:28] 1144/1500 ESOL_B_woa_s6 (155s) | elapsed session 7h52m, total 7h52m | ETA 6h28m (actual/smoke-median cost ratio 1.23)
[2026-09-26 18:01:39] 1145/1500 ESOL_B_woa_s1 (302s) | elapsed session 7h52m, total 7h52m | ETA 6h27m (actual/smoke-median cost ratio 1.23)
[2026-09-26 18:01:42] 1146/1500 ESOL_B_woa_s11 (71s) | elapsed session 7h52m, total 7h52m | ETA 6h27m (actual/smoke-median cost ratio 1.23)
[2026-09-26 18:02:09] 1147/1500 ESOL_B_woa_s4 (228s) | elapsed session 7h52m, total 7h52m | ETA 6h26m (actual/smoke-median cost ratio 1.23)
[2026-09-26 18:02:16] 1148/1500 ESOL_B_woa_s9 (171s) | elapsed session 7h52m, total 7h52m | ETA 6h26m (actual/smoke-median cost ratio 1.23)
[2026-09-26 18:02:26] 1149/1500 ESOL_B_woa_s8 (182s) | elapsed session 7h53m, total 7h53m | ETA 6h25m (actual/smoke-median cost ratio 1.23)
[2026-09-26 18:02:46] 1150/1500 ESOL_B_woa_s5 (252s) | elapsed session 7h53m, total 7h53m | ETA 6h25m (actual/smoke-median cost ratio 1.23)
[2026-09-26 18:02:46] --- checkpoint at 1150 runs: median fit time per call, actual vs smoke estimate ---
[2026-09-26 18:02:46]     BBBP          A: actual   1.92 s (n=14503) | smoke   1.98 s | ratio 0.97
[2026-09-26 18:02:46]     BBBP          B: actual   0.88 s (n=14493) | smoke   0.77 s | ratio 1.13
[2026-09-26 18:02:46]     FreeSolv      A: actual   1.08 s (n=14462) | smoke   1.92 s | ratio 0.56
[2026-09-26 18:02:46]     FreeSolv      B: actual   0.72 s (n=14497) | smoke   0.95 s | ratio 0.76
[2026-09-26 18:02:46]     BACE          A: actual   1.89 s (n=14487) | smoke   1.80 s | ratio 1.05
[2026-09-26 18:02:46]     BACE          B: actual   0.94 s (n=14514) | smoke   1.48 s | ratio 0.63
[2026-09-26 18:02:46]     ESOL          A: actual   4.34 s (n=14498) | smoke   4.78 s | ratio 0.91
[2026-09-26 18:02:47]     ESOL          B: actual   2.01 s (n=9655) | smoke   2.07 s | ratio 0.97
[2026-09-26 18:03:04] 1151/1500 ESOL_B_woa_s3 (284s) | elapsed session 7h53m, total 7h53m | ETA 6h24m (actual/smoke-median cost ratio 1.23)
[2026-09-26 18:03:12] 1152/1500 ESOL_B_woa_s15 (90s) | elapsed session 7h53m, total 7h53m | ETA 6h24m (actual/smoke-median cost ratio 1.23)
[2026-09-26 18:03:47] 1153/1500 ESOL_B_woa_s7 (274s) | elapsed session 7h54m, total 7h54m | ETA 6h23m (actual/smoke-median cost ratio 1.23)
[2026-09-26 18:04:09] 1154/1500 ESOL_B_woa_s16 (119s) | elapsed session 7h54m, total 7h54m | ETA 6h22m (actual/smoke-median cost ratio 1.23)
[2026-09-26 18:04:36] 1155/1500 ESOL_B_woa_s21 (84s) | elapsed session 7h55m, total 7h55m | ETA 6h22m (actual/smoke-median cost ratio 1.23)
[2026-09-26 18:04:39] 1156/1500 ESOL_B_woa_s19 (112s) | elapsed session 7h55m, total 7h55m | ETA 6h21m (actual/smoke-median cost ratio 1.23)
[2026-09-26 18:05:56] 1157/1500 ESOL_B_woa_s24 (79s) | elapsed session 7h56m, total 7h56m | ETA 6h21m (actual/smoke-median cost ratio 1.23)
[2026-09-26 18:06:03] 1158/1500 ESOL_B_woa_s13 (275s) | elapsed session 7h56m, total 7h56m | ETA 6h20m (actual/smoke-median cost ratio 1.23)
[2026-09-26 18:06:40] 1159/1500 ESOL_B_woa_s22 (173s) | elapsed session 7h57m, total 7h57m | ETA 6h20m (actual/smoke-median cost ratio 1.23)
[2026-09-26 18:07:18] 1160/1500 ESOL_B_woa_s25 (159s) | elapsed session 7h57m, total 7h57m | ETA 6h19m (actual/smoke-median cost ratio 1.23)
[2026-09-26 18:07:42] 1161/1500 ESOL_B_woa_s20 (278s) | elapsed session 7h58m, total 7h58m | ETA 6h19m (actual/smoke-median cost ratio 1.23)
[2026-09-26 18:09:10] 1162/1500 ESOL_B_pso_s0 (89s) | elapsed session 7h59m, total 7h59m | ETA 6h18m (actual/smoke-median cost ratio 1.23)
[2026-09-26 18:09:31] 1163/1500 ESOL_B_woa_s29 (133s) | elapsed session 8h00m, total 8h00m | ETA 6h17m (actual/smoke-median cost ratio 1.23)
[2026-09-26 18:10:03] 1164/1500 ESOL_B_woa_s23 (354s) | elapsed session 8h00m, total 8h00m | ETA 6h17m (actual/smoke-median cost ratio 1.23)
[2026-09-26 18:11:29] 1165/1500 ESOL_B_pso_s1 (138s) | elapsed session 8h02m, total 8h02m | ETA 6h17m (actual/smoke-median cost ratio 1.23)
[2026-09-26 18:11:30] 1166/1500 ESOL_B_pso_s2 (119s) | elapsed session 8h02m, total 8h02m | ETA 6h16m (actual/smoke-median cost ratio 1.23)
[2026-09-26 18:12:11] 1167/1500 ESOL_B_woa_s18 (585s) | elapsed session 8h02m, total 8h02m | ETA 6h16m (actual/smoke-median cost ratio 1.23)
[2026-09-26 18:12:43] 1168/1500 ESOL_B_pso_s3 (160s) | elapsed session 8h03m, total 8h03m | ETA 6h15m (actual/smoke-median cost ratio 1.23)
[2026-09-26 18:13:18] 1169/1500 ESOL_B_woa_s28 (398s) | elapsed session 8h03m, total 8h03m | ETA 6h15m (actual/smoke-median cost ratio 1.23)
[2026-09-26 18:13:45] 1170/1500 ESOL_B_woa_s27 (462s) | elapsed session 8h04m, total 8h04m | ETA 6h15m (actual/smoke-median cost ratio 1.23)
[2026-09-26 18:13:54] 1171/1500 ESOL_B_pso_s4 (145s) | elapsed session 8h04m, total 8h04m | ETA 6h14m (actual/smoke-median cost ratio 1.23)
[2026-09-26 18:15:07] 1172/1500 ESOL_B_pso_s6 (177s) | elapsed session 8h05m, total 8h05m | ETA 6h14m (actual/smoke-median cost ratio 1.23)
[2026-09-26 18:15:26] 1173/1500 ESOL_B_woa_s12 (888s) | elapsed session 8h06m, total 8h06m | ETA 6h14m (actual/smoke-median cost ratio 1.23)
[2026-09-26 18:16:06] 1174/1500 ESOL_B_pso_s10 (131s) | elapsed session 8h06m, total 8h06m | ETA 6h14m (actual/smoke-median cost ratio 1.23)
[2026-09-26 18:16:45] 1175/1500 ESOL_B_pso_s11 (98s) | elapsed session 8h07m, total 8h07m | ETA 6h13m (actual/smoke-median cost ratio 1.23)
[2026-09-26 18:16:47] 1176/1500 ESOL_B_pso_s8 (209s) | elapsed session 8h07m, total 8h07m | ETA 6h13m (actual/smoke-median cost ratio 1.23)
[2026-09-26 18:17:23] 1177/1500 ESOL_B_pso_s7 (280s) | elapsed session 8h08m, total 8h08m | ETA 6h12m (actual/smoke-median cost ratio 1.23)
[2026-09-26 18:17:32] 1178/1500 ESOL_B_woa_s26 (697s) | elapsed session 8h08m, total 8h08m | ETA 6h12m (actual/smoke-median cost ratio 1.23)
[2026-09-26 18:17:38] 1179/1500 ESOL_B_pso_s5 (368s) | elapsed session 8h08m, total 8h08m | ETA 6h12m (actual/smoke-median cost ratio 1.23)
[2026-09-26 18:18:11] 1180/1500 ESOL_B_pso_s9 (266s) | elapsed session 8h08m, total 8h08m | ETA 6h12m (actual/smoke-median cost ratio 1.23)
[2026-09-26 18:19:07] 1181/1500 ESOL_B_woa_s14 (1048s) | elapsed session 8h09m, total 8h09m | ETA 6h12m (actual/smoke-median cost ratio 1.23)
[2026-09-26 18:19:18] 1182/1500 ESOL_B_woa_s17 (1022s) | elapsed session 8h09m, total 8h09m | ETA 6h13m (actual/smoke-median cost ratio 1.24)
[2026-09-26 18:19:28] 1183/1500 ESOL_B_pso_s15 (161s) | elapsed session 8h10m, total 8h10m | ETA 6h12m (actual/smoke-median cost ratio 1.24)
[2026-09-26 18:20:16] 1184/1500 ESOL_B_pso_s16 (173s) | elapsed session 8h10m, total 8h10m | ETA 6h12m (actual/smoke-median cost ratio 1.24)
[2026-09-26 18:20:51] 1185/1500 ESOL_B_pso_s14 (246s) | elapsed session 8h11m, total 8h11m | ETA 6h11m (actual/smoke-median cost ratio 1.24)
[2026-09-26 18:21:04] 1186/1500 ESOL_B_pso_s21 (107s) | elapsed session 8h11m, total 8h11m | ETA 6h10m (actual/smoke-median cost ratio 1.24)
[2026-09-26 18:21:20] 1187/1500 ESOL_B_pso_s12 (354s) | elapsed session 8h11m, total 8h11m | ETA 6h10m (actual/smoke-median cost ratio 1.24)
[2026-09-26 18:21:55] 1188/1500 ESOL_B_pso_s19 (224s) | elapsed session 8h12m, total 8h12m | ETA 6h10m (actual/smoke-median cost ratio 1.24)
[2026-09-26 18:22:40] 1189/1500 ESOL_B_pso_s13 (395s) | elapsed session 8h13m, total 8h13m | ETA 6h09m (actual/smoke-median cost ratio 1.24)
[2026-09-26 18:23:25] 1190/1500 ESOL_B_pso_s24 (153s) | elapsed session 8h14m, total 8h14m | ETA 6h09m (actual/smoke-median cost ratio 1.24)
[2026-09-26 18:24:27] 1191/1500 ESOL_B_pso_s23 (251s) | elapsed session 8h15m, total 8h15m | ETA 6h08m (actual/smoke-median cost ratio 1.24)
[2026-09-26 18:25:02] 1192/1500 ESOL_B_pso_s25 (238s) | elapsed session 8h15m, total 8h15m | ETA 6h08m (actual/smoke-median cost ratio 1.24)
[2026-09-26 18:25:21] 1193/1500 ESOL_B_pso_s20 (374s) | elapsed session 8h15m, total 8h15m | ETA 6h08m (actual/smoke-median cost ratio 1.24)
[2026-09-26 18:26:01] 1194/1500 ESOL_B_pso_s29 (156s) | elapsed session 8h16m, total 8h16m | ETA 6h07m (actual/smoke-median cost ratio 1.24)
[2026-09-26 18:26:16] 1195/1500 ESOL_B_pso_s18 (519s) | elapsed session 8h16m, total 8h16m | ETA 6h07m (actual/smoke-median cost ratio 1.24)
[2026-09-26 18:26:44] 1196/1500 ESOL_B_pso_s22 (436s) | elapsed session 8h17m, total 8h17m | ETA 6h07m (actual/smoke-median cost ratio 1.24)
[2026-09-26 18:26:50] 1197/1500 ESOL_B_pso_s28 (250s) | elapsed session 8h17m, total 8h17m | ETA 6h06m (actual/smoke-median cost ratio 1.24)
[2026-09-26 18:27:56] 1198/1500 ESOL_B_pso_s27 (361s) | elapsed session 8h18m, total 8h18m | ETA 6h06m (actual/smoke-median cost ratio 1.24)
[2026-09-26 18:31:27] 1199/1500 ESOL_B_pso_s26 (607s) | elapsed session 8h22m, total 8h22m | ETA 6h06m (actual/smoke-median cost ratio 1.24)
[2026-09-26 18:33:35] 1200/1500 ESOL_B_pso_s17 (962s) | elapsed session 8h24m, total 8h24m | ETA 6h06m (actual/smoke-median cost ratio 1.24)
[2026-09-26 18:33:35] ESOL complete: 300/300 runs
[2026-09-26 18:33:35] --- checkpoint at 1200 runs: median fit time per call, actual vs smoke estimate ---
[2026-09-26 18:33:35]     BBBP          A: actual   1.92 s (n=14503) | smoke   1.98 s | ratio 0.97
[2026-09-26 18:33:35]     BBBP          B: actual   0.88 s (n=14493) | smoke   0.77 s | ratio 1.13
[2026-09-26 18:33:35]     FreeSolv      A: actual   1.08 s (n=14462) | smoke   1.92 s | ratio 0.56
[2026-09-26 18:33:35]     FreeSolv      B: actual   0.72 s (n=14497) | smoke   0.95 s | ratio 0.76
[2026-09-26 18:33:35]     BACE          A: actual   1.89 s (n=14487) | smoke   1.80 s | ratio 1.05
[2026-09-26 18:33:35]     BACE          B: actual   0.94 s (n=14514) | smoke   1.48 s | ratio 0.63
[2026-09-26 18:33:35]     ESOL          A: actual   4.34 s (n=14498) | smoke   4.78 s | ratio 0.91
[2026-09-26 18:33:35]     ESOL          B: actual   1.99 s (n=14500) | smoke   2.07 s | ratio 0.96
[2026-09-26 18:52:33] 1201/1500 Lipophilicity_A_random_s5 (1549s) | elapsed session 8h43m, total 8h43m | ETA 6h05m (actual/smoke-median cost ratio 1.24)
[2026-09-26 18:53:08] 1202/1500 Lipophilicity_A_random_s0 (1721s) | elapsed session 8h43m, total 8h43m | ETA 6h04m (actual/smoke-median cost ratio 1.25)
[2026-09-26 18:54:22] 1203/1500 Lipophilicity_A_random_s3 (1702s) | elapsed session 8h45m, total 8h45m | ETA 6h03m (actual/smoke-median cost ratio 1.25)
[2026-09-26 18:58:17] 1204/1500 Lipophilicity_A_random_s2 (1977s) | elapsed session 8h48m, total 8h48m | ETA 6h02m (actual/smoke-median cost ratio 1.25)
[2026-09-26 18:59:14] 1205/1500 Lipophilicity_A_random_s6 (1944s) | elapsed session 8h49m, total 8h49m | ETA 6h02m (actual/smoke-median cost ratio 1.26)
[2026-09-26 19:00:16] 1206/1500 Lipophilicity_A_random_s1 (2114s) | elapsed session 8h50m, total 8h50m | ETA 6h01m (actual/smoke-median cost ratio 1.26)
[2026-09-26 19:00:47] 1207/1500 Lipophilicity_A_random_s8 (1760s) | elapsed session 8h51m, total 8h51m | ETA 6h00m (actual/smoke-median cost ratio 1.26)
[2026-09-26 19:01:09] 1208/1500 Lipophilicity_A_random_s9 (1655s) | elapsed session 8h51m, total 8h51m | ETA 5h59m (actual/smoke-median cost ratio 1.27)
[2026-09-26 19:01:22] 1209/1500 Lipophilicity_A_random_s7 (2006s) | elapsed session 8h51m, total 8h51m | ETA 5h58m (actual/smoke-median cost ratio 1.27)
[2026-09-26 19:02:46] 1210/1500 Lipophilicity_A_random_s4 (2190s) | elapsed session 8h53m, total 8h53m | ETA 5h57m (actual/smoke-median cost ratio 1.27)
[2026-09-26 19:20:51] 1211/1500 Lipophilicity_A_random_s10 (1698s) | elapsed session 9h11m, total 9h11m | ETA 5h56m (actual/smoke-median cost ratio 1.28)
[2026-09-26 19:25:53] 1212/1500 Lipophilicity_A_random_s11 (1965s) | elapsed session 9h16m, total 9h16m | ETA 5h55m (actual/smoke-median cost ratio 1.28)
[2026-09-26 19:28:05] 1213/1500 Lipophilicity_A_random_s13 (1787s) | elapsed session 9h18m, total 9h18m | ETA 5h54m (actual/smoke-median cost ratio 1.28)
[2026-09-26 19:30:36] 1214/1500 Lipophilicity_A_random_s15 (1820s) | elapsed session 9h21m, total 9h21m | ETA 5h53m (actual/smoke-median cost ratio 1.29)
[2026-09-26 19:32:48] 1215/1500 Lipophilicity_A_random_s14 (2013s) | elapsed session 9h23m, total 9h23m | ETA 5h52m (actual/smoke-median cost ratio 1.29)
[2026-09-26 19:34:21] 1216/1500 Lipophilicity_A_random_s16 (2015s) | elapsed session 9h24m, total 9h24m | ETA 5h51m (actual/smoke-median cost ratio 1.29)
[2026-09-26 19:34:45] 1217/1500 Lipophilicity_A_random_s19 (1919s) | elapsed session 9h25m, total 9h25m | ETA 5h50m (actual/smoke-median cost ratio 1.30)
[2026-09-26 19:35:00] 1218/1500 Lipophilicity_A_random_s18 (2018s) | elapsed session 9h25m, total 9h25m | ETA 5h49m (actual/smoke-median cost ratio 1.30)
[2026-09-26 19:36:25] 1219/1500 Lipophilicity_A_random_s12 (2523s) | elapsed session 9h27m, total 9h27m | ETA 5h49m (actual/smoke-median cost ratio 1.30)
[2026-09-26 19:37:15] 1220/1500 Lipophilicity_A_random_s17 (2166s) | elapsed session 9h27m, total 9h27m | ETA 5h48m (actual/smoke-median cost ratio 1.31)
[2026-09-26 19:49:28] 1221/1500 Lipophilicity_A_random_s20 (1717s) | elapsed session 9h40m, total 9h40m | ETA 5h47m (actual/smoke-median cost ratio 1.31)
[2026-09-26 19:55:53] 1222/1500 Lipophilicity_A_random_s21 (1801s) | elapsed session 9h46m, total 9h46m | ETA 5h46m (actual/smoke-median cost ratio 1.31)
[2026-09-26 20:01:06] 1223/1500 Lipophilicity_A_random_s24 (1698s) | elapsed session 9h51m, total 9h51m | ETA 5h44m (actual/smoke-median cost ratio 1.32)
[2026-09-26 20:01:43] 1224/1500 Lipophilicity_A_random_s22 (2018s) | elapsed session 9h52m, total 9h52m | ETA 5h43m (actual/smoke-median cost ratio 1.32)
[2026-09-26 20:02:46] 1225/1500 Lipophilicity_A_random_s23 (1930s) | elapsed session 9h53m, total 9h53m | ETA 5h42m (actual/smoke-median cost ratio 1.32)
[2026-09-26 20:03:36] 1226/1500 Lipophilicity_A_random_s26 (1730s) | elapsed session 9h54m, total 9h54m | ETA 5h41m (actual/smoke-median cost ratio 1.32)
[2026-09-26 20:06:13] 1227/1500 Lipophilicity_A_random_s27 (1873s) | elapsed session 9h56m, total 9h56m | ETA 5h40m (actual/smoke-median cost ratio 1.33)
[2026-09-26 20:09:49] 1228/1500 Lipophilicity_A_random_s25 (2127s) | elapsed session 10h00m, total 10h00m | ETA 5h39m (actual/smoke-median cost ratio 1.33)
[2026-09-26 20:11:14] 1229/1500 Lipophilicity_A_tpe_s0 (1306s) | elapsed session 10h01m, total 10h01m | ETA 5h37m (actual/smoke-median cost ratio 1.33)
[2026-09-26 20:11:57] 1230/1500 Lipophilicity_A_tpe_s1 (963s) | elapsed session 10h02m, total 10h02m | ETA 5h35m (actual/smoke-median cost ratio 1.33)
[2026-09-26 20:14:07] 1231/1500 Lipophilicity_A_random_s28 (2262s) | elapsed session 10h04m, total 10h04m | ETA 5h34m (actual/smoke-median cost ratio 1.33)
[2026-09-26 20:14:32] 1232/1500 Lipophilicity_A_random_s29 (2237s) | elapsed session 10h05m, total 10h05m | ETA 5h33m (actual/smoke-median cost ratio 1.34)
[2026-09-26 20:15:38] 1233/1500 Lipophilicity_A_tpe_s5 (723s) | elapsed session 10h06m, total 10h06m | ETA 5h31m (actual/smoke-median cost ratio 1.34)
[2026-09-26 20:28:44] 1234/1500 Lipophilicity_A_tpe_s3 (1621s) | elapsed session 10h19m, total 10h19m | ETA 5h29m (actual/smoke-median cost ratio 1.34)
[2026-09-26 20:35:06] 1235/1500 Lipophilicity_A_tpe_s4 (1940s) | elapsed session 10h25m, total 10h25m | ETA 5h28m (actual/smoke-median cost ratio 1.34)
[2026-09-26 20:43:03] 1236/1500 Lipophilicity_A_tpe_s8 (1909s) | elapsed session 10h33m, total 10h33m | ETA 5h27m (actual/smoke-median cost ratio 1.34)
[2026-09-26 20:48:06] 1237/1500 Lipophilicity_A_tpe_s10 (2039s) | elapsed session 10h38m, total 10h38m | ETA 5h26m (actual/smoke-median cost ratio 1.35)
[2026-09-26 20:49:03] 1238/1500 Lipophilicity_A_tpe_s14 (837s) | elapsed session 10h39m, total 10h39m | ETA 5h23m (actual/smoke-median cost ratio 1.35)
[2026-09-26 20:52:14] 1239/1500 Lipophilicity_A_tpe_s12 (2196s) | elapsed session 10h42m, total 10h42m | ETA 5h22m (actual/smoke-median cost ratio 1.35)
[2026-09-26 20:57:59] 1240/1500 Lipophilicity_A_tpe_s11 (2608s) | elapsed session 10h48m, total 10h48m | ETA 5h22m (actual/smoke-median cost ratio 1.36)
[2026-09-26 21:05:28] 1241/1500 Lipophilicity_A_tpe_s13 (2204s) | elapsed session 10h56m, total 10h56m | ETA 5h20m (actual/smoke-median cost ratio 1.36)
[2026-09-26 21:06:38] 1242/1500 Lipophilicity_A_tpe_s18 (864s) | elapsed session 10h57m, total 10h57m | ETA 5h18m (actual/smoke-median cost ratio 1.36)
[2026-09-26 21:06:55] 1243/1500 Lipophilicity_A_tpe_s6 (3641s) | elapsed session 10h57m, total 10h57m | ETA 5h18m (actual/smoke-median cost ratio 1.37)
[2026-09-26 21:07:24] 1244/1500 Lipophilicity_A_tpe_s17 (1101s) | elapsed session 10h58m, total 10h58m | ETA 5h16m (actual/smoke-median cost ratio 1.37)
[2026-09-26 21:14:16] 1245/1500 Lipophilicity_A_tpe_s19 (977s) | elapsed session 11h04m, total 11h04m | ETA 5h14m (actual/smoke-median cost ratio 1.37)
[2026-09-26 21:16:48] 1246/1500 Lipophilicity_A_tpe_s9 (3892s) | elapsed session 11h07m, total 11h07m | ETA 5h14m (actual/smoke-median cost ratio 1.38)
[2026-09-26 21:17:29] 1247/1500 Lipophilicity_A_tpe_s21 (651s) | elapsed session 11h08m, total 11h08m | ETA 5h12m (actual/smoke-median cost ratio 1.37)
[2026-09-26 21:18:58] 1248/1500 Lipophilicity_A_tpe_s2 (4672s) | elapsed session 11h09m, total 11h09m | ETA 5h13m (actual/smoke-median cost ratio 1.39)
[2026-09-26 21:21:19] 1249/1500 Lipophilicity_A_tpe_s7 (4291s) | elapsed session 11h11m, total 11h11m | ETA 5h13m (actual/smoke-median cost ratio 1.40)
[2026-09-26 21:30:09] 1250/1500 Lipophilicity_A_tpe_s22 (1395s) | elapsed session 11h20m, total 11h20m | ETA 5h11m (actual/smoke-median cost ratio 1.40)
[2026-09-26 21:30:09] --- checkpoint at 1250 runs: median fit time per call, actual vs smoke estimate ---
[2026-09-26 21:30:09]     BBBP          A: actual   1.92 s (n=14503) | smoke   1.98 s | ratio 0.97
[2026-09-26 21:30:09]     BBBP          B: actual   0.88 s (n=14493) | smoke   0.77 s | ratio 1.13
[2026-09-26 21:30:09]     FreeSolv      A: actual   1.08 s (n=14462) | smoke   1.92 s | ratio 0.56
[2026-09-26 21:30:09]     FreeSolv      B: actual   0.72 s (n=14497) | smoke   0.95 s | ratio 0.76
[2026-09-26 21:30:09]     BACE          A: actual   1.89 s (n=14487) | smoke   1.80 s | ratio 1.05
[2026-09-26 21:30:09]     BACE          B: actual   0.94 s (n=14514) | smoke   1.48 s | ratio 0.63
[2026-09-26 21:30:09]     ESOL          A: actual   4.34 s (n=14498) | smoke   4.78 s | ratio 0.91
[2026-09-26 21:30:09]     ESOL          B: actual   1.99 s (n=14500) | smoke   2.07 s | ratio 0.96
[2026-09-26 21:30:09]     Lipophilicity A: actual  12.73 s (n=5000) | smoke   8.55 s | ratio 1.49
[2026-09-26 21:32:25] 1251/1500 Lipophilicity_A_tpe_s15 (2962s) | elapsed session 11h23m, total 11h23m | ETA 5h11m (actual/smoke-median cost ratio 1.40)
[2026-09-26 21:34:23] 1252/1500 Lipophilicity_A_tpe_s24 (1207s) | elapsed session 11h25m, total 11h25m | ETA 5h09m (actual/smoke-median cost ratio 1.40)
[2026-09-26 21:36:59] 1253/1500 Lipophilicity_A_tpe_s20 (1891s) | elapsed session 11h27m, total 11h27m | ETA 5h07m (actual/smoke-median cost ratio 1.41)
[2026-09-26 21:40:54] 1254/1500 Lipophilicity_A_tpe_s29 (644s) | elapsed session 11h31m, total 11h31m | ETA 5h05m (actual/smoke-median cost ratio 1.40)
[2026-09-26 21:45:43] 1255/1500 Lipophilicity_A_tpe_s26 (1694s) | elapsed session 11h36m, total 11h36m | ETA 5h03m (actual/smoke-median cost ratio 1.41)
[2026-09-26 21:46:47] 1256/1500 Lipophilicity_A_tpe_s16 (3521s) | elapsed session 11h37m, total 11h37m | ETA 5h03m (actual/smoke-median cost ratio 1.41)
[2026-09-26 21:58:55] 1257/1500 Lipophilicity_A_gwo_s0 (1590s) | elapsed session 11h49m, total 11h49m | ETA 5h01m (actual/smoke-median cost ratio 1.41)
[2026-09-26 21:59:27] 1258/1500 Lipophilicity_A_gwo_s2 (1348s) | elapsed session 11h50m, total 11h50m | ETA 4h59m (actual/smoke-median cost ratio 1.42)
[2026-09-26 22:00:15] 1259/1500 Lipophilicity_A_tpe_s28 (2335s) | elapsed session 11h50m, total 11h50m | ETA 4h58m (actual/smoke-median cost ratio 1.42)
[2026-09-26 22:06:46] 1260/1500 Lipophilicity_A_tpe_s27 (2868s) | elapsed session 11h57m, total 11h57m | ETA 4h57m (actual/smoke-median cost ratio 1.42)
[2026-09-26 22:08:44] 1261/1500 Lipophilicity_A_gwo_s4 (1381s) | elapsed session 11h59m, total 11h59m | ETA 4h55m (actual/smoke-median cost ratio 1.43)
[2026-09-26 22:09:43] 1262/1500 Lipophilicity_A_gwo_s1 (2120s) | elapsed session 12h00m, total 12h00m | ETA 4h53m (actual/smoke-median cost ratio 1.43)
[2026-09-26 22:16:54] 1263/1500 Lipophilicity_A_gwo_s3 (2161s) | elapsed session 12h07m, total 12h07m | ETA 4h52m (actual/smoke-median cost ratio 1.43)
[2026-09-26 22:22:30] 1264/1500 Lipophilicity_A_gwo_s5 (2142s) | elapsed session 12h13m, total 12h13m | ETA 4h51m (actual/smoke-median cost ratio 1.43)
[2026-09-26 22:23:04] 1265/1500 Lipophilicity_A_gwo_s9 (978s) | elapsed session 12h13m, total 12h13m | ETA 4h48m (actual/smoke-median cost ratio 1.43)
[2026-09-26 22:24:33] 1266/1500 Lipophilicity_A_gwo_s8 (1458s) | elapsed session 12h15m, total 12h15m | ETA 4h46m (actual/smoke-median cost ratio 1.43)
[2026-09-26 22:24:53] 1267/1500 Lipophilicity_A_tpe_s23 (4649s) | elapsed session 12h15m, total 12h15m | ETA 4h47m (actual/smoke-median cost ratio 1.45)
[2026-09-26 22:25:13] 1268/1500 Lipophilicity_A_gwo_s7 (1546s) | elapsed session 12h15m, total 12h15m | ETA 4h45m (actual/smoke-median cost ratio 1.45)
[2026-09-26 22:26:36] 1269/1500 Lipophilicity_A_gwo_s11 (1013s) | elapsed session 12h17m, total 12h17m | ETA 4h42m (actual/smoke-median cost ratio 1.45)
[2026-09-26 22:32:10] 1270/1500 Lipophilicity_A_gwo_s6 (1995s) | elapsed session 12h22m, total 12h22m | ETA 4h41m (actual/smoke-median cost ratio 1.45)
[2026-09-26 22:34:14] 1271/1500 Lipophilicity_A_gwo_s14 (670s) | elapsed session 12h24m, total 12h24m | ETA 4h38m (actual/smoke-median cost ratio 1.45)
[2026-09-26 22:38:06] 1272/1500 Lipophilicity_A_gwo_s17 (773s) | elapsed session 12h28m, total 12h28m | ETA 4h36m (actual/smoke-median cost ratio 1.44)
[2026-09-26 22:48:22] 1273/1500 Lipophilicity_A_gwo_s16 (1409s) | elapsed session 12h39m, total 12h39m | ETA 4h34m (actual/smoke-median cost ratio 1.45)
[2026-09-26 22:49:56] 1274/1500 Lipophilicity_A_gwo_s12 (1982s) | elapsed session 12h40m, total 12h40m | ETA 4h32m (actual/smoke-median cost ratio 1.45)
[2026-09-26 22:49:59] 1275/1500 Lipophilicity_A_gwo_s18 (1402s) | elapsed session 12h40m, total 12h40m | ETA 4h30m (actual/smoke-median cost ratio 1.45)
[2026-09-26 22:50:37] 1276/1500 Lipophilicity_A_gwo_s19 (1106s) | elapsed session 12h41m, total 12h41m | ETA 4h28m (actual/smoke-median cost ratio 1.45)
[2026-09-26 22:57:45] 1277/1500 Lipophilicity_A_gwo_s15 (1992s) | elapsed session 12h48m, total 12h48m | ETA 4h27m (actual/smoke-median cost ratio 1.45)
[2026-09-26 22:59:24] 1278/1500 Lipophilicity_A_gwo_s21 (1278s) | elapsed session 12h50m, total 12h50m | ETA 4h25m (actual/smoke-median cost ratio 1.45)
[2026-09-26 22:59:55] 1279/1500 Lipophilicity_A_gwo_s10 (3071s) | elapsed session 12h50m, total 12h50m | ETA 4h23m (actual/smoke-median cost ratio 1.46)
[2026-09-26 23:01:05] 1280/1500 Lipophilicity_A_gwo_s22 (763s) | elapsed session 12h51m, total 12h51m | ETA 4h21m (actual/smoke-median cost ratio 1.45)
[2026-09-26 23:01:23] 1281/1500 Lipophilicity_A_tpe_s25 (6275s) | elapsed session 12h52m, total 12h52m | ETA 4h22m (actual/smoke-median cost ratio 1.47)
[2026-09-26 23:01:49] 1282/1500 Lipophilicity_A_gwo_s20 (1655s) | elapsed session 12h52m, total 12h52m | ETA 4h20m (actual/smoke-median cost ratio 1.47)
[2026-09-26 23:06:51] 1283/1500 Lipophilicity_A_gwo_s13 (2661s) | elapsed session 12h57m, total 12h57m | ETA 4h19m (actual/smoke-median cost ratio 1.48)
[2026-09-26 23:17:07] 1284/1500 Lipophilicity_A_woa_s0 (944s) | elapsed session 13h07m, total 13h07m | ETA 4h16m (actual/smoke-median cost ratio 1.48)
[2026-09-26 23:26:00] 1285/1500 Lipophilicity_A_gwo_s24 (2162s) | elapsed session 13h16m, total 13h16m | ETA 4h15m (actual/smoke-median cost ratio 1.48)
[2026-09-26 23:27:19] 1286/1500 Lipophilicity_A_gwo_s29 (1574s) | elapsed session 13h17m, total 13h17m | ETA 4h13m (actual/smoke-median cost ratio 1.48)
[2026-09-26 23:27:35] 1287/1500 Lipophilicity_A_gwo_s27 (1692s) | elapsed session 13h18m, total 13h18m | ETA 4h11m (actual/smoke-median cost ratio 1.48)
[2026-09-26 23:31:20] 1288/1500 Lipophilicity_A_gwo_s23 (2484s) | elapsed session 13h21m, total 13h21m | ETA 4h09m (actual/smoke-median cost ratio 1.48)
[2026-09-26 23:31:44] 1289/1500 Lipophilicity_A_woa_s1 (1794s) | elapsed session 13h22m, total 13h22m | ETA 4h07m (actual/smoke-median cost ratio 1.49)
[2026-09-26 23:34:19] 1290/1500 Lipophilicity_A_woa_s2 (1648s) | elapsed session 13h24m, total 13h24m | ETA 4h05m (actual/smoke-median cost ratio 1.49)
[2026-09-26 23:34:33] 1291/1500 Lipophilicity_A_gwo_s26 (2208s) | elapsed session 13h25m, total 13h25m | ETA 4h04m (actual/smoke-median cost ratio 1.49)
[2026-09-26 23:36:26] 1292/1500 Lipophilicity_A_gwo_s25 (2749s) | elapsed session 13h27m, total 13h27m | ETA 4h02m (actual/smoke-median cost ratio 1.49)
[2026-09-26 23:39:56] 1293/1500 Lipophilicity_A_woa_s3 (1369s) | elapsed session 13h30m, total 13h30m | ETA 4h00m (actual/smoke-median cost ratio 1.49)
[2026-09-26 23:42:55] 1294/1500 Lipophilicity_A_woa_s5 (936s) | elapsed session 13h33m, total 13h33m | ETA 3h58m (actual/smoke-median cost ratio 1.49)
[2026-09-26 23:45:51] 1295/1500 Lipophilicity_A_gwo_s28 (2756s) | elapsed session 13h36m, total 13h36m | ETA 3h56m (actual/smoke-median cost ratio 1.50)
[2026-09-26 23:55:10] 1296/1500 Lipophilicity_A_woa_s11 (1124s) | elapsed session 13h45m, total 13h45m | ETA 3h54m (actual/smoke-median cost ratio 1.50)
[2026-09-26 23:57:09] 1297/1500 Lipophilicity_A_woa_s8 (1525s) | elapsed session 13h47m, total 13h47m | ETA 3h52m (actual/smoke-median cost ratio 1.50)
[2026-09-27 00:01:14] 1298/1500 Lipophilicity_A_woa_s14 (923s) | elapsed session 13h51m, total 13h51m | ETA 3h50m (actual/smoke-median cost ratio 1.50)
[2026-09-27 00:06:38] 1299/1500 Lipophilicity_A_woa_s7 (2119s) | elapsed session 13h57m, total 13h57m | ETA 3h48m (actual/smoke-median cost ratio 1.50)
[2026-09-27 00:14:01] 1300/1500 Lipophilicity_A_woa_s17 (767s) | elapsed session 14h04m, total 14h04m | ETA 3h46m (actual/smoke-median cost ratio 1.50)
[2026-09-27 00:14:01] --- checkpoint at 1300 runs: median fit time per call, actual vs smoke estimate ---
[2026-09-27 00:14:01]     BBBP          A: actual   1.92 s (n=14503) | smoke   1.98 s | ratio 0.97
[2026-09-27 00:14:01]     BBBP          B: actual   0.88 s (n=14493) | smoke   0.77 s | ratio 1.13
[2026-09-27 00:14:01]     FreeSolv      A: actual   1.08 s (n=14462) | smoke   1.92 s | ratio 0.56
[2026-09-27 00:14:01]     FreeSolv      B: actual   0.72 s (n=14497) | smoke   0.95 s | ratio 0.76
[2026-09-27 00:14:01]     BACE          A: actual   1.89 s (n=14487) | smoke   1.80 s | ratio 1.05
[2026-09-27 00:14:01]     BACE          B: actual   0.94 s (n=14514) | smoke   1.48 s | ratio 0.63
[2026-09-27 00:14:01]     ESOL          A: actual   4.34 s (n=14498) | smoke   4.78 s | ratio 0.91
[2026-09-27 00:14:01]     ESOL          B: actual   1.99 s (n=14500) | smoke   2.07 s | ratio 0.96
[2026-09-27 00:14:01]     Lipophilicity A: actual  13.77 s (n=9652) | smoke   8.55 s | ratio 1.61
[2026-09-27 00:16:17] 1301/1500 Lipophilicity_A_woa_s4 (3017s) | elapsed session 14h06m, total 14h06m | ETA 3h44m (actual/smoke-median cost ratio 1.50)
[2026-09-27 00:16:31] 1302/1500 Lipophilicity_A_woa_s10 (2518s) | elapsed session 14h07m, total 14h07m | ETA 3h43m (actual/smoke-median cost ratio 1.51)
[2026-09-27 00:17:41] 1303/1500 Lipophilicity_A_woa_s13 (2087s) | elapsed session 14h08m, total 14h08m | ETA 3h41m (actual/smoke-median cost ratio 1.51)
[2026-09-27 00:19:11] 1304/1500 Lipophilicity_A_woa_s6 (3095s) | elapsed session 14h09m, total 14h09m | ETA 3h39m (actual/smoke-median cost ratio 1.51)
[2026-09-27 00:23:07] 1305/1500 Lipophilicity_A_woa_s12 (2591s) | elapsed session 14h13m, total 14h13m | ETA 3h38m (actual/smoke-median cost ratio 1.52)
[2026-09-27 00:23:57] 1306/1500 Lipophilicity_A_woa_s16 (1609s) | elapsed session 14h14m, total 14h14m | ETA 3h36m (actual/smoke-median cost ratio 1.52)
[2026-09-27 00:25:22] 1307/1500 Lipophilicity_A_woa_s22 (460s) | elapsed session 14h15m, total 14h15m | ETA 3h33m (actual/smoke-median cost ratio 1.52)
[2026-09-27 00:25:26] 1308/1500 Lipophilicity_A_woa_s18 (1128s) | elapsed session 14h16m, total 14h16m | ETA 3h31m (actual/smoke-median cost ratio 1.52)
[2026-09-27 00:26:54] 1309/1500 Lipophilicity_A_woa_s21 (623s) | elapsed session 14h17m, total 14h17m | ETA 3h28m (actual/smoke-median cost ratio 1.51)
[2026-09-27 00:33:40] 1310/1500 Lipophilicity_A_woa_s9 (3561s) | elapsed session 14h24m, total 14h24m | ETA 3h27m (actual/smoke-median cost ratio 1.52)
[2026-09-27 00:34:27] 1311/1500 Lipophilicity_A_woa_s20 (1090s) | elapsed session 14h25m, total 14h25m | ETA 3h25m (actual/smoke-median cost ratio 1.52)
[2026-09-27 00:34:48] 1312/1500 Lipophilicity_A_woa_s25 (651s) | elapsed session 14h25m, total 14h25m | ETA 3h22m (actual/smoke-median cost ratio 1.52)
[2026-09-27 00:40:10] 1313/1500 Lipophilicity_A_woa_s19 (1569s) | elapsed session 14h30m, total 14h30m | ETA 3h20m (actual/smoke-median cost ratio 1.52)
[2026-09-27 00:40:37] 1314/1500 Lipophilicity_A_woa_s24 (1050s) | elapsed session 14h31m, total 14h31m | ETA 3h18m (actual/smoke-median cost ratio 1.52)
[2026-09-27 00:42:06] 1315/1500 Lipophilicity_A_woa_s26 (1005s) | elapsed session 14h32m, total 14h32m | ETA 3h16m (actual/smoke-median cost ratio 1.52)
[2026-09-27 00:42:43] 1316/1500 Lipophilicity_A_woa_s23 (1412s) | elapsed session 14h33m, total 14h33m | ETA 3h14m (actual/smoke-median cost ratio 1.52)
[2026-09-27 00:45:09] 1317/1500 Lipophilicity_A_woa_s29 (689s) | elapsed session 14h35m, total 14h35m | ETA 3h11m (actual/smoke-median cost ratio 1.52)
[2026-09-27 01:04:32] 1318/1500 Lipophilicity_A_pso_s2 (1462s) | elapsed session 14h55m, total 14h55m | ETA 3h09m (actual/smoke-median cost ratio 1.52)
[2026-09-27 01:05:11] 1319/1500 Lipophilicity_A_pso_s0 (1844s) | elapsed session 14h55m, total 14h55m | ETA 3h07m (actual/smoke-median cost ratio 1.52)
[2026-09-27 01:06:44] 1320/1500 Lipophilicity_A_pso_s1 (1916s) | elapsed session 14h57m, total 14h57m | ETA 3h05m (actual/smoke-median cost ratio 1.52)
[2026-09-27 01:07:45] 1321/1500 Lipophilicity_A_woa_s28 (2451s) | elapsed session 14h58m, total 14h58m | ETA 3h03m (actual/smoke-median cost ratio 1.52)
[2026-09-27 01:15:21] 1322/1500 Lipophilicity_A_pso_s5 (1958s) | elapsed session 15h05m, total 15h05m | ETA 3h01m (actual/smoke-median cost ratio 1.52)
[2026-09-27 01:17:43] 1323/1500 Lipophilicity_A_pso_s3 (2226s) | elapsed session 15h08m, total 15h08m | ETA 2h59m (actual/smoke-median cost ratio 1.53)
[2026-09-27 01:21:56] 1324/1500 Lipophilicity_A_woa_s15 (5206s) | elapsed session 15h12m, total 15h12m | ETA 2h59m (actual/smoke-median cost ratio 1.54)
[2026-09-27 01:26:12] 1325/1500 Lipophilicity_A_pso_s4 (2646s) | elapsed session 15h16m, total 15h16m | ETA 2h57m (actual/smoke-median cost ratio 1.54)
[2026-09-27 01:40:01] 1326/1500 Lipophilicity_A_pso_s10 (1936s) | elapsed session 15h30m, total 15h30m | ETA 2h55m (actual/smoke-median cost ratio 1.54)
[2026-09-27 01:40:40] 1327/1500 Lipophilicity_A_pso_s9 (2036s) | elapsed session 15h31m, total 15h31m | ETA 2h53m (actual/smoke-median cost ratio 1.55)
[2026-09-27 01:41:13] 1328/1500 Lipophilicity_A_pso_s11 (1552s) | elapsed session 15h31m, total 15h31m | ETA 2h51m (actual/smoke-median cost ratio 1.55)
[2026-09-27 01:41:47] 1329/1500 Lipophilicity_A_pso_s8 (2196s) | elapsed session 15h32m, total 15h32m | ETA 2h49m (actual/smoke-median cost ratio 1.55)
[2026-09-27 01:44:48] 1330/1500 Lipophilicity_A_pso_s14 (1116s) | elapsed session 15h35m, total 15h35m | ETA 2h46m (actual/smoke-median cost ratio 1.55)
[2026-09-27 01:45:05] 1331/1500 Lipophilicity_A_pso_s7 (2433s) | elapsed session 15h35m, total 15h35m | ETA 2h44m (actual/smoke-median cost ratio 1.55)
[2026-09-27 01:46:24] 1332/1500 Lipophilicity_A_pso_s12 (1721s) | elapsed session 15h37m, total 15h37m | ETA 2h42m (actual/smoke-median cost ratio 1.55)
[2026-09-27 01:47:00] 1333/1500 Lipophilicity_A_pso_s6 (3711s) | elapsed session 15h37m, total 15h37m | ETA 2h41m (actual/smoke-median cost ratio 1.56)
[2026-09-27 01:48:54] 1334/1500 Lipophilicity_A_woa_s27 (5008s) | elapsed session 15h39m, total 15h39m | ETA 2h39m (actual/smoke-median cost ratio 1.57)
[2026-09-27 01:54:38] 1335/1500 Lipophilicity_A_pso_s22 (458s) | elapsed session 15h45m, total 15h45m | ETA 2h37m (actual/smoke-median cost ratio 1.57)
[2026-09-27 01:57:01] 1336/1500 Lipophilicity_A_pso_s13 (2105s) | elapsed session 15h47m, total 15h47m | ETA 2h35m (actual/smoke-median cost ratio 1.57)
[2026-09-27 01:57:19] 1337/1500 Lipophilicity_A_pso_s17 (966s) | elapsed session 15h47m, total 15h47m | ETA 2h33m (actual/smoke-median cost ratio 1.57)
[2026-09-27 02:04:01] 1338/1500 Lipophilicity_A_pso_s21 (1057s) | elapsed session 15h54m, total 15h54m | ETA 2h30m (actual/smoke-median cost ratio 1.57)
[2026-09-27 02:07:50] 1339/1500 Lipophilicity_A_pso_s16 (1630s) | elapsed session 15h58m, total 15h58m | ETA 2h28m (actual/smoke-median cost ratio 1.57)
[2026-09-27 02:09:04] 1340/1500 Lipophilicity_A_pso_s23 (1210s) | elapsed session 15h59m, total 15h59m | ETA 2h26m (actual/smoke-median cost ratio 1.57)
[2026-09-27 02:09:24] 1341/1500 Lipophilicity_A_pso_s18 (1657s) | elapsed session 16h00m, total 16h00m | ETA 2h24m (actual/smoke-median cost ratio 1.57)
[2026-09-27 02:11:24] 1342/1500 Lipophilicity_A_pso_s20 (1579s) | elapsed session 16h02m, total 16h02m | ETA 2h21m (actual/smoke-median cost ratio 1.57)
[2026-09-27 02:15:52] 1343/1500 Lipophilicity_A_pso_s19 (1865s) | elapsed session 16h06m, total 16h06m | ETA 2h19m (actual/smoke-median cost ratio 1.57)
[2026-09-27 02:21:30] 1344/1500 Lipophilicity_A_pso_s26 (1451s) | elapsed session 16h12m, total 16h12m | ETA 2h17m (actual/smoke-median cost ratio 1.57)
[2026-09-27 02:25:49] 1345/1500 Lipophilicity_A_pso_s29 (1005s) | elapsed session 16h16m, total 16h16m | ETA 2h15m (actual/smoke-median cost ratio 1.57)
[2026-09-27 02:26:47] 1346/1500 Lipophilicity_B_random_s0 (1044s) | elapsed session 16h17m, total 16h17m | ETA 2h14m (actual/smoke-median cost ratio 1.57)
[2026-09-27 02:26:56] 1347/1500 Lipophilicity_B_random_s1 (932s) | elapsed session 16h17m, total 16h17m | ETA 2h13m (actual/smoke-median cost ratio 1.57)
[2026-09-27 02:29:23] 1348/1500 Lipophilicity_B_random_s2 (810s) | elapsed session 16h20m, total 16h20m | ETA 2h12m (actual/smoke-median cost ratio 1.57)
[2026-09-27 02:29:35] 1349/1500 Lipophilicity_A_pso_s24 (2098s) | elapsed session 16h20m, total 16h20m | ETA 2h10m (actual/smoke-median cost ratio 1.57)
[2026-09-27 02:34:18] 1350/1500 Lipophilicity_A_pso_s28 (1588s) | elapsed session 16h24m, total 16h24m | ETA 2h08m (actual/smoke-median cost ratio 1.58)
[2026-09-27 02:34:18] --- checkpoint at 1350 runs: median fit time per call, actual vs smoke estimate ---
[2026-09-27 02:34:18]     BBBP          A: actual   1.92 s (n=14503) | smoke   1.98 s | ratio 0.97
[2026-09-27 02:34:18]     BBBP          B: actual   0.88 s (n=14493) | smoke   0.77 s | ratio 1.13
[2026-09-27 02:34:18]     FreeSolv      A: actual   1.08 s (n=14462) | smoke   1.92 s | ratio 0.56
[2026-09-27 02:34:18]     FreeSolv      B: actual   0.72 s (n=14497) | smoke   0.95 s | ratio 0.76
[2026-09-27 02:34:18]     BACE          A: actual   1.89 s (n=14487) | smoke   1.80 s | ratio 1.05
[2026-09-27 02:34:18]     BACE          B: actual   0.94 s (n=14514) | smoke   1.48 s | ratio 0.63
[2026-09-27 02:34:18]     ESOL          A: actual   4.34 s (n=14498) | smoke   4.78 s | ratio 0.91
[2026-09-27 02:34:18]     ESOL          B: actual   1.99 s (n=14500) | smoke   2.07 s | ratio 0.96
[2026-09-27 02:34:18]     Lipophilicity A: actual  14.04 s (n=14210) | smoke   8.55 s | ratio 1.64
[2026-09-27 02:34:18]     Lipophilicity B: actual   5.85 s (n=300) | smoke   3.10 s | ratio 1.89
[2026-09-27 02:36:03] 1351/1500 Lipophilicity_A_pso_s25 (2343s) | elapsed session 16h26m, total 16h26m | ETA 2h06m (actual/smoke-median cost ratio 1.58)
[2026-09-27 02:36:30] 1352/1500 Lipophilicity_A_pso_s27 (1949s) | elapsed session 16h27m, total 16h27m | ETA 2h04m (actual/smoke-median cost ratio 1.58)
[2026-09-27 02:37:23] 1353/1500 Lipophilicity_B_random_s3 (953s) | elapsed session 16h28m, total 16h28m | ETA 2h03m (actual/smoke-median cost ratio 1.58)
[2026-09-27 02:39:20] 1354/1500 Lipophilicity_B_random_s4 (811s) | elapsed session 16h29m, total 16h29m | ETA 2h02m (actual/smoke-median cost ratio 1.58)
[2026-09-27 02:40:25] 1355/1500 Lipophilicity_A_pso_s15 (3624s) | elapsed session 16h31m, total 16h31m | ETA 2h01m (actual/smoke-median cost ratio 1.59)
[2026-09-27 02:42:23] 1356/1500 Lipophilicity_B_random_s6 (927s) | elapsed session 16h33m, total 16h33m | ETA 2h00m (actual/smoke-median cost ratio 1.59)
[2026-09-27 02:42:28] 1357/1500 Lipophilicity_B_random_s7 (785s) | elapsed session 16h33m, total 16h33m | ETA 1h59m (actual/smoke-median cost ratio 1.59)
[2026-09-27 02:43:53] 1358/1500 Lipophilicity_B_random_s5 (1025s) | elapsed session 16h34m, total 16h34m | ETA 1h58m (actual/smoke-median cost ratio 1.59)
[2026-09-27 02:45:11] 1359/1500 Lipophilicity_B_random_s8 (935s) | elapsed session 16h35m, total 16h35m | ETA 1h58m (actual/smoke-median cost ratio 1.59)
[2026-09-27 02:50:03] 1360/1500 Lipophilicity_B_random_s9 (945s) | elapsed session 16h40m, total 16h40m | ETA 1h57m (actual/smoke-median cost ratio 1.59)
[2026-09-27 02:50:08] 1361/1500 Lipophilicity_B_random_s11 (818s) | elapsed session 16h40m, total 16h40m | ETA 1h56m (actual/smoke-median cost ratio 1.59)
[2026-09-27 02:50:22] 1362/1500 Lipophilicity_B_random_s10 (859s) | elapsed session 16h41m, total 16h41m | ETA 1h55m (actual/smoke-median cost ratio 1.60)
[2026-09-27 02:57:12] 1363/1500 Lipophilicity_B_random_s14 (1007s) | elapsed session 16h47m, total 16h47m | ETA 1h55m (actual/smoke-median cost ratio 1.60)
[2026-09-27 02:57:15] 1364/1500 Lipophilicity_B_random_s13 (1075s) | elapsed session 16h47m, total 16h47m | ETA 1h54m (actual/smoke-median cost ratio 1.60)
[2026-09-27 02:57:34] 1365/1500 Lipophilicity_B_random_s16 (906s) | elapsed session 16h48m, total 16h48m | ETA 1h53m (actual/smoke-median cost ratio 1.60)
[2026-09-27 02:58:25] 1366/1500 Lipophilicity_B_random_s12 (1262s) | elapsed session 16h49m, total 16h49m | ETA 1h52m (actual/smoke-median cost ratio 1.60)
[2026-09-27 02:59:19] 1367/1500 Lipophilicity_B_random_s15 (1015s) | elapsed session 16h49m, total 16h49m | ETA 1h52m (actual/smoke-median cost ratio 1.60)
[2026-09-27 02:59:22] 1368/1500 Lipophilicity_B_random_s18 (851s) | elapsed session 16h49m, total 16h49m | ETA 1h51m (actual/smoke-median cost ratio 1.60)
[2026-09-27 03:00:04] 1369/1500 Lipophilicity_B_random_s17 (971s) | elapsed session 16h50m, total 16h50m | ETA 1h50m (actual/smoke-median cost ratio 1.60)
[2026-09-27 03:06:40] 1370/1500 Lipophilicity_B_random_s19 (997s) | elapsed session 16h57m, total 16h57m | ETA 1h49m (actual/smoke-median cost ratio 1.61)
[2026-09-27 03:06:41] 1371/1500 Lipophilicity_B_random_s20 (992s) | elapsed session 16h57m, total 16h57m | ETA 1h49m (actual/smoke-median cost ratio 1.61)
[2026-09-27 03:06:43] 1372/1500 Lipophilicity_B_random_s21 (981s) | elapsed session 16h57m, total 16h57m | ETA 1h48m (actual/smoke-median cost ratio 1.61)
[2026-09-27 03:11:21] 1373/1500 Lipophilicity_B_random_s23 (846s) | elapsed session 17h01m, total 17h01m | ETA 1h47m (actual/smoke-median cost ratio 1.61)
[2026-09-27 03:11:29] 1374/1500 Lipophilicity_B_random_s24 (835s) | elapsed session 17h02m, total 17h02m | ETA 1h46m (actual/smoke-median cost ratio 1.61)
[2026-09-27 03:13:19] 1375/1500 Lipophilicity_B_random_s26 (840s) | elapsed session 17h03m, total 17h03m | ETA 1h46m (actual/smoke-median cost ratio 1.61)
[2026-09-27 03:13:28] 1376/1500 Lipophilicity_B_random_s28 (804s) | elapsed session 17h04m, total 17h04m | ETA 1h45m (actual/smoke-median cost ratio 1.61)
[2026-09-27 03:13:50] 1377/1500 Lipophilicity_B_random_s27 (869s) | elapsed session 17h04m, total 17h04m | ETA 1h44m (actual/smoke-median cost ratio 1.61)
[2026-09-27 03:14:22] 1378/1500 Lipophilicity_B_random_s25 (957s) | elapsed session 17h04m, total 17h04m | ETA 1h43m (actual/smoke-median cost ratio 1.61)
[2026-09-27 03:14:51] 1379/1500 Lipophilicity_B_random_s22 (1059s) | elapsed session 17h05m, total 17h05m | ETA 1h42m (actual/smoke-median cost ratio 1.62)
[2026-09-27 03:21:52] 1380/1500 Lipophilicity_B_tpe_s2 (632s) | elapsed session 17h12m, total 17h12m | ETA 1h42m (actual/smoke-median cost ratio 1.62)
[2026-09-27 03:22:22] 1381/1500 Lipophilicity_B_random_s29 (942s) | elapsed session 17h13m, total 17h13m | ETA 1h41m (actual/smoke-median cost ratio 1.62)
[2026-09-27 03:23:31] 1382/1500 Lipophilicity_B_tpe_s1 (1009s) | elapsed session 17h14m, total 17h14m | ETA 1h40m (actual/smoke-median cost ratio 1.62)
[2026-09-27 03:29:32] 1383/1500 Lipophilicity_B_tpe_s7 (910s) | elapsed session 17h20m, total 17h20m | ETA 1h39m (actual/smoke-median cost ratio 1.62)
[2026-09-27 03:31:13] 1384/1500 Lipophilicity_B_tpe_s10 (531s) | elapsed session 17h21m, total 17h21m | ETA 1h38m (actual/smoke-median cost ratio 1.62)
[2026-09-27 03:32:26] 1385/1500 Lipophilicity_B_tpe_s9 (633s) | elapsed session 17h23m, total 17h23m | ETA 1h38m (actual/smoke-median cost ratio 1.62)
[2026-09-27 03:34:16] 1386/1500 Lipophilicity_B_tpe_s8 (1165s) | elapsed session 17h24m, total 17h24m | ETA 1h37m (actual/smoke-median cost ratio 1.62)
[2026-09-27 03:35:05] 1387/1500 Lipophilicity_B_tpe_s5 (1297s) | elapsed session 17h25m, total 17h25m | ETA 1h36m (actual/smoke-median cost ratio 1.62)
[2026-09-27 03:38:58] 1388/1500 Lipophilicity_B_tpe_s6 (1507s) | elapsed session 17h29m, total 17h29m | ETA 1h35m (actual/smoke-median cost ratio 1.63)
[2026-09-27 03:39:03] 1389/1500 Lipophilicity_B_tpe_s11 (931s) | elapsed session 17h29m, total 17h29m | ETA 1h34m (actual/smoke-median cost ratio 1.63)
[2026-09-27 03:42:10] 1390/1500 Lipophilicity_B_tpe_s12 (758s) | elapsed session 17h32m, total 17h32m | ETA 1h34m (actual/smoke-median cost ratio 1.63)
[2026-09-27 03:43:15] 1391/1500 Lipophilicity_B_tpe_s4 (1796s) | elapsed session 17h33m, total 17h33m | ETA 1h33m (actual/smoke-median cost ratio 1.63)
[2026-09-27 03:46:20] 1392/1500 Lipophilicity_B_tpe_s15 (724s) | elapsed session 17h36m, total 17h36m | ETA 1h32m (actual/smoke-median cost ratio 1.63)
[2026-09-27 03:46:51] 1393/1500 Lipophilicity_B_tpe_s14 (865s) | elapsed session 17h37m, total 17h37m | ETA 1h31m (actual/smoke-median cost ratio 1.63)
[2026-09-27 03:50:35] 1394/1500 Lipophilicity_B_tpe_s0 (2634s) | elapsed session 17h41m, total 17h41m | ETA 1h31m (actual/smoke-median cost ratio 1.64)
[2026-09-27 03:52:56] 1395/1500 Lipophilicity_B_tpe_s16 (1071s) | elapsed session 17h43m, total 17h43m | ETA 1h30m (actual/smoke-median cost ratio 1.64)
[2026-09-27 03:53:08] 1396/1500 Lipophilicity_B_tpe_s3 (2499s) | elapsed session 17h43m, total 17h43m | ETA 1h29m (actual/smoke-median cost ratio 1.64)
[2026-09-27 03:54:04] 1397/1500 Lipophilicity_B_tpe_s21 (464s) | elapsed session 17h44m, total 17h44m | ETA 1h28m (actual/smoke-median cost ratio 1.64)
[2026-09-27 03:55:10] 1398/1500 Lipophilicity_B_tpe_s13 (1437s) | elapsed session 17h45m, total 17h45m | ETA 1h28m (actual/smoke-median cost ratio 1.65)
[2026-09-27 03:56:42] 1399/1500 Lipophilicity_B_tpe_s22 (591s) | elapsed session 17h47m, total 17h47m | ETA 1h27m (actual/smoke-median cost ratio 1.65)
[2026-09-27 03:59:58] 1400/1500 Lipophilicity_B_tpe_s19 (1068s) | elapsed session 17h50m, total 17h50m | ETA 1h26m (actual/smoke-median cost ratio 1.65)
[2026-09-27 03:59:58] --- checkpoint at 1400 runs: median fit time per call, actual vs smoke estimate ---
[2026-09-27 03:59:58]     BBBP          A: actual   1.92 s (n=14503) | smoke   1.98 s | ratio 0.97
[2026-09-27 03:59:58]     BBBP          B: actual   0.88 s (n=14493) | smoke   0.77 s | ratio 1.13
[2026-09-27 03:59:58]     FreeSolv      A: actual   1.08 s (n=14462) | smoke   1.92 s | ratio 0.56
[2026-09-27 03:59:58]     FreeSolv      B: actual   0.72 s (n=14497) | smoke   0.95 s | ratio 0.76
[2026-09-27 03:59:58]     BACE          A: actual   1.89 s (n=14487) | smoke   1.80 s | ratio 1.05
[2026-09-27 03:59:58]     BACE          B: actual   0.94 s (n=14514) | smoke   1.48 s | ratio 0.63
[2026-09-27 03:59:58]     ESOL          A: actual   4.34 s (n=14498) | smoke   4.78 s | ratio 0.91
[2026-09-27 03:59:58]     ESOL          B: actual   1.99 s (n=14500) | smoke   2.07 s | ratio 0.96
[2026-09-27 03:59:58]     Lipophilicity A: actual  14.14 s (n=14510) | smoke   8.55 s | ratio 1.65
[2026-09-27 03:59:58]     Lipophilicity B: actual   6.39 s (n=5000) | smoke   3.10 s | ratio 2.06
[2026-09-27 04:01:12] 1401/1500 Lipophilicity_B_tpe_s17 (1335s) | elapsed session 17h51m, total 17h51m | ETA 1h25m (actual/smoke-median cost ratio 1.65)
[2026-09-27 04:03:17] 1402/1500 Lipophilicity_B_tpe_s26 (553s) | elapsed session 17h53m, total 17h53m | ETA 1h24m (actual/smoke-median cost ratio 1.65)
[2026-09-27 04:04:36] 1403/1500 Lipophilicity_B_tpe_s18 (1534s) | elapsed session 17h55m, total 17h55m | ETA 1h23m (actual/smoke-median cost ratio 1.65)
[2026-09-27 04:04:49] 1404/1500 Lipophilicity_B_tpe_s20 (1294s) | elapsed session 17h55m, total 17h55m | ETA 1h23m (actual/smoke-median cost ratio 1.65)
[2026-09-27 04:04:58] 1405/1500 Lipophilicity_B_tpe_s25 (710s) | elapsed session 17h55m, total 17h55m | ETA 1h22m (actual/smoke-median cost ratio 1.66)
[2026-09-27 04:05:57] 1406/1500 Lipophilicity_B_tpe_s23 (922s) | elapsed session 17h56m, total 17h56m | ETA 1h21m (actual/smoke-median cost ratio 1.66)
[2026-09-27 04:10:23] 1407/1500 Lipophilicity_B_tpe_s27 (913s) | elapsed session 18h01m, total 18h01m | ETA 1h20m (actual/smoke-median cost ratio 1.66)
[2026-09-27 04:12:28] 1408/1500 Lipophilicity_B_gwo_s5 (391s) | elapsed session 18h03m, total 18h03m | ETA 1h19m (actual/smoke-median cost ratio 1.66)
[2026-09-27 04:12:54] 1409/1500 Lipophilicity_B_gwo_s0 (702s) | elapsed session 18h03m, total 18h03m | ETA 1h18m (actual/smoke-median cost ratio 1.66)
[2026-09-27 04:14:00] 1410/1500 Lipophilicity_B_tpe_s28 (1037s) | elapsed session 18h04m, total 18h04m | ETA 1h17m (actual/smoke-median cost ratio 1.66)
[2026-09-27 04:14:52] 1411/1500 Lipophilicity_B_gwo_s2 (616s) | elapsed session 18h05m, total 18h05m | ETA 1h17m (actual/smoke-median cost ratio 1.66)
[2026-09-27 04:18:44] 1412/1500 Lipophilicity_B_tpe_s29 (1125s) | elapsed session 18h09m, total 18h09m | ETA 1h16m (actual/smoke-median cost ratio 1.66)
[2026-09-27 04:20:56] 1413/1500 Lipophilicity_B_gwo_s8 (482s) | elapsed session 18h11m, total 18h11m | ETA 1h15m (actual/smoke-median cost ratio 1.66)
[2026-09-27 04:21:19] 1414/1500 Lipophilicity_B_gwo_s10 (387s) | elapsed session 18h11m, total 18h11m | ETA 1h14m (actual/smoke-median cost ratio 1.66)
[2026-09-27 04:22:31] 1415/1500 Lipophilicity_B_gwo_s9 (511s) | elapsed session 18h13m, total 18h13m | ETA 1h13m (actual/smoke-median cost ratio 1.66)
[2026-09-27 04:22:59] 1416/1500 Lipophilicity_B_tpe_s24 (1803s) | elapsed session 18h13m, total 18h13m | ETA 1h12m (actual/smoke-median cost ratio 1.66)
[2026-09-27 04:23:31] 1417/1500 Lipophilicity_B_gwo_s1 (1215s) | elapsed session 18h14m, total 18h14m | ETA 1h12m (actual/smoke-median cost ratio 1.66)
[2026-09-27 04:25:18] 1418/1500 Lipophilicity_B_gwo_s3 (1229s) | elapsed session 18h15m, total 18h15m | ETA 1h11m (actual/smoke-median cost ratio 1.67)
[2026-09-27 04:25:55] 1419/1500 Lipophilicity_B_gwo_s7 (807s) | elapsed session 18h16m, total 18h16m | ETA 1h10m (actual/smoke-median cost ratio 1.67)
[2026-09-27 04:29:40] 1420/1500 Lipophilicity_B_gwo_s6 (1156s) | elapsed session 18h20m, total 18h20m | ETA 1h09m (actual/smoke-median cost ratio 1.67)
[2026-09-27 04:32:01] 1421/1500 Lipophilicity_B_gwo_s13 (642s) | elapsed session 18h22m, total 18h22m | ETA 1h08m (actual/smoke-median cost ratio 1.67)
[2026-09-27 04:32:06] 1422/1500 Lipophilicity_B_gwo_s14 (575s) | elapsed session 18h22m, total 18h22m | ETA 1h07m (actual/smoke-median cost ratio 1.67)
[2026-09-27 04:33:41] 1423/1500 Lipophilicity_B_gwo_s4 (1723s) | elapsed session 18h24m, total 18h24m | ETA 1h07m (actual/smoke-median cost ratio 1.67)
[2026-09-27 04:35:07] 1424/1500 Lipophilicity_B_gwo_s11 (983s) | elapsed session 18h25m, total 18h25m | ETA 1h06m (actual/smoke-median cost ratio 1.67)
[2026-09-27 04:36:15] 1425/1500 Lipophilicity_B_gwo_s15 (796s) | elapsed session 18h26m, total 18h26m | ETA 1h05m (actual/smoke-median cost ratio 1.67)
[2026-09-27 04:36:21] 1426/1500 Lipophilicity_B_gwo_s17 (663s) | elapsed session 18h26m, total 18h26m | ETA 1h04m (actual/smoke-median cost ratio 1.67)
[2026-09-27 04:37:26] 1427/1500 Lipophilicity_B_gwo_s21 (321s) | elapsed session 18h28m, total 18h28m | ETA 1h03m (actual/smoke-median cost ratio 1.67)
[2026-09-27 04:40:18] 1428/1500 Lipophilicity_B_gwo_s19 (638s) | elapsed session 18h30m, total 18h30m | ETA 1h02m (actual/smoke-median cost ratio 1.67)
[2026-09-27 04:41:53] 1429/1500 Lipophilicity_B_gwo_s16 (1101s) | elapsed session 18h32m, total 18h32m | ETA 1h02m (actual/smoke-median cost ratio 1.68)
[2026-09-27 04:42:25] 1430/1500 Lipophilicity_B_gwo_s26 (299s) | elapsed session 18h33m, total 18h33m | ETA 1h01m (actual/smoke-median cost ratio 1.68)
[2026-09-27 04:43:37] 1431/1500 Lipophilicity_B_gwo_s25 (436s) | elapsed session 18h34m, total 18h34m | ETA 1h00m (actual/smoke-median cost ratio 1.68)
[2026-09-27 04:47:51] 1432/1500 Lipophilicity_B_gwo_s12 (1615s) | elapsed session 18h38m, total 18h38m | ETA 0h59m (actual/smoke-median cost ratio 1.68)
[2026-09-27 04:49:21] 1433/1500 Lipophilicity_B_gwo_s24 (786s) | elapsed session 18h39m, total 18h39m | ETA 0h58m (actual/smoke-median cost ratio 1.68)
[2026-09-27 04:50:53] 1434/1500 Lipophilicity_B_gwo_s20 (1132s) | elapsed session 18h41m, total 18h41m | ETA 0h57m (actual/smoke-median cost ratio 1.68)
[2026-09-27 04:51:10] 1435/1500 Lipophilicity_B_gwo_s29 (525s) | elapsed session 18h41m, total 18h41m | ETA 0h57m (actual/smoke-median cost ratio 1.68)
[2026-09-27 04:52:11] 1436/1500 Lipophilicity_B_gwo_s23 (1024s) | elapsed session 18h42m, total 18h42m | ETA 0h56m (actual/smoke-median cost ratio 1.68)
[2026-09-27 04:53:32] 1437/1500 Lipophilicity_B_gwo_s28 (699s) | elapsed session 18h44m, total 18h44m | ETA 0h55m (actual/smoke-median cost ratio 1.68)
[2026-09-27 04:55:32] 1438/1500 Lipophilicity_B_woa_s0 (714s) | elapsed session 18h46m, total 18h46m | ETA 0h54m (actual/smoke-median cost ratio 1.68)
[2026-09-27 04:55:57] 1439/1500 Lipophilicity_B_gwo_s27 (939s) | elapsed session 18h46m, total 18h46m | ETA 0h53m (actual/smoke-median cost ratio 1.68)
[2026-09-27 04:58:00] 1440/1500 Lipophilicity_B_gwo_s22 (1459s) | elapsed session 18h48m, total 18h48m | ETA 0h52m (actual/smoke-median cost ratio 1.69)
[2026-09-27 05:01:45] 1441/1500 Lipophilicity_B_woa_s5 (574s) | elapsed session 18h52m, total 18h52m | ETA 0h51m (actual/smoke-median cost ratio 1.69)
[2026-09-27 05:03:14] 1442/1500 Lipophilicity_B_gwo_s18 (2239s) | elapsed session 18h53m, total 18h53m | ETA 0h51m (actual/smoke-median cost ratio 1.69)
[2026-09-27 05:04:06] 1443/1500 Lipophilicity_B_woa_s1 (974s) | elapsed session 18h54m, total 18h54m | ETA 0h50m (actual/smoke-median cost ratio 1.69)
[2026-09-27 05:08:07] 1444/1500 Lipophilicity_B_woa_s8 (730s) | elapsed session 18h58m, total 18h58m | ETA 0h49m (actual/smoke-median cost ratio 1.69)
[2026-09-27 05:09:41] 1445/1500 Lipophilicity_B_woa_s4 (1110s) | elapsed session 19h00m, total 19h00m | ETA 0h48m (actual/smoke-median cost ratio 1.69)
[2026-09-27 05:10:53] 1446/1500 Lipophilicity_B_woa_s9 (774s) | elapsed session 19h01m, total 19h01m | ETA 0h47m (actual/smoke-median cost ratio 1.69)
[2026-09-27 05:11:43] 1447/1500 Lipophilicity_B_woa_s10 (598s) | elapsed session 19h02m, total 19h02m | ETA 0h46m (actual/smoke-median cost ratio 1.69)
[2026-09-27 05:15:32] 1448/1500 Lipophilicity_B_woa_s3 (1479s) | elapsed session 19h06m, total 19h06m | ETA 0h46m (actual/smoke-median cost ratio 1.70)
[2026-09-27 05:17:18] 1449/1500 Lipophilicity_B_woa_s14 (457s) | elapsed session 19h07m, total 19h07m | ETA 0h45m (actual/smoke-median cost ratio 1.70)
[2026-09-27 05:18:07] 1450/1500 Lipophilicity_B_woa_s13 (601s) | elapsed session 19h08m, total 19h08m | ETA 0h44m (actual/smoke-median cost ratio 1.70)
[2026-09-27 05:18:07] --- checkpoint at 1450 runs: median fit time per call, actual vs smoke estimate ---
[2026-09-27 05:18:07]     BBBP          A: actual   1.92 s (n=14503) | smoke   1.98 s | ratio 0.97
[2026-09-27 05:18:07]     BBBP          B: actual   0.88 s (n=14493) | smoke   0.77 s | ratio 1.13
[2026-09-27 05:18:07]     FreeSolv      A: actual   1.08 s (n=14462) | smoke   1.92 s | ratio 0.56
[2026-09-27 05:18:07]     FreeSolv      B: actual   0.72 s (n=14497) | smoke   0.95 s | ratio 0.76
[2026-09-27 05:18:07]     BACE          A: actual   1.89 s (n=14487) | smoke   1.80 s | ratio 1.05
[2026-09-27 05:18:07]     BACE          B: actual   0.94 s (n=14514) | smoke   1.48 s | ratio 0.63
[2026-09-27 05:18:07]     ESOL          A: actual   4.34 s (n=14498) | smoke   4.78 s | ratio 0.91
[2026-09-27 05:18:07]     ESOL          B: actual   1.99 s (n=14500) | smoke   2.07 s | ratio 0.96
[2026-09-27 05:18:07]     Lipophilicity A: actual  14.14 s (n=14510) | smoke   8.55 s | ratio 1.65
[2026-09-27 05:18:07]     Lipophilicity B: actual   6.84 s (n=9646) | smoke   3.10 s | ratio 2.21
[2026-09-27 05:20:10] 1451/1500 Lipophilicity_B_woa_s15 (556s) | elapsed session 19h10m, total 19h10m | ETA 0h43m (actual/smoke-median cost ratio 1.70)
[2026-09-27 05:20:25] 1452/1500 Lipophilicity_B_woa_s2 (1864s) | elapsed session 19h11m, total 19h11m | ETA 0h42m (actual/smoke-median cost ratio 1.70)
[2026-09-27 05:20:45] 1453/1500 Lipophilicity_B_woa_s12 (999s) | elapsed session 19h11m, total 19h11m | ETA 0h41m (actual/smoke-median cost ratio 1.70)
[2026-09-27 05:22:16] 1454/1500 Lipophilicity_B_woa_s7 (1604s) | elapsed session 19h12m, total 19h12m | ETA 0h40m (actual/smoke-median cost ratio 1.70)
[2026-09-27 05:22:43] 1455/1500 Lipophilicity_B_woa_s17 (431s) | elapsed session 19h13m, total 19h13m | ETA 0h40m (actual/smoke-median cost ratio 1.70)
[2026-09-27 05:24:23] 1456/1500 Lipophilicity_B_woa_s21 (238s) | elapsed session 19h15m, total 19h15m | ETA 0h39m (actual/smoke-median cost ratio 1.70)
[2026-09-27 05:25:37] 1457/1500 Lipophilicity_B_woa_s6 (1924s) | elapsed session 19h16m, total 19h16m | ETA 0h38m (actual/smoke-median cost ratio 1.71)
[2026-09-27 05:27:37] 1458/1500 Lipophilicity_B_woa_s24 (294s) | elapsed session 19h18m, total 19h18m | ETA 0h37m (actual/smoke-median cost ratio 1.71)
[2026-09-27 05:28:00] 1459/1500 Lipophilicity_B_woa_s16 (977s) | elapsed session 19h18m, total 19h18m | ETA 0h36m (actual/smoke-median cost ratio 1.71)
[2026-09-27 05:28:26] 1460/1500 Lipophilicity_B_woa_s23 (371s) | elapsed session 19h19m, total 19h19m | ETA 0h35m (actual/smoke-median cost ratio 1.71)
[2026-09-27 05:28:37] 1461/1500 Lipophilicity_B_woa_s11 (1523s) | elapsed session 19h19m, total 19h19m | ETA 0h34m (actual/smoke-median cost ratio 1.71)
[2026-09-27 05:31:29] 1462/1500 Lipophilicity_B_woa_s26 (352s) | elapsed session 19h22m, total 19h22m | ETA 0h33m (actual/smoke-median cost ratio 1.71)
[2026-09-27 05:32:38] 1463/1500 Lipophilicity_B_woa_s20 (748s) | elapsed session 19h23m, total 19h23m | ETA 0h33m (actual/smoke-median cost ratio 1.71)
[2026-09-27 05:32:52] 1464/1500 Lipophilicity_B_woa_s19 (884s) | elapsed session 19h23m, total 19h23m | ETA 0h32m (actual/smoke-median cost ratio 1.71)
[2026-09-27 05:33:09] 1465/1500 Lipophilicity_B_woa_s25 (525s) | elapsed session 19h23m, total 19h23m | ETA 0h31m (actual/smoke-median cost ratio 1.71)
[2026-09-27 05:34:28] 1466/1500 Lipophilicity_B_woa_s22 (823s) | elapsed session 19h25m, total 19h25m | ETA 0h30m (actual/smoke-median cost ratio 1.71)
[2026-09-27 05:34:31] 1467/1500 Lipophilicity_B_woa_s27 (414s) | elapsed session 19h25m, total 19h25m | ETA 0h29m (actual/smoke-median cost ratio 1.71)
[2026-09-27 05:37:10] 1468/1500 Lipophilicity_B_woa_s28 (550s) | elapsed session 19h27m, total 19h27m | ETA 0h28m (actual/smoke-median cost ratio 1.71)
[2026-09-27 05:41:44] 1469/1500 Lipophilicity_B_pso_s0 (788s) | elapsed session 19h32m, total 19h32m | ETA 0h27m (actual/smoke-median cost ratio 1.71)
[2026-09-27 05:43:54] 1470/1500 Lipophilicity_B_pso_s5 (566s) | elapsed session 19h34m, total 19h34m | ETA 0h26m (actual/smoke-median cost ratio 1.71)
[2026-09-27 05:45:53] 1471/1500 Lipophilicity_B_woa_s29 (1046s) | elapsed session 19h36m, total 19h36m | ETA 0h25m (actual/smoke-median cost ratio 1.71)
[2026-09-27 05:46:31] 1472/1500 Lipophilicity_B_woa_s18 (1754s) | elapsed session 19h37m, total 19h37m | ETA 0h25m (actual/smoke-median cost ratio 1.71)
[2026-09-27 05:48:17] 1473/1500 Lipophilicity_B_pso_s1 (1008s) | elapsed session 19h38m, total 19h38m | ETA 0h24m (actual/smoke-median cost ratio 1.72)
[2026-09-27 05:49:01] 1474/1500 Lipophilicity_B_pso_s2 (983s) | elapsed session 19h39m, total 19h39m | ETA 0h23m (actual/smoke-median cost ratio 1.72)
[2026-09-27 05:53:17] 1475/1500 Lipophilicity_B_pso_s8 (692s) | elapsed session 19h43m, total 19h43m | ETA 0h22m (actual/smoke-median cost ratio 1.72)
[2026-09-27 05:54:54] 1476/1500 Lipophilicity_B_pso_s4 (1306s) | elapsed session 19h45m, total 19h45m | ETA 0h21m (actual/smoke-median cost ratio 1.72)
[2026-09-27 05:55:20] 1477/1500 Lipophilicity_B_pso_s3 (1348s) | elapsed session 19h45m, total 19h45m | ETA 0h20m (actual/smoke-median cost ratio 1.72)
[2026-09-27 05:55:21] 1478/1500 Lipophilicity_B_pso_s10 (568s) | elapsed session 19h45m, total 19h45m | ETA 0h19m (actual/smoke-median cost ratio 1.72)
[2026-09-27 05:56:16] 1479/1500 Lipophilicity_B_pso_s6 (1304s) | elapsed session 19h46m, total 19h46m | ETA 0h18m (actual/smoke-median cost ratio 1.72)
[2026-09-27 05:59:18] 1480/1500 Lipophilicity_B_pso_s11 (767s) | elapsed session 19h49m, total 19h49m | ETA 0h17m (actual/smoke-median cost ratio 1.72)
[2026-09-27 05:59:50] 1481/1500 Lipophilicity_B_pso_s9 (956s) | elapsed session 19h50m, total 19h50m | ETA 0h17m (actual/smoke-median cost ratio 1.72)
[2026-09-27 06:03:10] 1482/1500 Lipophilicity_B_pso_s14 (593s) | elapsed session 19h53m, total 19h53m | ETA 0h16m (actual/smoke-median cost ratio 1.72)
[2026-09-27 06:03:49] 1483/1500 Lipophilicity_B_pso_s7 (1599s) | elapsed session 19h54m, total 19h54m | ETA 0h15m (actual/smoke-median cost ratio 1.73)
[2026-09-27 06:07:06] 1484/1500 Lipophilicity_B_pso_s15 (732s) | elapsed session 19h57m, total 19h57m | ETA 0h14m (actual/smoke-median cost ratio 1.73)
[2026-09-27 06:08:40] 1485/1500 Lipophilicity_B_pso_s12 (1223s) | elapsed session 19h59m, total 19h59m | ETA 0h13m (actual/smoke-median cost ratio 1.73)
[2026-09-27 06:09:14] 1486/1500 Lipophilicity_B_pso_s21 (364s) | elapsed session 19h59m, total 19h59m | ETA 0h12m (actual/smoke-median cost ratio 1.73)
[2026-09-27 06:10:56] 1487/1500 Lipophilicity_B_pso_s17 (935s) | elapsed session 20h01m, total 20h01m | ETA 0h11m (actual/smoke-median cost ratio 1.73)
[2026-09-27 06:14:37] 1488/1500 Lipophilicity_B_pso_s16 (1158s) | elapsed session 20h05m, total 20h05m | ETA 0h10m (actual/smoke-median cost ratio 1.73)
[2026-09-27 06:15:16] 1489/1500 Lipophilicity_B_pso_s13 (1575s) | elapsed session 20h05m, total 20h05m | ETA 0h09m (actual/smoke-median cost ratio 1.73)
[2026-09-27 06:15:29] 1490/1500 Lipophilicity_B_pso_s19 (970s) | elapsed session 20h06m, total 20h06m | ETA 0h09m (actual/smoke-median cost ratio 1.73)
[2026-09-27 06:15:45] 1491/1500 Lipophilicity_B_pso_s26 (289s) | elapsed session 20h06m, total 20h06m | ETA 0h08m (actual/smoke-median cost ratio 1.73)
[2026-09-27 06:17:49] 1492/1500 Lipophilicity_B_pso_s20 (1079s) | elapsed session 20h08m, total 20h08m | ETA 0h07m (actual/smoke-median cost ratio 1.74)
[2026-09-27 06:17:58] 1493/1500 Lipophilicity_B_pso_s22 (849s) | elapsed session 20h08m, total 20h08m | ETA 0h06m (actual/smoke-median cost ratio 1.74)
[2026-09-27 06:18:06] 1494/1500 Lipophilicity_B_pso_s23 (659s) | elapsed session 20h08m, total 20h08m | ETA 0h05m (actual/smoke-median cost ratio 1.74)
[2026-09-27 06:18:43] 1495/1500 Lipophilicity_B_pso_s25 (569s) | elapsed session 20h09m, total 20h09m | ETA 0h04m (actual/smoke-median cost ratio 1.74)
[2026-09-27 06:19:28] 1496/1500 Lipophilicity_B_pso_s24 (648s) | elapsed session 20h10m, total 20h10m | ETA 0h03m (actual/smoke-median cost ratio 1.74)
[2026-09-27 06:19:37] 1497/1500 Lipophilicity_B_pso_s27 (300s) | elapsed session 20h10m, total 20h10m | ETA 0h02m (actual/smoke-median cost ratio 1.74)
[2026-09-27 06:19:48] 1498/1500 Lipophilicity_B_pso_s18 (1413s) | elapsed session 20h10m, total 20h10m | ETA 0h01m (actual/smoke-median cost ratio 1.74)
[2026-09-27 06:26:22] 1499/1500 Lipophilicity_B_pso_s28 (666s) | elapsed session 20h16m, total 20h16m | ETA 0h00m (actual/smoke-median cost ratio 1.74)
[2026-09-27 06:27:24] 1500/1500 Lipophilicity_B_pso_s29 (715s) | elapsed session 20h18m, total 20h18m | ETA 0h00m (actual/smoke-median cost ratio 1.74)
[2026-09-27 06:27:24] Lipophilicity complete: 300/300 runs
[2026-09-27 06:27:24] --- checkpoint at 1500 runs: median fit time per call, actual vs smoke estimate ---
[2026-09-27 06:27:24]     BBBP          A: actual   1.92 s (n=14503) | smoke   1.98 s | ratio 0.97
[2026-09-27 06:27:24]     BBBP          B: actual   0.88 s (n=14493) | smoke   0.77 s | ratio 1.13
[2026-09-27 06:27:24]     FreeSolv      A: actual   1.08 s (n=14462) | smoke   1.92 s | ratio 0.56
[2026-09-27 06:27:24]     FreeSolv      B: actual   0.72 s (n=14497) | smoke   0.95 s | ratio 0.76
[2026-09-27 06:27:24]     BACE          A: actual   1.89 s (n=14487) | smoke   1.80 s | ratio 1.05
[2026-09-27 06:27:24]     BACE          B: actual   0.94 s (n=14514) | smoke   1.48 s | ratio 0.63
[2026-09-27 06:27:24]     ESOL          A: actual   4.34 s (n=14498) | smoke   4.78 s | ratio 0.91
[2026-09-27 06:27:24]     ESOL          B: actual   1.99 s (n=14500) | smoke   2.07 s | ratio 0.96
[2026-09-27 06:27:24]     Lipophilicity A: actual  14.14 s (n=14510) | smoke   8.55 s | ratio 1.65
[2026-09-27 06:27:24]     Lipophilicity B: actual   6.90 s (n=14487) | smoke   3.10 s | ratio 2.23
[2026-09-27 06:27:24] === session end: complete | 1500/1500 runs done | failures this session: 0
[2026-09-27 06:27:24] --- checkpoint at 1500 runs: median fit time per call, actual vs smoke estimate ---
[2026-09-27 06:27:24]     BBBP          A: actual   1.92 s (n=14503) | smoke   1.98 s | ratio 0.97
[2026-09-27 06:27:24]     BBBP          B: actual   0.88 s (n=14493) | smoke   0.77 s | ratio 1.13
[2026-09-27 06:27:24]     FreeSolv      A: actual   1.08 s (n=14462) | smoke   1.92 s | ratio 0.56
[2026-09-27 06:27:24]     FreeSolv      B: actual   0.72 s (n=14497) | smoke   0.95 s | ratio 0.76
[2026-09-27 06:27:24]     BACE          A: actual   1.89 s (n=14487) | smoke   1.80 s | ratio 1.05
[2026-09-27 06:27:24]     BACE          B: actual   0.94 s (n=14514) | smoke   1.48 s | ratio 0.63
[2026-09-27 06:27:24]     ESOL          A: actual   4.34 s (n=14498) | smoke   4.78 s | ratio 0.91
[2026-09-27 06:27:24]     ESOL          B: actual   1.99 s (n=14500) | smoke   2.07 s | ratio 0.96
[2026-09-27 06:27:24]     Lipophilicity A: actual  14.14 s (n=14510) | smoke   8.55 s | ratio 1.65
[2026-09-27 06:27:24]     Lipophilicity B: actual   6.90 s (n=14487) | smoke   3.10 s | ratio 2.23
[2026-09-27 06:27:25] ALL RUNS COMPLETE. test summary: .\results\xgb_mh\full\test_summary.csv
